title,body,rating,review_date,reviewer_name,reviewer_email,product_id,product_handle,reply,picture_urls
期待どおりでした,合わせやすくて出番が多そうです。163cmでL、着丈54cm・胸囲90cmは表記どおりでした。ゆとりがあって締めつけ感がありません。色はブルーを選びました。デニムに合わせるだけで決まりました。また色違いも欲しくなりました。,5,2026-04-18 22:13:30 UTC,ノア,embossed-letter-loose-to-1@example.invalid,,embossed-letter-loose-top,,
色味が可愛い,形がきれいで一枚で決まります。171cmでL、着丈54cm・胸囲90cmは表記どおりでした。ルーズなシルエットで体型を拾いません。スカートに合わせると女性らしくなります。期待どおりでした。,5,2026-06-12 09:20:16 UTC,マオ,embossed-letter-loose-to-2@example.invalid,,embossed-letter-loose-top,,
可愛いです,形がきれいで一枚で決まります。165cmでM、着丈53cm・胸囲86cmは表記どおりでした。体のラインがきれいに出ます。色はイエローを選びました。デニムに合わせるだけで決まりました。買ってよかったです。,5,2026-06-25 14:37:58 UTC,ヒナ,sweet-and-spicy-sexy-sli-1@example.invalid,,sweet-and-spicy-sexy-slim-crop-top,,
着心地が良いです,顔まわりが明るく見えます。164cmでM、着丈53cm・胸囲86cmは表記どおりでした。ほどよくフィットしてきれいに見えます。デニムに合わせるだけで決まりました。出番が多くなりそうです。,5,2026-03-02 15:14:15 UTC,ココ,sweet-and-spicy-sexy-sli-2@example.invalid,,sweet-and-spicy-sexy-slim-crop-top,,
色味が可愛い,腰まわりが楽でした。花柄が派手すぎず上品でした。150cmでS、着丈101cm・ウエスト68cmは表記どおりでした。ゆとりがあって締めつけ感がありません。色はレッドを選びました。スニーカーでラフに履いています。期待どおりでした。,5,2026-03-30 05:12:36 UTC,マリン,flower-dots-texture-shor-1@example.invalid,,flower-dots-texture-shorts-trend-loose-pants,,
高見えします,カジュアルすぎず履けます。ドット柄の大きさがちょうど良いです。165cmでM、着丈103cm・ウエスト72cmは表記どおりでした。ルーズなシルエットで体型を拾いません。コンパクトなトップスと相性が良いです。この価格でこの質感なら満足です。,5,2026-05-11 03:06:51 UTC,カレン,flower-dots-texture-shor-2@example.invalid,,flower-dots-texture-shorts-trend-loose-pants,,
買ってよかった,一枚でもインナーとしても使えます。154cmでS、着丈52cm・胸囲82cmは表記どおりでした。色はピンクを選びました。カーディガンと重ねても可愛いです。また色違いも欲しくなりました。,5,2026-06-18 07:36:58 UTC,チヒロ,neckline-tie-camisole-to-1@example.invalid,,neckline-tie-camisole-top,,
可愛いです,重ね着の幅が広がりました。162cmでM、着丈53cm・胸囲86cmは表記どおりでした。ハイウエストのボトムスと合わせています。また色違いも欲しくなりました。,5,2026-07-21 17:46:29 UTC,スミレ,neckline-tie-camisole-to-2@example.invalid,,neckline-tie-camisole-top,,
着心地が良いです,合わせやすくて出番が多そうです。155cmでM、着丈53cm・胸囲86cmは表記どおりでした。色はイエローを選びました。デニムに合わせるだけで決まりました。買ってよかったです。,5,2026-04-10 22:31:19 UTC,マリン,sweet-cute-puppy-t-shirt-1@example.invalid,,sweet-cute-puppy-t-shirt,,
可愛いです,顔まわりが明るく見えます。155cmでM、着丈53cm・胸囲86cmは表記どおりでした。デニムに合わせるだけで決まりました。この価格でこの質感なら満足です。,5,2026-04-05 06:00:10 UTC,イロハ,sweet-cute-puppy-t-shirt-2@example.invalid,,sweet-cute-puppy-t-shirt,,
使いやすいです,合わせやすくて出番が多そうです。153cmでS、着丈52cm・胸囲82cmは表記どおりでした。色はブラックを選びました。スカートに合わせると女性らしくなります。買ってよかったです。,5,2026-07-31 02:03:40 UTC,ナギサ,collage-pattern-sleevele-1@example.invalid,,collage-pattern-sleeveless-top,,
期待どおりでした,形がきれいで一枚で決まります。158cmでS、着丈52cm・胸囲82cmは表記どおりでした。スカートに合わせると女性らしくなります。長く着られそうです。,5,2026-07-30 15:31:02 UTC,ルナ,collage-pattern-sleevele-2@example.invalid,,collage-pattern-sleeveless-top,,
可愛いです,セットでも単品でも使えます。158cmでM、着丈53cm・胸囲86cmは表記どおりでした。体のラインがきれいに出ます。色はレッドチェックを選びました。セットで着ると一気にまとまります。長く着られそうです。,5,2026-04-23 14:12:19 UTC,リコ,slim-croptop-with-chest--1@example.invalid,,slim-croptop-with-chest-pad-set-up,,
使いやすいです,上下揃っているので迷わず着られます。169cmでL、着丈54cm・胸囲90cmは表記どおりでした。体のラインがきれいに出ます。トップスだけ単品でも使えそうです。期待どおりでした。,5,2026-05-11 00:59:08 UTC,シオリ,slim-croptop-with-chest--2@example.invalid,,slim-croptop-with-chest-pad-set-up,,
着心地が良いです,カジュアルすぎず履けます。168cmでL、着丈105cm・ウエスト76cmは表記どおりでした。ゆとりがあって締めつけ感がありません。色はホワイトを選びました。スニーカーでラフに履いています。友達にも聞かれました。,5,2026-04-27 14:35:43 UTC,マリン,drawstring-bucket-pants-1@example.invalid,,drawstring-bucket-pants,,
雰囲気が可愛い,動きやすくて助かります。154cmでS、着丈101cm・ウエスト68cmは表記どおりでした。ゆとりがあって締めつけ感がありません。スニーカーでラフに履いています。リピートしたいと思える一枚です。,5,2026-05-19 11:48:40 UTC,イロハ,drawstring-bucket-pants-2@example.invalid,,drawstring-bucket-pants,,
お気に入りになりました,顔まわりが明るく見えます。デニムの色落ち加減がちょうど良かったです。148cmでS、着丈52cm・胸囲82cmは表記どおりでした。色はイエローを選びました。デニムに合わせるだけで決まりました。リピートしたいと思える一枚です。,5,2026-05-21 12:46:30 UTC,リオ,neck-lace-heart-print-sh-1@example.invalid,,neck-lace-heart-print-short-sleeve-t-shirt,,
高見えします,形がきれいで一枚で決まります。デニムの色落ち加減がちょうど良かったです。168cmでL、着丈54cm・胸囲90cmは表記どおりでした。デニムに合わせるだけで決まりました。この価格でこの質感なら満足です。,5,2026-03-11 08:58:36 UTC,ナギサ,neck-lace-heart-print-sh-2@example.invalid,,neck-lace-heart-print-short-sleeve-t-shirt,,
写真どおりでした,合わせやすくて出番が多そうです。155cmでM、着丈53cm・胸囲86cmは表記どおりでした。色はホワイトを選びました。羽織りものとの相性も良さそうです。また色違いも欲しくなりました。,5,2026-05-31 17:36:20 UTC,エマ,contrasting-two-logo-hal-1@example.invalid,,contrasting-two-logo-halterneck-top,,
買ってよかった,形がきれいで一枚で決まります。159cmでM、着丈53cm・胸囲86cmは表記どおりでした。デニムに合わせるだけで決まりました。リピートしたいと思える一枚です。,5,2026-07-03 14:11:09 UTC,マナ,contrasting-two-logo-hal-2@example.invalid,,contrasting-two-logo-halterneck-top,,
雰囲気が可愛い,形がきれいで一枚で決まります。リボンの位置が可愛くて気に入りました。168cmでL、着丈54cm・胸囲90cmは表記どおりでした。色はホワイトを選びました。スカートに合わせると女性らしくなります。また色違いも欲しくなりました。,5,2026-06-27 01:15:04 UTC,レイ,bow-white-versatile-shor-1@example.invalid,,bow-white-versatile-short-sleeve-t-shirt,,
着心地が良いです,顔まわりが明るく見えます。リボンの位置が可愛くて気に入りました。164cmでM、着丈53cm・胸囲86cmは表記どおりでした。羽織りものとの相性も良さそうです。リピートしたいと思える一枚です。,5,2026-03-30 01:15:19 UTC,ユメ,bow-white-versatile-shor-2@example.invalid,,bow-white-versatile-short-sleeve-t-shirt,,
写真どおりでした,丈感がちょうど良かったです。デニムの色落ち加減がちょうど良かったです。166cmでL、着丈50cm・ウエスト74cmは表記どおりでした。色はデニムブラックを選びました。シンプルなトップスを合わせるだけで成立します。買ってよかったです。,5,2026-05-20 06:22:55 UTC,アヤ,retro-irregular-denim-sk-1@example.invalid,,retro-irregular-denim-skirt,,
使いやすいです,シルエットがきれいに落ちます。レトロな雰囲気が可愛いです。160cmでM、着丈49cm・ウエスト70cmは表記どおりでした。シンプルなトップスを合わせるだけで成立します。買ってよかったです。,5,2026-03-26 18:46:48 UTC,リオ,retro-irregular-denim-sk-2@example.invalid,,retro-irregular-denim-skirt,,
着心地が良いです,一枚で雰囲気が出ます。レトロな雰囲気が可愛いです。159cmでM、着丈49cm・ウエスト70cmは表記どおりでした。色はブラック×レッドを選びました。タイツを合わせれば秋冬もいけそうです。リピートしたいと思える一枚です。,5,2026-07-11 05:18:22 UTC,ソラ,sexy-retro-oil-color-ski-1@example.invalid,,sexy-retro-oil-color-skirt,,
色味が可愛い,丈感がちょうど良かったです。レトロな雰囲気が可愛いです。172cmでL、着丈50cm・ウエスト74cmは表記どおりでした。シンプルなトップスを合わせるだけで成立します。期待どおりでした。,5,2026-04-28 17:03:45 UTC,ココ,sexy-retro-oil-color-ski-2@example.invalid,,sexy-retro-oil-color-skirt,,
期待どおりでした,セットでも単品でも使えます。ストライプの幅がちょうど良いです。163cmでM、着丈103cm・ウエスト72cmは表記どおりでした。色はレッドを選びました。セットで着ると一気にまとまります。期待どおりでした。,5,2026-03-05 08:50:53 UTC,キョウカ,vintage-gym-shorts-and-s-1@example.invalid,,vintage-gym-shorts-and-striped-leggings-set-up,,
リピートしたいです,上下揃っているので迷わず着られます。レトロな雰囲気が可愛いです。154cmでS、着丈101cm・ウエスト68cmは表記どおりでした。小物を足すと印象が変わります。リピートしたいと思える一枚です。,5,2026-03-13 21:12:01 UTC,サキ,vintage-gym-shorts-and-s-2@example.invalid,,vintage-gym-shorts-and-striped-leggings-set-up,,
着心地が良いです,スタイルよく見えます。172cmでL、着丈84cm・ウエスト74cmは表記どおりでした。色はブラックを選びました。羽織りものを足せば長く着られそうです。また色違いも欲しくなりました。,5,2026-06-08 00:29:08 UTC,アオイ,black-bandeau-mermaid-dr-1@example.invalid,,black-bandeau-mermaid-dress,,
可愛いです,シーンを選ばず着られそうです。169cmでL、着丈84cm・ウエスト74cmは表記どおりでした。小物次第で印象を変えられます。期待どおりでした。,5,2026-06-11 10:54:23 UTC,イロハ,black-bandeau-mermaid-dr-2@example.invalid,,black-bandeau-mermaid-dress,,
お気に入りになりました,形がきれいで一枚で決まります。レースの繊細さが写真以上でした。156cmでS、着丈47.5cm・胸囲74cmは表記どおりでした。色はブルーを選びました。スカートに合わせると女性らしくなります。期待どおりでした。,5,2026-04-15 20:58:23 UTC,ヒナ,sweet-spicy-lace-hooded--1@example.invalid,,sweet-spicy-lace-hooded-top,,
丈感がちょうどいい,合わせやすくて出番が多そうです。レースの繊細さが写真以上でした。167cmでL、着丈49.5cm・胸囲82cmは表記どおりでした。スカートに合わせると女性らしくなります。買ってよかったです。,5,2026-03-16 08:28:59 UTC,アンナ,sweet-spicy-lace-hooded--2@example.invalid,,sweet-spicy-lace-hooded-top,,
使いやすいです,合わせやすくて出番が多そうです。149cmでS、着丈52cm・胸囲82cmは表記どおりでした。色はホワイトを選びました。スカートに合わせると女性らしくなります。また色違いも欲しくなりました。,5,2026-06-21 21:47:09 UTC,フウカ,playful-childhood-top-1@example.invalid,,playful-childhood-top,,
丈感がちょうどいい,形がきれいで一枚で決まります。163cmでL、着丈54cm・胸囲90cmは表記どおりでした。スカートに合わせると女性らしくなります。期待どおりでした。,5,2026-03-02 08:09:15 UTC,ハルカ,playful-childhood-top-2@example.invalid,,playful-childhood-top,,
買ってよかった,肩紐の位置がちょうど良かったです。花柄が派手すぎず上品でした。158cmでSを着用してちょうど良かったです。色はブルーを選びました。シャツを羽織って抜け感を出しています。この価格でこの質感なら満足です。,5,2026-06-03 06:11:57 UTC,ミナ,summer-rose-camisole-1@example.invalid,,summer-rose-camisole,,
期待どおりでした,重ね着の幅が広がりました。花柄が派手すぎず上品でした。156cmでSを着用してちょうど良かったです。シャツを羽織って抜け感を出しています。リピートしたいと思える一枚です。,5,2026-06-27 08:03:16 UTC,ルナ,summer-rose-camisole-2@example.invalid,,summer-rose-camisole,,
写真どおりでした,シーンを選ばず着られそうです。ホルターネックで首まわりがすっきり見えます。150cmでS、着丈66.5cm・胸囲84cmは表記どおりでした。色はホワイトを選びました。羽織りものを足せば長く着られそうです。出番が多くなりそうです。,5,2026-03-13 23:58:11 UTC,チヒロ,sweet-summer-halter-dres-1@example.invalid,,sweet-summer-halter-dress,,
丈感がちょうどいい,スタイルよく見えます。ホルターネックで首まわりがすっきり見えます。164cmでM、着丈68cm・胸囲88cmは表記どおりでした。羽織りものを足せば長く着られそうです。友達にも聞かれました。,5,2026-04-10 08:42:24 UTC,トワ,sweet-summer-halter-dres-2@example.invalid,,sweet-summer-halter-dress,,
写真どおりでした,肩紐の位置がちょうど良かったです。155cmでS、着丈52cm・胸囲82cmは表記どおりでした。体のラインがきれいに出ます。色はブルーを選びました。ハイウエストのボトムスと合わせています。出番が多くなりそうです。,5,2026-05-31 01:35:49 UTC,レイ,slim-fit-bustier-camisol-1@example.invalid,,slim-fit-bustier-camisole,,
リピートしたいです,重ね着の幅が広がりました。154cmでS、着丈52cm・胸囲82cmは表記どおりでした。ほどよくフィットしてきれいに見えます。シャツを羽織って抜け感を出しています。長く着られそうです。,5,2026-03-06 10:06:37 UTC,ユキ,slim-fit-bustier-camisol-2@example.invalid,,slim-fit-bustier-camisole,,
リピートしたいです,肩紐の位置がちょうど良かったです。リボンの位置が可愛くて気に入りました。156cmでM、着丈35cm・胸囲70cmは表記どおりでした。色はホワイトを選びました。カーディガンと重ねても可愛いです。また色違いも欲しくなりました。,5,2026-06-22 14:57:20 UTC,ホノカ,summer-bow-camisole-1@example.invalid,,summer-bow-camisole,,
お気に入りになりました,一枚でもインナーとしても使えます。リボンの位置が可愛くて気に入りました。157cmでM、着丈35cm・胸囲70cmは表記どおりでした。ハイウエストのボトムスと合わせています。この価格でこの質感なら満足です。,5,2026-04-24 09:18:59 UTC,チヒロ,summer-bow-camisole-2@example.invalid,,summer-bow-camisole,,
着心地が良いです,形がきれいで一枚で決まります。157cmでM、着丈50cmは表記どおりでした。色はブラックを選びました。スカートに合わせると女性らしくなります。リピートしたいと思える一枚です。,5,2026-04-12 05:15:55 UTC,シオリ,chic-bead-sling-top-1@example.invalid,,chic-bead-sling-top,,
丈感がちょうどいい,合わせやすくて出番が多そうです。158cmでS、着丈49cmは表記どおりでした。スカートに合わせると女性らしくなります。この価格でこの質感なら満足です。,5,2026-04-10 09:34:26 UTC,アイ,chic-bead-sling-top-2@example.invalid,,chic-bead-sling-top,,
買ってよかった,カジュアルすぎず履けます。レースの繊細さが写真以上でした。148cmでS、着丈46.5cm・ウエスト68cmは表記どおりでした。色はホワイトを選びました。ヒールを合わせると綺麗めになります。出番が多くなりそうです。,5,2026-06-11 11:52:44 UTC,ユナ,white-lace-layered-casua-1@example.invalid,,white-lace-layered-casual-shorts,,
雰囲気が可愛い,腰まわりが楽でした。レースの繊細さが写真以上でした。166cmでL、着丈49.5cm・ウエスト76cmは表記どおりでした。スニーカーでラフに履いています。出番が多くなりそうです。,5,2026-08-06 02:02:28 UTC,ルナ,white-lace-layered-casua-2@example.invalid,,white-lace-layered-casual-shorts,,
可愛いです,合わせやすくて出番が多そうです。花柄が派手すぎず上品でした。163cmでM、着丈53cm・胸囲86cmは表記どおりでした。色はホワイトを選びました。スカートに合わせると女性らしくなります。リピートしたいと思える一枚です。,5,2026-06-05 21:49:41 UTC,サキ,summer-rose-top-1@example.invalid,,summer-rose-top,,
買ってよかった,顔まわりが明るく見えます。花柄が派手すぎず上品でした。172cmでL、着丈54cm・胸囲90cmは表記どおりでした。羽織りものとの相性も良さそうです。リピートしたいと思える一枚です。,5,2026-06-03 01:58:39 UTC,エマ,summer-rose-top-2@example.invalid,,summer-rose-top,,
買ってよかった,一枚で雰囲気が出ます。透け感は控えめでインナー次第で調整できます。164cmでFを着用してちょうど良かったです。色はホワイトを選びました。タイツを合わせれば秋冬もいけそうです。出番が多くなりそうです。,5,2026-06-26 21:01:07 UTC,ヒヨリ,sheer-skirt-curtain-1@example.invalid,,sheer-skirt-curtain,,
リピートしたいです,丈感がちょうど良かったです。シアー感が上品で着やすいです。169cmでFを着用してちょうど良かったです。スニーカーでも綺麗めでも合わせられます。出番が多くなりそうです。,5,2026-03-16 06:17:19 UTC,カレン,sheer-skirt-curtain-2@example.invalid,,sheer-skirt-curtain,,
期待どおりでした,顔まわりが明るく見えます。花柄が派手すぎず上品でした。154cmでS、胸囲72cmは表記どおりでした。体のラインがきれいに出ます。色はブルーを選びました。スカートに合わせると女性らしくなります。出番が多くなりそうです。,5,2026-06-26 22:39:14 UTC,ノア,slim-floral-top-1@example.invalid,,slim-floral-top,,
買ってよかった,合わせやすくて出番が多そうです。花柄が派手すぎず上品でした。164cmでL、胸囲80cmは表記どおりでした。ほどよくフィットしてきれいに見えます。スカートに合わせると女性らしくなります。また色違いも欲しくなりました。,5,2026-06-05 22:02:35 UTC,ニナ,slim-floral-top-2@example.invalid,,slim-floral-top,,
写真どおりでした,動きやすくて助かります。レースの繊細さが写真以上でした。159cmでM、ウエスト72cm・総丈48.5cmは表記どおりでした。色はホワイトを選びました。ヒールを合わせると綺麗めになります。期待どおりでした。,5,2026-03-04 20:40:52 UTC,ソラ,summer-lace-shorts-1@example.invalid,,summer-lace-shorts,,
色味が可愛い,腰まわりが楽でした。透け感は控えめでインナー次第で調整できます。167cmでL、ウエスト76cm・総丈49.5cmは表記どおりでした。ヒールを合わせると綺麗めになります。期待どおりでした。,5,2026-06-12 07:59:21 UTC,コハル,summer-lace-shorts-2@example.invalid,,summer-lace-shorts,,
お気に入りになりました,顔まわりが明るく見えます。ドット柄の大きさがちょうど良いです。171cmでL、着丈54cm・胸囲90cmは表記どおりでした。色はレッドを選びました。デニムに合わせるだけで決まりました。出番が多くなりそうです。,5,2026-04-04 20:40:10 UTC,アヤ,summer-polka-dot-halter--1@example.invalid,,summer-polka-dot-halter-top,,
高見えします,形がきれいで一枚で決まります。ホルターネックで首まわりがすっきり見えます。170cmでL、着丈54cm・胸囲90cmは表記どおりでした。羽織りものとの相性も良さそうです。また色違いも欲しくなりました。,5,2026-08-04 17:28:30 UTC,ソラ,summer-polka-dot-halter--2@example.invalid,,summer-polka-dot-halter-top,,
リピートしたいです,一枚で雰囲気が出ます。花柄が派手すぎず上品でした。163cmでM、ウエスト72cm・胸囲97cmは表記どおりでした。色はブルーを選びました。シンプルなトップスを合わせるだけで成立します。長く着られそうです。,5,2026-03-14 18:07:33 UTC,キョウカ,summer-floral-bustier-sk-1@example.invalid,,summer-floral-bustier-skirt,,
着心地が良いです,丈感がちょうど良かったです。花柄が派手すぎず上品でした。155cmでS、ウエスト68cm・胸囲93cmは表記どおりでした。スニーカーでも綺麗めでも合わせられます。長く着られそうです。,5,2026-04-24 20:14:40 UTC,アンナ,summer-floral-bustier-sk-2@example.invalid,,summer-floral-bustier-skirt,,
期待どおりでした,一枚でもインナーとしても使えます。158cmでS、着丈39cmは表記どおりでした。体のラインがきれいに出ます。色はホワイトを選びました。ハイウエストのボトムスと合わせています。長く着られそうです。,5,2026-04-21 18:48:26 UTC,コハル,urban-graffiti-slim-cami-1@example.invalid,,urban-graffiti-slim-camisole,,
着心地が良いです,肩紐の位置がちょうど良かったです。158cmでS、着丈39cmは表記どおりでした。体のラインがきれいに出ます。シャツを羽織って抜け感を出しています。リピートしたいと思える一枚です。,5,2026-06-07 22:50:08 UTC,マオ,urban-graffiti-slim-cami-2@example.invalid,,urban-graffiti-slim-camisole,,
写真どおりでした,重ね着の幅が広がりました。クロシェ編みの質感が可愛いです。163cmでL、着丈76cm・胸囲80cmは表記どおりでした。色はホワイトを選びました。カーディガンと重ねても可愛いです。買ってよかったです。,5,2026-05-09 18:59:44 UTC,ミナ,summer-crochet-camisole-1@example.invalid,,summer-crochet-camisole,,
着心地が良いです,一枚でもインナーとしても使えます。レトロな雰囲気が可愛いです。156cmでS、着丈71cm・胸囲72cmは表記どおりでした。ハイウエストのボトムスと合わせています。友達にも聞かれました。,5,2026-03-18 23:26:09 UTC,ユメ,summer-crochet-camisole-2@example.invalid,,summer-crochet-camisole,,
お気に入りになりました,上下揃っているので迷わず着られます。172cmでL、着丈50cm・ウエスト74cmは表記どおりでした。色はピンクを選びました。セットで着ると一気にまとまります。友達にも聞かれました。,5,2026-03-11 21:28:26 UTC,ユメ,seaside-graffiti-bustier-1@example.invalid,,seaside-graffiti-bustier-skirt-corset-set-up,,
買ってよかった,セットでも単品でも使えます。161cmでM、着丈49cm・ウエスト70cmは表記どおりでした。トップスだけ単品でも使えそうです。この価格でこの質感なら満足です。,5,2026-08-06 05:12:42 UTC,ヒヨリ,seaside-graffiti-bustier-2@example.invalid,,seaside-graffiti-bustier-skirt-corset-set-up,,
買ってよかった,動きやすくて助かります。ドット柄の大きさがちょうど良いです。156cmでS、着丈101cm・ウエスト68cmは表記どおりでした。色はレッドを選びました。コンパクトなトップスと相性が良いです。この価格でこの質感なら満足です。,5,2026-08-02 22:12:23 UTC,トワ,summer-polka-dot-wide-le-1@example.invalid,,summer-polka-dot-wide-leg-pants,,
期待どおりでした,腰まわりが楽でした。ドット柄の大きさがちょうど良いです。162cmでL、着丈105cm・ウエスト76cmは表記どおりでした。スニーカーでラフに履いています。出番が多くなりそうです。,5,2026-05-23 12:17:30 UTC,エマ,summer-polka-dot-wide-le-2@example.invalid,,summer-polka-dot-wide-leg-pants,,
写真どおりでした,肩紐の位置がちょうど良かったです。サテンの光沢が上品でチープに見えません。158cmでS、胸囲75cmは表記どおりでした。色はホワイトを選びました。ハイウエストのボトムスと合わせています。長く着られそうです。,5,2026-04-10 08:24:43 UTC,アカリ,summer-satin-pleated-cam-1@example.invalid,,summer-satin-pleated-camisole,,
期待どおりでした,重ね着の幅が広がりました。プリーツがしっかりついていて動くたびにきれいです。149cmでS、胸囲75cmは表記どおりでした。ハイウエストのボトムスと合わせています。また色違いも欲しくなりました。,5,2026-07-31 15:53:34 UTC,ユイ,summer-satin-pleated-cam-2@example.invalid,,summer-satin-pleated-camisole,,
可愛いです,シルエットがきれいに落ちます。ドット柄の大きさがちょうど良いです。163cmでM、着丈35cm・ウエスト68cmは表記どおりでした。色はレッドを選びました。タイツを合わせれば秋冬もいけそうです。期待どおりでした。,5,2026-05-18 15:32:21 UTC,アカリ,pink-polka-dot-layered-h-1@example.invalid,,pink-polka-dot-layered-half-skirt,,
写真どおりでした,一枚で雰囲気が出ます。ドット柄の大きさがちょうど良いです。160cmでM、着丈35cm・ウエスト68cmは表記どおりでした。スニーカーでも綺麗めでも合わせられます。長く着られそうです。,5,2026-07-12 06:51:44 UTC,エマ,pink-polka-dot-layered-h-2@example.invalid,,pink-polka-dot-layered-half-skirt,,
可愛いです,動きやすくて助かります。フリルのボリュームがちょうど良いです。154cmでS、着丈101cm・ウエスト68cmは表記どおりでした。色はブラックを選びました。スニーカーでラフに履いています。友達にも聞かれました。,5,2026-07-03 05:54:45 UTC,ユメ,ruffle-strappy-shorts-pa-1@example.invalid,,ruffle-strappy-shorts-pants,,
高見えします,腰まわりが楽でした。フリルのボリュームがちょうど良いです。163cmでL、着丈105cm・ウエスト76cmは表記どおりでした。ヒールを合わせると綺麗めになります。リピートしたいと思える一枚です。,5,2026-03-19 03:47:05 UTC,ユキ,ruffle-strappy-shorts-pa-2@example.invalid,,ruffle-strappy-shorts-pants,,
リピートしたいです,肌ざわりが良くてチクチクしません。編み地がしっかりしていて安っぽくありません。167cmでL、着丈56cm・胸囲88cmは表記どおりでした。色はパープルを選びました。パンツでもスカートでも合います。リピートしたいと思える一枚です。,5,2026-05-20 10:27:41 UTC,ナオ,hottie-knit-cut-out-swea-1@example.invalid,,hottie-knit-cut-out-sweater,,
お気に入りになりました,厚すぎず長い期間着られそうです。カットアウトの位置が絶妙でした。172cmでL、着丈56cm・胸囲88cmは表記どおりでした。ロングスカートと合わせるのが気に入っています。この価格でこの質感なら満足です。,5,2026-06-16 08:55:31 UTC,ソラ,hottie-knit-cut-out-swea-2@example.invalid,,hottie-knit-cut-out-sweater,,
可愛いです,セットでも単品でも使えます。デニムの色落ち加減がちょうど良かったです。162cmでM、着丈53cm・胸囲86cmは表記どおりでした。色はチェックを選びました。セットで着ると一気にまとまります。リピートしたいと思える一枚です。,5,2026-05-07 11:17:49 UTC,ユイ,fall-fashion-distressed--1@example.invalid,,fall-fashion-distressed-denim-set-up,,
買ってよかった,上下揃っているので迷わず着られます。ヴィンテージ感のある色味が気に入りました。168cmでL、着丈54cm・胸囲90cmは表記どおりでした。セットで着ると一気にまとまります。この価格でこの質感なら満足です。,5,2026-06-08 01:05:47 UTC,チヒロ,fall-fashion-distressed--2@example.invalid,,fall-fashion-distressed-denim-set-up,,
可愛いです,デザインが可愛くて気分が上がります。156cmでS、胸囲82cmは表記どおりでした。色はブルーを選びました。日焼け対策の羽織りと合わせています。この価格でこの質感なら満足です。,5,2026-05-19 23:23:43 UTC,ユメ,blue-bikini-set-up-1@example.invalid,,blue-bikini-set-up,,
期待どおりでした,羽織りと合わせやすいです。160cmでM、胸囲86cmは表記どおりでした。日焼け対策の羽織りと合わせています。期待どおりでした。,5,2026-07-26 22:04:44 UTC,ユナ,blue-bikini-set-up-2@example.invalid,,blue-bikini-set-up,,
写真どおりでした,上下揃っているので迷わず着られます。チェック柄の色合いが落ち着いていました。148cmでS、着丈48cm・ウエスト66cmは表記どおりでした。色はブルーチェックを選びました。トップスだけ単品でも使えそうです。長く着られそうです。,5,2026-06-13 04:57:20 UTC,ユナ,https-item-taobao-com-it-1@example.invalid,,https-item-taobao-com-item-htm-abbucket-20-id-933993245171,,
使いやすいです,セットでも単品でも使えます。チェック柄の色合いが落ち着いていました。165cmでM、着丈49cm・ウエスト70cmは表記どおりでした。小物を足すと印象が変わります。この価格でこの質感なら満足です。,5,2026-05-25 21:48:16 UTC,フウカ,https-item-taobao-com-it-2@example.invalid,,https-item-taobao-com-item-htm-abbucket-20-id-933993245171,,
丈感がちょうどいい,丈感がちょうど良かったです。148cmでS、着丈48cm・ウエスト66cmは表記どおりでした。色はピンクを選びました。タイツを合わせれば秋冬もいけそうです。長く着られそうです。,5,2026-04-06 07:30:44 UTC,コハル,pink-spice-bustier-skirt-1@example.invalid,,pink-spice-bustier-skirt,,
お気に入りになりました,一枚で雰囲気が出ます。170cmでL、着丈50cm・ウエスト74cmは表記どおりでした。シンプルなトップスを合わせるだけで成立します。買ってよかったです。,5,2026-06-12 02:27:40 UTC,ルナ,pink-spice-bustier-skirt-2@example.invalid,,pink-spice-bustier-skirt,,
買ってよかった,一枚で雰囲気が出ます。チェック柄の色合いが落ち着いていました。171cmでL、着丈40cm・ウエスト76cmは表記どおりでした。体のラインがきれいに出ます。色はチェックを選びました。タイツを合わせれば秋冬もいけそうです。買ってよかったです。,5,2026-06-30 15:43:37 UTC,ナナ,slim-plaid-skirt-1@example.invalid,,slim-plaid-skirt,,
着心地が良いです,シルエットがきれいに落ちます。チェック柄の色合いが落ち着いていました。154cmでS、着丈38cm・ウエスト68cmは表記どおりでした。体のラインがきれいに出ます。スニーカーでも綺麗めでも合わせられます。また色違いも欲しくなりました。,5,2026-03-25 06:07:43 UTC,レイ,slim-plaid-skirt-2@example.invalid,,slim-plaid-skirt,,
リピートしたいです,カジュアルすぎず履けます。170cmでL、着丈101cm・ウエスト72cmは表記どおりでした。ゆとりがあって締めつけ感がありません。色はレッドを選びました。スニーカーでラフに履いています。長く着られそうです。,5,2026-06-18 10:03:34 UTC,ヒナ,summer-pink-wide-leg-pan-1@example.invalid,,summer-pink-wide-leg-pants,,
期待どおりでした,腰まわりが楽でした。156cmでS、着丈97cm・ウエスト64cmは表記どおりでした。ゆとりがあって締めつけ感がありません。スニーカーでラフに履いています。出番が多くなりそうです。,5,2026-07-18 15:10:28 UTC,サヤ,summer-pink-wide-leg-pan-2@example.invalid,,summer-pink-wide-leg-pants,,
丈感がちょうどいい,動きやすくて助かります。刺繍が丁寧で高見えします。153cmでFを着用してちょうど良かったです。コンパクトなトップスと相性が良いです。買ってよかったです。,5,2026-04-26 17:19:23 UTC,ユイ,embroidered-pants-apron-1@example.invalid,,embroidered-pants-apron,,
色味が可愛い,腰まわりが楽でした。刺繍が丁寧で高見えします。150cmでFを着用してちょうど良かったです。スニーカーでラフに履いています。買ってよかったです。,5,2026-03-02 17:45:40 UTC,アオイ,embroidered-pants-apron-2@example.invalid,,embroidered-pants-apron,,
使いやすいです,形がきれいで一枚で決まります。レースの繊細さが写真以上でした。166cmでL、着丈76cm・胸囲78cmは表記どおりでした。体のラインがきれいに出ます。色はホワイトを選びました。羽織りものとの相性も良さそうです。出番が多くなりそうです。,5,2026-04-07 23:39:22 UTC,ミク,lace-slim-vest-1@example.invalid,,lace-slim-vest,,
丈感がちょうどいい,合わせやすくて出番が多そうです。レースの繊細さが写真以上でした。172cmでL、着丈76cm・胸囲78cmは表記どおりでした。体のラインがきれいに出ます。スカートに合わせると女性らしくなります。また色違いも欲しくなりました。,5,2026-06-24 09:43:53 UTC,ニナ,lace-slim-vest-2@example.invalid,,lace-slim-vest,,
写真どおりでした,顔まわりが明るく見えます。157cmでM、着丈53cm・胸囲86cmは表記どおりでした。色はグレーを選びました。羽織りものとの相性も良さそうです。期待どおりでした。,5,2026-03-09 14:35:24 UTC,ユキ,summer-rabbit-top-1@example.invalid,,summer-rabbit-top,,
買ってよかった,合わせやすくて出番が多そうです。166cmでL、着丈54cm・胸囲90cmは表記どおりでした。スカートに合わせると女性らしくなります。買ってよかったです。,5,2026-03-02 14:43:37 UTC,ミナ,summer-rabbit-top-2@example.invalid,,summer-rabbit-top,,
色味が可愛い,カジュアルすぎず履けます。レトロな雰囲気が可愛いです。160cmでM、着丈103cm・ウエスト72cmは表記どおりでした。色はブルーを選びました。コンパクトなトップスと相性が良いです。買ってよかったです。,5,2026-07-31 20:14:38 UTC,セナ,blue-retro-shorts-1@example.invalid,,blue-retro-shorts,,
リピートしたいです,腰まわりが楽でした。ヴィンテージ感のある色味が気に入りました。164cmでL、着丈105cm・ウエスト76cmは表記どおりでした。スニーカーでラフに履いています。期待どおりでした。,5,2026-05-16 18:30:57 UTC,ヒナ,blue-retro-shorts-2@example.invalid,,blue-retro-shorts,,
買ってよかった,形がきれいで一枚で決まります。リボンの位置が可愛くて気に入りました。160cmでM、胸囲86cmは表記どおりでした。色はホワイトを選びました。スカートに合わせると女性らしくなります。長く着られそうです。,5,2026-03-02 09:30:18 UTC,ツムギ,graffiti-bow-top-1@example.invalid,,graffiti-bow-top,,
お気に入りになりました,顔まわりが明るく見えます。リボンの位置が可愛くて気に入りました。151cmでS、胸囲82cmは表記どおりでした。羽織りものとの相性も良さそうです。友達にも聞かれました。,5,2026-03-19 23:55:15 UTC,カレン,graffiti-bow-top-2@example.invalid,,graffiti-bow-top,,
使いやすいです,シルエットがきれいに落ちます。レースの繊細さが写真以上でした。163cmでMを着用してちょうど良かったです。色はホワイトを選びました。タイツを合わせれば秋冬もいけそうです。期待どおりでした。,5,2026-03-24 17:05:38 UTC,アオイ,premium-lace-skirt-1@example.invalid,,premium-lace-skirt,,
高見えします,一枚で雰囲気が出ます。レースの繊細さが写真以上でした。163cmでLを着用してちょうど良かったです。タイツを合わせれば秋冬もいけそうです。この価格でこの質感なら満足です。,5,2026-04-19 08:26:26 UTC,リン,premium-lace-skirt-2@example.invalid,,premium-lace-skirt,,
高見えします,シルエットがきれいに落ちます。164cmでM、着丈49cm・ウエスト70cmは表記どおりでした。色はホワイトを選びました。シンプルなトップスを合わせるだけで成立します。リピートしたいと思える一枚です。,5,2026-03-31 00:23:45 UTC,チヒロ,luxe-summer-skirt-shorts-1@example.invalid,,luxe-summer-skirt-shorts,,
写真どおりでした,一枚で雰囲気が出ます。161cmでM、着丈49cm・ウエスト70cmは表記どおりでした。タイツを合わせれば秋冬もいけそうです。この価格でこの質感なら満足です。,5,2026-03-20 23:56:56 UTC,モモ,luxe-summer-skirt-shorts-2@example.invalid,,luxe-summer-skirt-shorts,,
使いやすいです,形がきれいで一枚で決まります。レースの繊細さが写真以上でした。164cmでMを着用してちょうど良かったです。色はホワイトを選びました。デニムに合わせるだけで決まりました。期待どおりでした。,5,2026-03-21 15:11:53 UTC,ノア,summer-lace-up-sleeve-te-1@example.invalid,,summer-lace-up-sleeve-tee,,
高見えします,顔まわりが明るく見えます。レースの繊細さが写真以上でした。155cmでSを着用してちょうど良かったです。スカートに合わせると女性らしくなります。出番が多くなりそうです。,5,2026-05-19 09:03:31 UTC,モモ,summer-lace-up-sleeve-te-2@example.invalid,,summer-lace-up-sleeve-tee,,
期待どおりでした,形がきれいで一枚で決まります。デニムの色落ち加減がちょうど良かったです。157cmでS、着丈52cm・胸囲82cmは表記どおりでした。色はブラックを選びました。スカートに合わせると女性らしくなります。友達にも聞かれました。,5,2026-05-01 05:39:53 UTC,イロハ,american-print-short-sle-1@example.invalid,,american-print-short-sleeve-t-shirt,,
色味が可愛い,顔まわりが明るく見えます。デニムの色落ち加減がちょうど良かったです。156cmでS、着丈52cm・胸囲82cmは表記どおりでした。デニムに合わせるだけで決まりました。出番が多くなりそうです。,5,2026-05-22 02:43:10 UTC,マオ,american-print-short-sle-2@example.invalid,,american-print-short-sleeve-t-shirt,,
着心地が良いです,重ね着の幅が広がりました。カットアウトの位置が絶妙でした。162cmでL、着丈54cm・胸囲90cmは表記どおりでした。色はブラックを選びました。ハイウエストのボトムスと合わせています。この価格でこの質感なら満足です。,5,2026-04-21 01:56:21 UTC,ツムギ,cutout-letter-camisole-t-1@example.invalid,,cutout-letter-camisole-top,,
高見えします,一枚でもインナーとしても使えます。カットアウトの位置が絶妙でした。156cmでS、着丈52cm・胸囲82cmは表記どおりでした。シャツを羽織って抜け感を出しています。長く着られそうです。,5,2026-04-20 02:50:41 UTC,ユメ,cutout-letter-camisole-t-2@example.invalid,,cutout-letter-camisole-top,,
高見えします,顔まわりが明るく見えます。157cmでS、着丈52cm・胸囲82cmは表記どおりでした。色は黒を選びました。羽織りものとの相性も良さそうです。出番が多くなりそうです。,5,2026-05-25 11:23:07 UTC,ニナ,sports-logo-short-sleeve-1@example.invalid,,sports-logo-short-sleeve-t-shirt,,
色味が可愛い,合わせやすくて出番が多そうです。162cmでM、着丈53cm・胸囲86cmは表記どおりでした。スカートに合わせると女性らしくなります。買ってよかったです。,5,2026-03-03 13:48:39 UTC,レイ,sports-logo-short-sleeve-2@example.invalid,,sports-logo-short-sleeve-t-shirt,,
写真どおりでした,形がきれいで一枚で決まります。153cmでS、着丈52cm・胸囲82cmは表記どおりでした。ゆとりがあって締めつけ感がありません。色はパープルを選びました。デニムに合わせるだけで決まりました。出番が多くなりそうです。,5,2026-06-09 15:26:03 UTC,レイ,a-summer-strawberry-loos-1@example.invalid,,a-summer-strawberry-loose-fit-t-shirt-1,,
買ってよかった,合わせやすくて出番が多そうです。157cmでS、着丈52cm・胸囲82cmは表記どおりでした。ルーズなシルエットで体型を拾いません。スカートに合わせると女性らしくなります。期待どおりでした。,5,2026-04-07 03:42:36 UTC,サヤ,a-summer-strawberry-loos-2@example.invalid,,a-summer-strawberry-loose-fit-t-shirt-1,,
着心地が良いです,合わせやすくて出番が多そうです。リボンの位置が可愛くて気に入りました。154cmでS、着丈65cm・胸囲108cmは表記どおりでした。色はホワイトを選びました。羽織りものとの相性も良さそうです。また色違いも欲しくなりました。,5,2026-05-03 23:09:54 UTC,カレン,a-cherry-bow-t-shirt-1@example.invalid,,a-cherry-bow-t-shirt,,
可愛いです,形がきれいで一枚で決まります。デニムの色落ち加減がちょうど良かったです。151cmでS、着丈65cm・胸囲108cmは表記どおりでした。羽織りものとの相性も良さそうです。長く着られそうです。,5,2026-05-30 05:55:52 UTC,アンナ,a-cherry-bow-t-shirt-2@example.invalid,,a-cherry-bow-t-shirt,,
雰囲気が可愛い,動きやすくて助かります。フリルのボリュームがちょうど良いです。158cmでM、着丈103cm・ウエスト72cmは表記どおりでした。ヒールを合わせると綺麗めになります。また色違いも欲しくなりました。,5,2026-07-21 09:30:41 UTC,ミク,a-pink-ruffle-shorts-pan-1@example.invalid,,a-pink-ruffle-shorts-pants,,
買ってよかった,カジュアルすぎず履けます。フリルのボリュームがちょうど良いです。169cmでL、着丈105cm・ウエスト76cmは表記どおりでした。コンパクトなトップスと相性が良いです。長く着られそうです。,5,2026-03-23 20:30:31 UTC,アイ,a-pink-ruffle-shorts-pan-2@example.invalid,,a-pink-ruffle-shorts-pants,,
お気に入りになりました,形がきれいで一枚で決まります。レースの繊細さが写真以上でした。158cmでM、着丈53cm・胸囲86cmは表記どおりでした。体のラインがきれいに出ます。色はブルーを選びました。羽織りものとの相性も良さそうです。この価格でこの質感なら満足です。,5,2026-06-02 08:11:34 UTC,ノア,a-lace-lettered-slim-fit-1@example.invalid,,a-lace-lettered-slim-fit-top,,
丈感がちょうどいい,顔まわりが明るく見えます。レースの繊細さが写真以上でした。170cmでL、着丈54cm・胸囲90cmは表記どおりでした。体のラインがきれいに出ます。スカートに合わせると女性らしくなります。長く着られそうです。,5,2026-05-21 09:39:01 UTC,アカリ,a-lace-lettered-slim-fit-2@example.invalid,,a-lace-lettered-slim-fit-top,,
買ってよかった,一枚で雰囲気が出ます。レースの繊細さが写真以上でした。155cmでM、着丈49cm・ウエスト70cmは表記どおりでした。色はホワイトを選びました。タイツを合わせれば秋冬もいけそうです。期待どおりでした。,5,2026-08-05 23:10:39 UTC,リオ,a-high-slit-layered-lace-1@example.invalid,,a-high-slit-layered-lace-skirt,,
丈感がちょうどいい,丈感がちょうど良かったです。スリットの深さは歩きやすい範囲でした。165cmでL、着丈50cm・ウエスト74cmは表記どおりでした。シンプルなトップスを合わせるだけで成立します。友達にも聞かれました。,5,2026-05-21 00:30:23 UTC,ルナ,a-high-slit-layered-lace-2@example.invalid,,a-high-slit-layered-lace-skirt,,
お気に入りになりました,顔まわりが明るく見えます。159cmでM、着丈53cm・胸囲86cmは表記どおりでした。スカートに合わせると女性らしくなります。長く着られそうです。,5,2026-06-19 06:40:13 UTC,セナ,a-tunic-bra-1-1@example.invalid,,a-tunic-bra-1,,
可愛いです,合わせやすくて出番が多そうです。164cmでL、着丈54cm・胸囲90cmは表記どおりでした。スカートに合わせると女性らしくなります。期待どおりでした。,5,2026-03-10 20:33:19 UTC,ヒヨリ,a-tunic-bra-1-2@example.invalid,,a-tunic-bra-1,,
リピートしたいです,合わせやすくて出番が多そうです。167cmでL、着丈54cm・胸囲90cmは表記どおりでした。色はホワイトを選びました。羽織りものとの相性も良さそうです。この価格でこの質感なら満足です。,5,2026-06-23 19:32:08 UTC,スミレ,a-lantern-tops-1-1@example.invalid,,a-lantern-tops-1,,
期待どおりでした,顔まわりが明るく見えます。172cmでL、着丈54cm・胸囲90cmは表記どおりでした。デニムに合わせるだけで決まりました。長く着られそうです。,5,2026-07-28 07:39:54 UTC,ユキ,a-lantern-tops-1-2@example.invalid,,a-lantern-tops-1,,
期待どおりでした,スタイルよく見えます。155cmでS、着丈81cm・ウエスト66cmは表記どおりでした。色はブルーを選びました。小物次第で印象を変えられます。長く着られそうです。,5,2026-04-08 01:51:53 UTC,アンナ,a-stitched-balloon-sleev-1@example.invalid,,a-stitched-balloon-sleeve-shoulder-dress-1,,
可愛いです,一枚で着られるので楽です。164cmでL、着丈84cm・ウエスト74cmは表記どおりでした。羽織りものを足せば長く着られそうです。また色違いも欲しくなりました。,5,2026-03-12 17:17:30 UTC,カナ,a-stitched-balloon-sleev-2@example.invalid,,a-stitched-balloon-sleeve-shoulder-dress-1,,
期待どおりでした,丈感がちょうど良かったです。レースの繊細さが写真以上でした。155cmでS、着丈48cm・ウエスト66cmは表記どおりでした。色はホワイトを選びました。シンプルなトップスを合わせるだけで成立します。リピートしたいと思える一枚です。,5,2026-03-25 22:04:16 UTC,ハルカ,a-lace-layered-gauze-ski-1@example.invalid,,a-lace-layered-gauze-skirt,,
雰囲気が可愛い,一枚で雰囲気が出ます。レースの繊細さが写真以上でした。161cmでM、着丈49cm・ウエスト70cmは表記どおりでした。スニーカーでも綺麗めでも合わせられます。友達にも聞かれました。,5,2026-06-14 08:59:16 UTC,モモ,a-lace-layered-gauze-ski-2@example.invalid,,a-lace-layered-gauze-skirt,,
買ってよかった,季節の変わり目に重宝しそうです。リボンの位置が可愛くて気に入りました。149cmでS、着丈81cm・ウエスト66cmは表記どおりでした。色はネイビーを選びました。丈の短いトップスと相性が良いです。友達にも聞かれました。,5,2026-08-04 22:15:27 UTC,ユイ,floral-print-ribbon-dres-1@example.invalid,,floral-print-ribbon-dress-and-cardigan-set,,
色味が可愛い,羽織るだけで様になります。花柄が派手すぎず上品でした。171cmでL、着丈84cm・ウエスト74cmは表記どおりでした。色味が落ち着いているので合わせやすいです。リピートしたいと思える一枚です。,5,2026-06-21 08:41:31 UTC,リン,floral-print-ribbon-dres-2@example.invalid,,floral-print-ribbon-dress-and-cardigan-set,,
丈感がちょうどいい,スタイルよく見えます。リブの伸縮がよくて着心地が良いです。151cmでS、着丈81cm・ウエスト66cmは表記どおりでした。ほどよくフィットしてきれいに見えます。色はグレーを選びました。小物次第で印象を変えられます。出番が多くなりそうです。,5,2026-05-28 07:58:11 UTC,リコ,front-button-ribbed-body-1@example.invalid,,front-button-ribbed-bodycon-mini-dress,,
買ってよかった,シーンを選ばず着られそうです。リブの伸縮がよくて着心地が良いです。148cmでS、着丈81cm・ウエスト66cmは表記どおりでした。ほどよくフィットしてきれいに見えます。羽織りものを足せば長く着られそうです。この価格でこの質感なら満足です。,5,2026-05-29 07:15:29 UTC,ミク,front-button-ribbed-body-2@example.invalid,,front-button-ribbed-bodycon-mini-dress,,
期待どおりでした,形がきれいで一枚で決まります。レースの繊細さが写真以上でした。151cmでS、着丈52cm・胸囲82cmは表記どおりでした。色はブラックを選びました。スカートに合わせると女性らしくなります。友達にも聞かれました。,5,2026-03-05 13:41:25 UTC,ハルカ,sheer-lace-paneled-flora-1@example.invalid,,sheer-lace-paneled-floral-top,,
使いやすいです,顔まわりが明るく見えます。花柄が派手すぎず上品でした。159cmでM、着丈53cm・胸囲86cmは表記どおりでした。羽織りものとの相性も良さそうです。また色違いも欲しくなりました。,5,2026-04-13 11:44:22 UTC,ユメ,sheer-lace-paneled-flora-2@example.invalid,,sheer-lace-paneled-floral-top,,
色味が可愛い,一枚で着られるので楽です。ギャザーの寄せ方がきれいです。154cmでS、着丈81cm・ウエスト66cmは表記どおりでした。色はホワイトを選びました。そのままでも十分様になります。期待どおりでした。,5,2026-05-20 22:37:27 UTC,スミレ,square-neck-gathered-fla-1@example.invalid,,square-neck-gathered-flared-maxi-dress,,
期待どおりでした,シーンを選ばず着られそうです。ギャザーの寄せ方がきれいです。169cmでL、着丈84cm・ウエスト74cmは表記どおりでした。そのままでも十分様になります。また色違いも欲しくなりました。,5,2026-06-23 04:56:07 UTC,ミナ,square-neck-gathered-fla-2@example.invalid,,square-neck-gathered-flared-maxi-dress,,
可愛いです,合わせやすくて出番が多そうです。サテンの光沢が上品でチープに見えません。157cmでS、着丈52cm・胸囲82cmは表記どおりでした。色はホワイトを選びました。デニムに合わせるだけで決まりました。この価格でこの質感なら満足です。,5,2026-04-25 04:13:47 UTC,セナ,satin-bow-tie-halter-nec-1@example.invalid,,satin-bow-tie-halter-neck-top,,
丈感がちょうどいい,顔まわりが明るく見えます。ホルターネックで首まわりがすっきり見えます。153cmでS、着丈52cm・胸囲82cmは表記どおりでした。デニムに合わせるだけで決まりました。買ってよかったです。,5,2026-03-20 05:54:06 UTC,ルナ,satin-bow-tie-halter-nec-2@example.invalid,,satin-bow-tie-halter-neck-top,,
買ってよかった,顔まわりが明るく見えます。ドット柄の大きさがちょうど良いです。167cmでL、着丈54cm・胸囲90cmは表記どおりでした。スカートに合わせると女性らしくなります。この価格でこの質感なら満足です。,5,2026-04-12 04:32:11 UTC,ユメ,classic-polka-dot-blouse-1@example.invalid,,classic-polka-dot-blouse-with-bow-tie,,
高見えします,合わせやすくて出番が多そうです。レトロな雰囲気が可愛いです。153cmでS、着丈52cm・胸囲82cmは表記どおりでした。デニムに合わせるだけで決まりました。長く着られそうです。,5,2026-05-09 15:21:44 UTC,エマ,classic-polka-dot-blouse-2@example.invalid,,classic-polka-dot-blouse-with-bow-tie,,
お気に入りになりました,一枚で着られるので楽です。158cmでM、着丈82cm・ウエスト70cmは表記どおりでした。色はグレーを選びました。羽織りものを足せば長く着られそうです。また色違いも欲しくなりました。,5,2026-06-16 06:37:28 UTC,アオイ,square-neck-scalloped-sl-1@example.invalid,,square-neck-scalloped-sleeveless-dress,,
使いやすいです,スタイルよく見えます。164cmでM、着丈82cm・ウエスト70cmは表記どおりでした。そのままでも十分様になります。リピートしたいと思える一枚です。,5,2026-08-04 18:34:04 UTC,カレン,square-neck-scalloped-sl-2@example.invalid,,square-neck-scalloped-sleeveless-dress,,
買ってよかった,シーンを選ばず着られそうです。リボンの位置が可愛くて気に入りました。170cmでL、着丈84cm・ウエスト74cmは表記どおりでした。色はバーガンディを選びました。そのままでも十分様になります。出番が多くなりそうです。,5,2026-04-07 18:51:18 UTC,ホノカ,square-neck-ribbon-belt--1@example.invalid,,square-neck-ribbon-belt-flared-dress,,
期待どおりでした,一枚で着られるので楽です。リボンの位置が可愛くて気に入りました。167cmでL、着丈84cm・ウエスト74cmは表記どおりでした。羽織りものを足せば長く着られそうです。また色違いも欲しくなりました。,5,2026-06-03 12:19:33 UTC,ソラ,square-neck-ribbon-belt--2@example.invalid,,square-neck-ribbon-belt-flared-dress,,
高見えします,シーンを選ばず着られそうです。151cmでS、着丈81cm・ウエスト66cmは表記どおりでした。色はブラックを選びました。羽織りものを足せば長く着られそうです。リピートしたいと思える一枚です。,5,2026-03-18 02:40:18 UTC,フウカ,v-neck-belted-flared-dre-1@example.invalid,,v-neck-belted-flared-dress,,
着心地が良いです,スタイルよく見えます。166cmでL、着丈84cm・ウエスト74cmは表記どおりでした。小物次第で印象を変えられます。出番が多くなりそうです。,5,2026-07-14 17:02:26 UTC,アカリ,v-neck-belted-flared-dre-2@example.invalid,,v-neck-belted-flared-dress,,
リピートしたいです,スタイルよく見えます。レースの繊細さが写真以上でした。162cmでL、着丈84cm・ウエスト74cmは表記どおりでした。色はレッドを選びました。小物次第で印象を変えられます。この価格でこの質感なら満足です。,5,2026-07-25 21:19:29 UTC,アイ,waist-ribbon-lace-hem-fl-1@example.invalid,,waist-ribbon-lace-hem-flared-dress,,
買ってよかった,シーンを選ばず着られそうです。リボンの位置が可愛くて気に入りました。171cmでL、着丈84cm・ウエスト74cmは表記どおりでした。羽織りものを足せば長く着られそうです。友達にも聞かれました。,5,2026-05-28 08:18:29 UTC,ミオ,waist-ribbon-lace-hem-fl-2@example.invalid,,waist-ribbon-lace-hem-flared-dress,,
使いやすいです,一枚で着られるので楽です。171cmでL、着丈84cm・ウエスト74cmは表記どおりでした。ほどよくフィットしてきれいに見えます。色はホワイトを選びました。小物次第で印象を変えられます。友達にも聞かれました。,5,2026-07-24 00:09:39 UTC,サヤ,ruffled-shoulder-square--1@example.invalid,,ruffled-shoulder-square-neck-fitted-dress,,
期待どおりでした,スタイルよく見えます。166cmでL、着丈84cm・ウエスト74cmは表記どおりでした。ほどよくフィットしてきれいに見えます。そのままでも十分様になります。期待どおりでした。,5,2026-06-11 12:46:09 UTC,ホノカ,ruffled-shoulder-square--2@example.invalid,,ruffled-shoulder-square-neck-fitted-dress,,
色味が可愛い,シーンを選ばず着られそうです。スリットの深さは歩きやすい範囲でした。163cmでM、着丈82cm・ウエスト70cmは表記どおりでした。色はブラックを選びました。そのままでも十分様になります。友達にも聞かれました。,5,2026-06-02 00:52:06 UTC,サラ,camisole-front-slit-flar-1@example.invalid,,camisole-front-slit-flared-dress,,
リピートしたいです,一枚で着られるので楽です。スリットの深さは歩きやすい範囲でした。164cmでL、着丈84cm・ウエスト74cmは表記どおりでした。小物次第で印象を変えられます。また色違いも欲しくなりました。,5,2026-04-09 18:14:36 UTC,フウカ,camisole-front-slit-flar-2@example.invalid,,camisole-front-slit-flared-dress,,
使いやすいです,シーンを選ばず着られそうです。プリーツがしっかりついていて動くたびにきれいです。158cmでS、着丈81cm・ウエスト66cmは表記どおりでした。色はブラックを選びました。羽織りものを足せば長く着られそうです。友達にも聞かれました。,5,2026-03-11 20:19:39 UTC,カナ,double-belted-pleated-fl-1@example.invalid,,double-belted-pleated-flared-dress,,
色味が可愛い,スタイルよく見えます。プリーツがしっかりついていて動くたびにきれいです。161cmでM、着丈82cm・ウエスト70cmは表記どおりでした。小物次第で印象を変えられます。リピートしたいと思える一枚です。,5,2026-03-24 11:05:03 UTC,コハル,double-belted-pleated-fl-2@example.invalid,,double-belted-pleated-flared-dress,,
着心地が良いです,スタイルよく見えます。リボンの位置が可愛くて気に入りました。162cmでM、着丈82cm・ウエスト70cmは表記どおりでした。色はApricot Whiteを選びました。そのままでも十分様になります。長く着られそうです。,5,2026-03-11 02:28:12 UTC,ヒヨリ,shiny-satin-ribbon-belt--1@example.invalid,,shiny-satin-ribbon-belt-flared-dress,,
リピートしたいです,一枚で着られるので楽です。サテンの光沢が上品でチープに見えません。149cmでS、着丈81cm・ウエスト66cmは表記どおりでした。羽織りものを足せば長く着られそうです。出番が多くなりそうです。,5,2026-07-07 09:49:36 UTC,レイ,shiny-satin-ribbon-belt--2@example.invalid,,shiny-satin-ribbon-belt-flared-dress,,
使いやすいです,一枚で着られるので楽です。パフスリーブのふくらみが可愛いです。162cmでM、着丈82cm・ウエスト70cmは表記どおりでした。色はバーガンディを選びました。羽織りものを足せば長く着られそうです。友達にも聞かれました。,5,2026-07-01 18:08:40 UTC,カレン,high-waisted-tucked-puff-1@example.invalid,,high-waisted-tucked-puff-sleeve-dress,,
雰囲気が可愛い,シーンを選ばず着られそうです。ハイウエストで脚が長く見えます。164cmでL、着丈84cm・ウエスト74cmは表記どおりでした。小物次第で印象を変えられます。リピートしたいと思える一枚です。,5,2026-05-08 17:37:00 UTC,スミレ,high-waisted-tucked-puff-2@example.invalid,,high-waisted-tucked-puff-sleeve-dress,,
可愛いです,一枚で着られるので楽です。パフスリーブのふくらみが可愛いです。158cmでS、着丈81cm・ウエスト66cmは表記どおりでした。色はブラックを選びました。小物次第で印象を変えられます。この価格でこの質感なら満足です。,5,2026-05-02 23:13:48 UTC,ナギサ,asymmetric-puff-sleeve-t-1@example.invalid,,asymmetric-puff-sleeve-tucked-flared-dress,,
高見えします,スタイルよく見えます。パフスリーブのふくらみが可愛いです。162cmでL、着丈84cm・ウエスト74cmは表記どおりでした。そのままでも十分様になります。また色違いも欲しくなりました。,5,2026-07-25 20:20:25 UTC,ミオ,asymmetric-puff-sleeve-t-2@example.invalid,,asymmetric-puff-sleeve-tucked-flared-dress,,
期待どおりでした,スタイルよく見えます。158cmでS、着丈81cm・ウエスト66cmは表記どおりでした。色はブラックを選びました。羽織りものを足せば長く着られそうです。出番が多くなりそうです。,5,2026-06-14 21:27:58 UTC,ナオ,boat-neck-sleeveless-mer-1@example.invalid,,boat-neck-sleeveless-mermaid-dress,,
着心地が良いです,一枚で着られるので楽です。155cmでM、着丈82cm・ウエスト70cmは表記どおりでした。羽織りものを足せば長く着られそうです。友達にも聞かれました。,5,2026-04-09 22:12:17 UTC,アオイ,boat-neck-sleeveless-mer-2@example.invalid,,boat-neck-sleeveless-mermaid-dress,,
高見えします,スタイルよく見えます。花柄が派手すぎず上品でした。158cmでS、着丈81cm・ウエスト66cmは表記どおりでした。色はホワイトを選びました。羽織りものを足せば長く着られそうです。期待どおりでした。,5,2026-08-05 01:23:13 UTC,ユメ,floral-organza-square-ne-1@example.invalid,,floral-organza-square-neck-dress,,
リピートしたいです,シーンを選ばず着られそうです。花柄が派手すぎず上品でした。151cmでS、着丈81cm・ウエスト66cmは表記どおりでした。羽織りものを足せば長く着られそうです。この価格でこの質感なら満足です。,5,2026-05-12 21:55:36 UTC,ヒヨリ,floral-organza-square-ne-2@example.invalid,,floral-organza-square-neck-dress,,
雰囲気が可愛い,シーンを選ばず着られそうです。168cmでL、着丈84cm・ウエスト74cmは表記どおりでした。色はレッドを選びました。羽織りものを足せば長く着られそうです。期待どおりでした。,5,2026-03-11 16:57:15 UTC,アイ,side-tucked-knot-dress-1@example.invalid,,side-tucked-knot-dress,,
買ってよかった,スタイルよく見えます。163cmでM、着丈82cm・ウエスト70cmは表記どおりでした。そのままでも十分様になります。長く着られそうです。,5,2026-04-07 14:40:20 UTC,モモ,side-tucked-knot-dress-2@example.invalid,,side-tucked-knot-dress,,
使いやすいです,スタイルよく見えます。レースの繊細さが写真以上でした。169cmでL、着丈84cm・ウエスト74cmは表記どおりでした。色はApricot Whiteを選びました。羽織りものを足せば長く着られそうです。出番が多くなりそうです。,5,2026-07-02 03:31:02 UTC,リオ,sheer-lace-embroidered-f-1@example.invalid,,sheer-lace-embroidered-flare-dress,,
写真どおりでした,一枚で着られるので楽です。透け感は控えめでインナー次第で調整できます。150cmでS、着丈81cm・ウエスト66cmは表記どおりでした。小物次第で印象を変えられます。期待どおりでした。,5,2026-07-29 09:25:18 UTC,マオ,sheer-lace-embroidered-f-2@example.invalid,,sheer-lace-embroidered-flare-dress,,
お気に入りになりました,シーンを選ばず着られそうです。リボンの位置が可愛くて気に入りました。161cmでM、着丈82cm・ウエスト70cmは表記どおりでした。色はブラックを選びました。羽織りものを足せば長く着られそうです。また色違いも欲しくなりました。,5,2026-07-12 03:38:37 UTC,キョウカ,scalloped-neck-dress-wit-1@example.invalid,,scalloped-neck-dress-with-ribbon-waist,,
色味が可愛い,一枚で着られるので楽です。リボンの位置が可愛くて気に入りました。167cmでL、着丈84cm・ウエスト74cmは表記どおりでした。小物次第で印象を変えられます。出番が多くなりそうです。,5,2026-07-08 20:00:04 UTC,ハルカ,scalloped-neck-dress-wit-2@example.invalid,,scalloped-neck-dress-with-ribbon-waist,,
買ってよかった,スタイルよく見えます。リボンの位置が可愛くて気に入りました。157cmでS、着丈81cm・ウエスト66cmは表記どおりでした。色はブラックを選びました。そのままでも十分様になります。この価格でこの質感なら満足です。,5,2026-07-06 09:59:15 UTC,ホノカ,notched-neck-waist-tie-f-1@example.invalid,,notched-neck-waist-tie-flare-dress,,
色味が可愛い,一枚で着られるので楽です。リボンの位置が可愛くて気に入りました。158cmでS、着丈81cm・ウエスト66cmは表記どおりでした。小物次第で印象を変えられます。期待どおりでした。,5,2026-07-16 11:53:02 UTC,ココ,notched-neck-waist-tie-f-2@example.invalid,,notched-neck-waist-tie-flare-dress,,
色味が可愛い,スタイルよく見えます。168cmでL、着丈84cm・ウエスト74cmは表記どおりでした。色はピンクを選びました。羽織りものを足せば長く着られそうです。買ってよかったです。,5,2026-07-05 05:46:00 UTC,マイ,side-twist-draped-flare--1@example.invalid,,side-twist-draped-flare-dress,,
可愛いです,シーンを選ばず着られそうです。154cmでS、着丈81cm・ウエスト66cmは表記どおりでした。小物次第で印象を変えられます。出番が多くなりそうです。,5,2026-06-27 18:25:00 UTC,トワ,side-twist-draped-flare--2@example.invalid,,side-twist-draped-flare-dress,,
可愛いです,シーンを選ばず着られそうです。155cmでS、着丈81cm・ウエスト66cmは表記どおりでした。ほどよくフィットしてきれいに見えます。色はBirkenland Redを選びました。そのままでも十分様になります。また色違いも欲しくなりました。,5,2026-03-28 13:13:14 UTC,カナ,square-neck-fit-and-flar-1@example.invalid,,square-neck-fit-and-flare-dress,,
色味が可愛い,一枚で着られるので楽です。149cmでS、着丈81cm・ウエスト66cmは表記どおりでした。ほどよくフィットしてきれいに見えます。羽織りものを足せば長く着られそうです。友達にも聞かれました。,5,2026-04-26 14:50:33 UTC,ヒヨリ,square-neck-fit-and-flar-2@example.invalid,,square-neck-fit-and-flare-dress,,
可愛いです,スタイルよく見えます。ギャザーの寄せ方がきれいです。164cmでL、着丈84cm・ウエスト74cmは表記どおりでした。色はレッドを選びました。小物次第で印象を変えられます。また色違いも欲しくなりました。,5,2026-03-29 17:46:35 UTC,ナオ,白のキャミソールドレス-女性のフランス証明書-初-1@example.invalid,,白のキャミソールドレス-女性のフランス証明書-初恋-純白のドレス-誕生日ドレス-高級感-ウエストを締めてスリムに,,
お気に入りになりました,シーンを選ばず着られそうです。ギャザーの寄せ方がきれいです。166cmでL、着丈84cm・ウエスト74cmは表記どおりでした。羽織りものを足せば長く着られそうです。友達にも聞かれました。,5,2026-03-24 02:41:32 UTC,リコ,白のキャミソールドレス-女性のフランス証明書-初-2@example.invalid,,白のキャミソールドレス-女性のフランス証明書-初恋-純白のドレス-誕生日ドレス-高級感-ウエストを締めてスリムに,,
写真どおりでした,スタイルよく見えます。167cmでL、着丈84cm・ウエスト74cmは表記どおりでした。色はピンクを選びました。羽織りものを足せば長く着られそうです。リピートしたいと思える一枚です。,5,2026-04-23 18:58:20 UTC,イロハ,front-twist-draped-flare-1@example.invalid,,front-twist-draped-flare-dress,,
可愛いです,シーンを選ばず着られそうです。167cmでL、着丈84cm・ウエスト74cmは表記どおりでした。小物次第で印象を変えられます。長く着られそうです。,5,2026-06-07 20:35:15 UTC,サキ,front-twist-draped-flare-2@example.invalid,,front-twist-draped-flare-dress,,
着心地が良いです,シーンを選ばず着られそうです。158cmでS、着丈81cm・ウエスト66cmは表記どおりでした。色はブラックを選びました。羽織りものを足せば長く着られそうです。出番が多くなりそうです。,5,2026-03-06 23:36:40 UTC,レイ,v-neck-flare-dress-with--1@example.invalid,,v-neck-flare-dress-with-gold-buttons,,
雰囲気が可愛い,スタイルよく見えます。161cmでM、着丈82cm・ウエスト70cmは表記どおりでした。小物次第で印象を変えられます。リピートしたいと思える一枚です。,5,2026-05-15 13:45:24 UTC,カレン,v-neck-flare-dress-with--2@example.invalid,,v-neck-flare-dress-with-gold-buttons,,
買ってよかった,スタイルよく見えます。169cmでL、着丈84cm・ウエスト74cmは表記どおりでした。体のラインがきれいに出ます。色はピンクを選びました。そのままでも十分様になります。リピートしたいと思える一枚です。,5,2026-04-13 21:26:20 UTC,ハルカ,square-neck-narrow-belt--1@example.invalid,,square-neck-narrow-belt-flare-dress,,
写真どおりでした,シーンを選ばず着られそうです。151cmでS、着丈81cm・ウエスト66cmは表記どおりでした。体のラインがきれいに出ます。そのままでも十分様になります。期待どおりでした。,5,2026-04-28 13:19:16 UTC,アオイ,square-neck-narrow-belt--2@example.invalid,,square-neck-narrow-belt-flare-dress,,
写真どおりでした,形がきれいで一枚で決まります。肩の出方がちょうど良いバランスでした。165cmでLを着用してちょうど良かったです。色はライトイエローを選びました。スカートに合わせると女性らしくなります。また色違いも欲しくなりました。,5,2026-04-20 04:30:16 UTC,ナギサ,off-shoulder-ruffle-blou-1@example.invalid,,off-shoulder-ruffle-blouse,,
可愛いです,合わせやすくて出番が多そうです。肩の出方がちょうど良いバランスでした。155cmでSを着用してちょうど良かったです。羽織りものとの相性も良さそうです。この価格でこの質感なら満足です。,5,2026-03-23 20:36:42 UTC,サヤ,off-shoulder-ruffle-blou-2@example.invalid,,off-shoulder-ruffle-blouse,,
色味が可愛い,厚すぎず長い期間着られそうです。編み地がしっかりしていて安っぽくありません。165cmでLを着用してちょうど良かったです。色はMilky Apricotを選びました。パンツでもスカートでも合います。期待どおりでした。,5,2026-03-30 03:52:28 UTC,マイ,day-and-night-knitted-to-1@example.invalid,,day-and-night-knitted-top,,
着心地が良いです,肌ざわりが良くてチクチクしません。編み地がしっかりしていて安っぽくありません。154cmでSを着用してちょうど良かったです。ロングスカートと合わせるのが気に入っています。出番が多くなりそうです。,5,2026-07-03 16:48:11 UTC,サキ,day-and-night-knitted-to-2@example.invalid,,day-and-night-knitted-top,,
期待どおりでした,合わせやすくて出番が多そうです。171cmでLを着用してちょうど良かったです。色はCamellia Whiteを選びました。羽織りものとの相性も良さそうです。また色違いも欲しくなりました。,5,2026-04-16 22:32:05 UTC,ユイ,breathing-tides-commuter-1@example.invalid,,breathing-tides-commuter-blouse,,
写真どおりでした,形がきれいで一枚で決まります。163cmでLを着用してちょうど良かったです。羽織りものとの相性も良さそうです。期待どおりでした。,5,2026-04-16 18:27:25 UTC,アイ,breathing-tides-commuter-2@example.invalid,,breathing-tides-commuter-blouse,,
色味が可愛い,腰まわりが楽でした。デニムの色落ち加減がちょうど良かったです。151cmでSを着用してちょうど良かったです。色はダークブルーを選びました。コンパクトなトップスと相性が良いです。買ってよかったです。,5,2026-06-07 05:26:56 UTC,スミレ,blue-light-beaded-denim--1@example.invalid,,blue-light-beaded-denim-pants,,
可愛いです,動きやすくて助かります。デニムの色落ち加減がちょうど良かったです。165cmでLを着用してちょうど良かったです。スニーカーでラフに履いています。リピートしたいと思える一枚です。,5,2026-03-23 10:47:46 UTC,フウカ,blue-light-beaded-denim--2@example.invalid,,blue-light-beaded-denim-pants,,
使いやすいです,顔まわりが明るく見えます。151cmでSを着用してちょうど良かったです。色はコーラルピンクを選びました。スカートに合わせると女性らしくなります。リピートしたいと思える一枚です。,5,2026-04-26 08:20:12 UTC,ツムギ,soft-night-breeze-spicy--1@example.invalid,,soft-night-breeze-spicy-top,,
高見えします,形がきれいで一枚で決まります。162cmでMを着用してちょうど良かったです。羽織りものとの相性も良さそうです。買ってよかったです。,5,2026-07-04 15:56:24 UTC,チヒロ,soft-night-breeze-spicy--2@example.invalid,,soft-night-breeze-spicy-top,,
写真どおりでした,合わせやすくて出番が多そうです。レースの繊細さが写真以上でした。164cmでM、着丈63cm・胸囲103cmは表記どおりでした。色はFlesh Pinkを選びました。スカートに合わせると女性らしくなります。また色違いも欲しくなりました。,5,2026-07-21 09:01:20 UTC,ミサキ,silent-rose-semi-sheer-l-1@example.invalid,,silent-rose-semi-sheer-lace-t-shirt,,
色味が可愛い,顔まわりが明るく見えます。透け感は控えめでインナー次第で調整できます。163cmでM、着丈63cm・胸囲103cmは表記どおりでした。デニムに合わせるだけで決まりました。また色違いも欲しくなりました。,5,2026-03-15 06:47:38 UTC,サヤ,silent-rose-semi-sheer-l-2@example.invalid,,silent-rose-semi-sheer-lace-t-shirt,,
可愛いです,合わせやすくて出番が多そうです。レースの繊細さが写真以上でした。164cmでLを着用してちょうど良かったです。色はブラックを選びました。羽織りものとの相性も良さそうです。友達にも聞かれました。,5,2026-07-28 22:58:13 UTC,ヒヨリ,lace-v-neck-summer-top-1@example.invalid,,lace-v-neck-summer-top,,
期待どおりでした,形がきれいで一枚で決まります。レースの繊細さが写真以上でした。153cmでSを着用してちょうど良かったです。スカートに合わせると女性らしくなります。長く着られそうです。,5,2026-05-21 07:44:00 UTC,ユナ,lace-v-neck-summer-top-2@example.invalid,,lace-v-neck-summer-top,,
色味が可愛い,上下揃っているので迷わず着られます。プリーツがしっかりついていて動くたびにきれいです。152cmでS、胸囲101cmは表記どおりでした。色はDutch Cheeseを選びました。セットで着ると一気にまとまります。友達にも聞かれました。,5,2026-05-28 07:39:34 UTC,アヤ,white-pleated-summer-set-1@example.invalid,,white-pleated-summer-set-up,,
買ってよかった,セットでも単品でも使えます。プリーツがしっかりついていて動くたびにきれいです。164cmでL、胸囲109cmは表記どおりでした。小物を足すと印象が変わります。友達にも聞かれました。,5,2026-05-08 01:49:36 UTC,フウカ,white-pleated-summer-set-2@example.invalid,,white-pleated-summer-set-up,,
着心地が良いです,シーンを選ばず着られそうです。155cmでSを着用してちょうど良かったです。色はMilk Teaを選びました。小物次第で印象を変えられます。出番が多くなりそうです。,5,2026-06-04 01:26:15 UTC,マイ,sweet-v-neck-summer-dres-1@example.invalid,,sweet-v-neck-summer-dress,,
使いやすいです,一枚で着られるので楽です。166cmでLを着用してちょうど良かったです。そのままでも十分様になります。また色違いも欲しくなりました。,5,2026-08-05 23:49:57 UTC,スミレ,sweet-v-neck-summer-dres-2@example.invalid,,sweet-v-neck-summer-dress,,
雰囲気が可愛い,形がきれいで一枚で決まります。154cmでS、着丈52cm・ウエスト90cmは表記どおりでした。色はCloudy Whiteを選びました。羽織りものとの相性も良さそうです。長く着られそうです。,5,2026-08-09 19:50:55 UTC,サヤ,heartlight-ruffled-blous-1@example.invalid,,heartlight-ruffled-blouse,,
高見えします,合わせやすくて出番が多そうです。162cmでM、着丈53cm・ウエスト94cmは表記どおりでした。デニムに合わせるだけで決まりました。買ってよかったです。,5,2026-06-03 13:18:48 UTC,ソラ,heartlight-ruffled-blous-2@example.invalid,,heartlight-ruffled-blouse,,
可愛いです,顔まわりが明るく見えます。160cmでMを着用してちょうど良かったです。色はMoonlight Blueを選びました。デニムに合わせるだけで決まりました。この価格でこの質感なら満足です。,5,2026-04-28 22:47:57 UTC,ミナ,spring-gauze-blouse-1@example.invalid,,spring-gauze-blouse,,
買ってよかった,合わせやすくて出番が多そうです。162cmでMを着用してちょうど良かったです。デニムに合わせるだけで決まりました。出番が多くなりそうです。,5,2026-08-02 17:48:32 UTC,アカリ,spring-gauze-blouse-2@example.invalid,,spring-gauze-blouse,,
雰囲気が可愛い,形がきれいで一枚で決まります。フリルのボリュームがちょうど良いです。166cmでLを着用してちょうど良かったです。色はDried Roseを選びました。スカートに合わせると女性らしくなります。出番が多くなりそうです。,5,2026-04-20 02:20:04 UTC,ミナ,ruffled-off-shoulder-top-1@example.invalid,,ruffled-off-shoulder-top,,
買ってよかった,顔まわりが明るく見えます。肩の出方がちょうど良いバランスでした。170cmでLを着用してちょうど良かったです。羽織りものとの相性も良さそうです。長く着られそうです。,5,2026-06-01 14:53:49 UTC,サヤ,ruffled-off-shoulder-top-2@example.invalid,,ruffled-off-shoulder-top,,
色味が可愛い,顔まわりが明るく見えます。レースの繊細さが写真以上でした。159cmでMを着用してちょうど良かったです。色はライトイエローを選びました。羽織りものとの相性も良さそうです。友達にも聞かれました。,5,2026-06-09 08:35:39 UTC,ミサキ,spring-trace-lace-blouse-1@example.invalid,,spring-trace-lace-blouse,,
買ってよかった,形がきれいで一枚で決まります。レースの繊細さが写真以上でした。162cmでLを着用してちょうど良かったです。スカートに合わせると女性らしくなります。リピートしたいと思える一枚です。,5,2026-05-12 05:11:49 UTC,リオ,spring-trace-lace-blouse-2@example.invalid,,spring-trace-lace-blouse,,
色味が可愛い,合わせやすくて出番が多そうです。169cmでLを着用してちょうど良かったです。デニムに合わせるだけで決まりました。期待どおりでした。,5,2026-07-08 23:41:22 UTC,エマ,moonlight-strapless-top-1@example.invalid,,moonlight-strapless-top,,
期待どおりでした,顔まわりが明るく見えます。165cmでLを着用してちょうど良かったです。羽織りものとの相性も良さそうです。また色違いも欲しくなりました。,5,2026-05-19 22:36:16 UTC,セナ,moonlight-strapless-top-2@example.invalid,,moonlight-strapless-top,,
リピートしたいです,合わせやすくて出番が多そうです。レースの繊細さが写真以上でした。159cmでM、胸囲88cmは表記どおりでした。色はCreamy Whiteを選びました。スカートに合わせると女性らしくなります。リピートしたいと思える一枚です。,5,2026-03-25 03:10:13 UTC,ナギサ,summer-lace-transparent--1@example.invalid,,summer-lace-transparent-blouse,,
丈感がちょうどいい,形がきれいで一枚で決まります。透け感は控えめでインナー次第で調整できます。165cmでL、胸囲92cmは表記どおりでした。デニムに合わせるだけで決まりました。リピートしたいと思える一枚です。,5,2026-07-31 02:59:35 UTC,リン,summer-lace-transparent--2@example.invalid,,summer-lace-transparent-blouse,,
着心地が良いです,肩紐の位置がちょうど良かったです。157cmでS、着丈37cm・胸囲80cmは表記どおりでした。ハイウエストのボトムスと合わせています。友達にも聞かれました。,5,2026-04-18 10:50:32 UTC,ヒナ,soft-breeze-camisole-top-1@example.invalid,,soft-breeze-camisole-top,,
期待どおりでした,一枚でもインナーとしても使えます。157cmでM、着丈38cm・胸囲84cmは表記どおりでした。シャツを羽織って抜け感を出しています。友達にも聞かれました。,5,2026-06-08 08:14:48 UTC,トワ,soft-breeze-camisole-top-2@example.invalid,,soft-breeze-camisole-top,,
丈感がちょうどいい,形がきれいで一枚で決まります。165cmでMを着用してちょうど良かったです。色はGlacier Blueを選びました。スカートに合わせると女性らしくなります。買ってよかったです。,5,2026-04-02 07:25:16 UTC,エマ,soft-blue-and-white-tube-1@example.invalid,,soft-blue-and-white-tube-top,,
リピートしたいです,顔まわりが明るく見えます。154cmでSを着用してちょうど良かったです。デニムに合わせるだけで決まりました。期待どおりでした。,5,2026-05-11 13:30:26 UTC,マナ,soft-blue-and-white-tube-2@example.invalid,,soft-blue-and-white-tube-top,,
丈感がちょうどいい,スタイルよく見えます。159cmでMを着用してちょうど良かったです。色はGoose Yellowを選びました。羽織りものを足せば長く着られそうです。出番が多くなりそうです。,5,2026-04-12 06:02:12 UTC,フウカ,water-wave-summer-dress-1@example.invalid,,water-wave-summer-dress,,
リピートしたいです,一枚で着られるので楽です。172cmでLを着用してちょうど良かったです。羽織りものを足せば長く着られそうです。この価格でこの質感なら満足です。,5,2026-05-31 01:16:02 UTC,ユキ,water-wave-summer-dress-2@example.invalid,,water-wave-summer-dress,,
買ってよかった,顔まわりが明るく見えます。レースの繊細さが写真以上でした。157cmでMを着用してちょうど良かったです。体のラインがきれいに出ます。色はアプリコットを選びました。スカートに合わせると女性らしくなります。友達にも聞かれました。,5,2026-06-08 03:34:34 UTC,マオ,lace-slim-fit-cropped-to-1@example.invalid,,lace-slim-fit-cropped-top,,
高見えします,合わせやすくて出番が多そうです。ハイウエストで脚が長く見えます。162cmでMを着用してちょうど良かったです。ほどよくフィットしてきれいに見えます。デニムに合わせるだけで決まりました。リピートしたいと思える一枚です。,5,2026-06-16 22:01:03 UTC,リオ,lace-slim-fit-cropped-to-2@example.invalid,,lace-slim-fit-cropped-top,,
色味が可愛い,セットでも単品でも使えます。肩の出方がちょうど良いバランスでした。164cmでMを着用してちょうど良かったです。色はWhite - Tubeを選びました。セットで着ると一気にまとまります。友達にも聞かれました。,5,2026-04-25 08:22:42 UTC,ユキ,minimalist-summer-off-sh-1@example.invalid,,minimalist-summer-off-shoulder-top-set-up,,
使いやすいです,色味が揃っていて統一感があります。肩の出方がちょうど良いバランスでした。170cmでLを着用してちょうど良かったです。小物を足すと印象が変わります。この価格でこの質感なら満足です。,5,2026-06-14 09:58:12 UTC,ホノカ,minimalist-summer-off-sh-2@example.invalid,,minimalist-summer-off-shoulder-top-set-up,,
可愛いです,顔まわりが明るく見えます。165cmでMを着用してちょうど良かったです。色はミルクアプリコットホワイトを選びました。スカートに合わせると女性らしくなります。期待どおりでした。,5,2026-04-16 10:16:07 UTC,モモ,white-breaths-v-neck-top-1@example.invalid,,white-breaths-v-neck-top,,
着心地が良いです,形がきれいで一枚で決まります。157cmでSを着用してちょうど良かったです。羽織りものとの相性も良さそうです。買ってよかったです。,5,2026-04-22 15:40:30 UTC,ミク,white-breaths-v-neck-top-2@example.invalid,,white-breaths-v-neck-top,,
使いやすいです,セットでも単品でも使えます。レースの繊細さが写真以上でした。165cmでMを着用してちょうど良かったです。トップスだけ単品でも使えそうです。また色違いも欲しくなりました。,5,2026-05-04 00:34:25 UTC,マナ,sheer-lace-floral-top-se-1@example.invalid,,sheer-lace-floral-top-set,,
リピートしたいです,色味が揃っていて統一感があります。花柄が派手すぎず上品でした。156cmでSを着用してちょうど良かったです。トップスだけ単品でも使えそうです。友達にも聞かれました。,5,2026-04-06 01:03:02 UTC,リン,sheer-lace-floral-top-se-2@example.invalid,,sheer-lace-floral-top-set,,
写真どおりでした,形がきれいで一枚で決まります。166cmでLを着用してちょうど良かったです。色はHaze Blueを選びました。デニムに合わせるだけで決まりました。リピートしたいと思える一枚です。,5,2026-04-05 22:27:29 UTC,ホノカ,the-wind-steals-moonligh-1@example.invalid,,the-wind-steals-moonlight-t-shirt,,
丈感がちょうどいい,合わせやすくて出番が多そうです。149cmでSを着用してちょうど良かったです。デニムに合わせるだけで決まりました。友達にも聞かれました。,5,2026-08-01 18:57:45 UTC,マイ,the-wind-steals-moonligh-2@example.invalid,,the-wind-steals-moonlight-t-shirt,,
お気に入りになりました,形がきれいで一枚で決まります。透け感は控えめでインナー次第で調整できます。163cmでL、着丈57cm・胸囲100cmは表記どおりでした。羽織りものとの相性も良さそうです。友達にも聞かれました。,5,2026-07-21 01:38:54 UTC,ヒナ,moonlight-sheer-summer-t-1@example.invalid,,moonlight-sheer-summer-top,,
可愛いです,顔まわりが明るく見えます。シアー感が上品で着やすいです。150cmでS、着丈55cm・胸囲92cmは表記どおりでした。羽織りものとの相性も良さそうです。長く着られそうです。,5,2026-04-29 09:00:51 UTC,シオリ,moonlight-sheer-summer-t-2@example.invalid,,moonlight-sheer-summer-top,,
期待どおりでした,合わせやすくて出番が多そうです。レースの繊細さが写真以上でした。166cmでLを着用してちょうど良かったです。色はLight Sandを選びました。羽織りものとの相性も良さそうです。買ってよかったです。,5,2026-05-05 18:48:07 UTC,リオ,wind-trace-lace-top-1@example.invalid,,wind-trace-lace-top,,
リピートしたいです,形がきれいで一枚で決まります。レースの繊細さが写真以上でした。157cmでSを着用してちょうど良かったです。デニムに合わせるだけで決まりました。また色違いも欲しくなりました。,5,2026-07-07 12:51:27 UTC,ココ,wind-trace-lace-top-2@example.invalid,,wind-trace-lace-top,,
リピートしたいです,形がきれいで一枚で決まります。透け感は控えめでインナー次第で調整できます。162cmでM、着丈56cmは表記どおりでした。デニムに合わせるだけで決まりました。出番が多くなりそうです。,5,2026-05-30 22:46:43 UTC,ユメ,summer-sheer-pleated-chi-1@example.invalid,,summer-sheer-pleated-chiffon-shirt,,
可愛いです,顔まわりが明るく見えます。シアー感が上品で着やすいです。164cmでM、着丈56cmは表記どおりでした。デニムに合わせるだけで決まりました。期待どおりでした。,5,2026-04-19 21:52:36 UTC,レイ,summer-sheer-pleated-chi-2@example.invalid,,summer-sheer-pleated-chiffon-shirt,,
リピートしたいです,色味が揃っていて統一感があります。158cmでM、胸囲92cmは表記どおりでした。色はLotus Colorを選びました。セットで着ると一気にまとまります。友達にも聞かれました。,5,2026-05-25 22:46:29 UTC,ホノカ,french-flutter-sleeve-ba-1@example.invalid,,french-flutter-sleeve-babydoll-top-set,,
写真どおりでした,セットでも単品でも使えます。151cmでS、胸囲88cmは表記どおりでした。小物を足すと印象が変わります。長く着られそうです。,5,2026-07-19 17:34:14 UTC,ミナ,french-flutter-sleeve-ba-2@example.invalid,,french-flutter-sleeve-babydoll-top-set,,
買ってよかった,形がきれいで一枚で決まります。158cmでMを着用してちょうど良かったです。色はDusk Grayを選びました。デニムに合わせるだけで決まりました。出番が多くなりそうです。,5,2026-04-23 18:15:53 UTC,ルナ,shadow-and-light-t-shirt-1@example.invalid,,shadow-and-light-t-shirt,,
使いやすいです,合わせやすくて出番が多そうです。163cmでLを着用してちょうど良かったです。デニムに合わせるだけで決まりました。買ってよかったです。,5,2026-03-08 20:51:01 UTC,ミサキ,shadow-and-light-t-shirt-2@example.invalid,,shadow-and-light-t-shirt,,
お気に入りになりました,スタイルよく見えます。レースの繊細さが写真以上でした。158cmでS、着丈81.5cm・胸囲108cmは表記どおりでした。色はRetro Blueを選びました。羽織りものを足せば長く着られそうです。また色違いも欲しくなりました。,5,2026-07-15 17:41:24 UTC,ミオ,eye-catching-lace-collar-1@example.invalid,,eye-catching-lace-collar-dress-set,,
写真どおりでした,一枚で着られるので楽です。レースの繊細さが写真以上でした。155cmでS、着丈81.5cm・胸囲108cmは表記どおりでした。そのままでも十分様になります。期待どおりでした。,5,2026-07-22 03:59:37 UTC,ツムギ,eye-catching-lace-collar-2@example.invalid,,eye-catching-lace-collar-dress-set,,
丈感がちょうどいい,顔まわりが明るく見えます。164cmでMを着用してちょうど良かったです。色はRime Grayを選びました。デニムに合わせるだけで決まりました。また色違いも欲しくなりました。,5,2026-08-03 08:00:56 UTC,アカリ,skin-emotion-twist-top-1@example.invalid,,skin-emotion-twist-top,,
期待どおりでした,合わせやすくて出番が多そうです。162cmでLを着用してちょうど良かったです。デニムに合わせるだけで決まりました。買ってよかったです。,5,2026-05-23 06:15:16 UTC,ヒヨリ,skin-emotion-twist-top-2@example.invalid,,skin-emotion-twist-top,,
使いやすいです,一枚で着ても様になります。編み地がしっかりしていて安っぽくありません。149cmでSを着用してちょうど良かったです。色はSlate Brownを選びました。パンツでもスカートでも合います。リピートしたいと思える一枚です。,5,2026-06-01 18:20:50 UTC,カナ,knitted-hollow-out-summe-1@example.invalid,,knitted-hollow-out-summer-top,,
リピートしたいです,厚すぎず長い期間着られそうです。透け感は控えめでインナー次第で調整できます。155cmでMを着用してちょうど良かったです。インナーを足して重ね着もできます。出番が多くなりそうです。,5,2026-07-18 11:23:25 UTC,ニナ,knitted-hollow-out-summe-2@example.invalid,,knitted-hollow-out-summer-top,,
色味が可愛い,シーンを選ばず着られそうです。リボンの位置が可愛くて気に入りました。157cmでM、着丈84cm・胸囲94cmは表記どおりでした。色はホワイトを選びました。そのままでも十分様になります。買ってよかったです。,5,2026-05-31 20:48:12 UTC,ミオ,bow-design-long-sleeve-a-1@example.invalid,,bow-design-long-sleeve-autumn-dress,,
高見えします,スタイルよく見えます。リボンの位置が可愛くて気に入りました。149cmでS、着丈82cm・胸囲90cmは表記どおりでした。そのままでも十分様になります。期待どおりでした。,5,2026-03-08 08:20:55 UTC,ユイ,bow-design-long-sleeve-a-2@example.invalid,,bow-design-long-sleeve-autumn-dress,,
買ってよかった,形がきれいで一枚で決まります。154cmでS、着丈50cmは表記どおりでした。色はホワイトを選びました。デニムに合わせるだけで決まりました。出番が多くなりそうです。,5,2026-06-01 11:12:40 UTC,ホノカ,autumn-long-sleeved-wais-1@example.invalid,,autumn-long-sleeved-waist-top,,
着心地が良いです,顔まわりが明るく見えます。150cmでS、着丈50cmは表記どおりでした。羽織りものとの相性も良さそうです。また色違いも欲しくなりました。,5,2026-05-11 03:35:27 UTC,サヤ,autumn-long-sleeved-wais-2@example.invalid,,autumn-long-sleeved-waist-top,,
雰囲気が可愛い,シーンを選ばず着られそうです。レースの繊細さが写真以上でした。162cmでL、着丈62cm・胸囲82cmは表記どおりでした。色はグレーを選びました。羽織りものを足せば長く着られそうです。また色違いも欲しくなりました。,5,2026-04-30 11:35:23 UTC,ヒヨリ,patchwork-lace-camisole--1@example.invalid,,patchwork-lace-camisole-dress,,
使いやすいです,スタイルよく見えます。レースの繊細さが写真以上でした。168cmでL、着丈62cm・胸囲82cmは表記どおりでした。そのままでも十分様になります。期待どおりでした。,5,2026-06-20 12:47:32 UTC,キョウカ,patchwork-lace-camisole--2@example.invalid,,patchwork-lace-camisole-dress,,
お気に入りになりました,顔まわりが明るく見えます。166cmでL、着丈53.5cmは表記どおりでした。色はホワイトを選びました。デニムに合わせるだけで決まりました。友達にも聞かれました。,5,2026-04-28 22:45:14 UTC,フウカ,layered-slanted-shoulder-1@example.invalid,,layered-slanted-shoulder-white-shirt,,
可愛いです,形がきれいで一枚で決まります。161cmでM、着丈52.5cmは表記どおりでした。羽織りものとの相性も良さそうです。買ってよかったです。,5,2026-04-23 02:52:39 UTC,アカリ,layered-slanted-shoulder-2@example.invalid,,layered-slanted-shoulder-white-shirt,,
着心地が良いです,シーンを選ばず着られそうです。リボンの位置が可愛くて気に入りました。157cmでS、着丈108cmは表記どおりでした。色はレッドを選びました。そのままでも十分様になります。リピートしたいと思える一枚です。,5,2026-03-03 01:18:06 UTC,フウカ,red-bow-waist-dress-1@example.invalid,,red-bow-waist-dress,,
期待どおりでした,一枚で着られるので楽です。リボンの位置が可愛くて気に入りました。152cmでS、着丈108cmは表記どおりでした。羽織りものを足せば長く着られそうです。期待どおりでした。,5,2026-07-23 22:38:40 UTC,ユナ,red-bow-waist-dress-2@example.invalid,,red-bow-waist-dress,,
丈感がちょうどいい,シーンを選ばず着られそうです。リボンの位置が可愛くて気に入りました。152cmでS、着丈68cm・胸囲72cmは表記どおりでした。色はレッドを選びました。そのままでも十分様になります。リピートしたいと思える一枚です。,5,2026-03-22 13:50:23 UTC,シオリ,french-striped-bow-sundr-1@example.invalid,,french-striped-bow-sundress,,
高見えします,一枚で着られるので楽です。ストライプの幅がちょうど良いです。148cmでS、着丈68cm・胸囲72cmは表記どおりでした。小物次第で印象を変えられます。買ってよかったです。,5,2026-07-14 03:14:37 UTC,マオ,french-striped-bow-sundr-2@example.invalid,,french-striped-bow-sundress,,
お気に入りになりました,合わせやすくて出番が多そうです。レースの繊細さが写真以上でした。158cmでS、着丈57cm・胸囲72cmは表記どおりでした。体のラインがきれいに出ます。色はパープルを選びました。スカートに合わせると女性らしくなります。また色違いも欲しくなりました。,5,2026-06-21 19:37:36 UTC,ハルカ,slim-lace-sleeve-t-shirt-1@example.invalid,,slim-lace-sleeve-t-shirt,,
期待どおりでした,形がきれいで一枚で決まります。レースの繊細さが写真以上でした。169cmでL、着丈59cm・胸囲80cmは表記どおりでした。体のラインがきれいに出ます。スカートに合わせると女性らしくなります。長く着られそうです。,5,2026-07-17 13:40:46 UTC,ホノカ,slim-lace-sleeve-t-shirt-2@example.invalid,,slim-lace-sleeve-t-shirt,,
高見えします,一枚で着られるので楽です。レトロな雰囲気が可愛いです。162cmでM、着丈108cm・胸囲70cmは表記どおりでした。色はブラウンを選びました。そのままでも十分様になります。友達にも聞かれました。,5,2026-03-09 03:59:44 UTC,イロハ,retro-layered-slimming-d-1@example.invalid,,retro-layered-slimming-dress,,
使いやすいです,スタイルよく見えます。レトロな雰囲気が可愛いです。159cmでM、着丈108cm・胸囲70cmは表記どおりでした。羽織りものを足せば長く着られそうです。この価格でこの質感なら満足です。,5,2026-05-01 23:46:55 UTC,レイ,retro-layered-slimming-d-2@example.invalid,,retro-layered-slimming-dress,,
雰囲気が可愛い,シーンを選ばず着られそうです。154cmでS、着丈98.5cm・胸囲76cmは表記どおりでした。色はピンクを選びました。そのままでも十分様になります。期待どおりでした。,5,2026-08-06 12:39:10 UTC,ルナ,autumn-sweet-pink-tulip--1@example.invalid,,autumn-sweet-pink-tulip-dress,,
丈感がちょうどいい,スタイルよく見えます。165cmでM、着丈100cm・胸囲80cmは表記どおりでした。そのままでも十分様になります。この価格でこの質感なら満足です。,5,2026-05-17 10:51:19 UTC,ユキ,autumn-sweet-pink-tulip--2@example.invalid,,autumn-sweet-pink-tulip-dress,,
可愛いです,色味が揃っていて統一感があります。レースの繊細さが写真以上でした。162cmでMを着用してちょうど良かったです。色はShortを選びました。小物を足すと印象が変わります。長く着られそうです。,5,2026-04-16 21:42:39 UTC,ハルカ,plaid-lace-up-blouse-set-1@example.invalid,,plaid-lace-up-blouse-set-up,,
期待どおりでした,上下揃っているので迷わず着られます。チェック柄の色合いが落ち着いていました。156cmでSを着用してちょうど良かったです。小物を足すと印象が変わります。また色違いも欲しくなりました。,5,2026-06-16 07:26:56 UTC,ルナ,plaid-lace-up-blouse-set-2@example.invalid,,plaid-lace-up-blouse-set-up,,
可愛いです,シーンを選ばず着られそうです。花柄が派手すぎず上品でした。158cmでM、着丈75cm・胸囲72cmは表記どおりでした。色はホワイトを選びました。羽織りものを足せば長く着られそうです。この価格でこの質感なら満足です。,5,2026-05-03 09:13:15 UTC,スミレ,white-floral-strapless-d-1@example.invalid,,white-floral-strapless-dress,,
着心地が良いです,スタイルよく見えます。花柄が派手すぎず上品でした。157cmでS、着丈73.5cmは表記どおりでした。羽織りものを足せば長く着られそうです。期待どおりでした。,5,2026-05-31 08:03:59 UTC,ニナ,white-floral-strapless-d-2@example.invalid,,white-floral-strapless-dress,,
写真どおりでした,上下揃っているので迷わず着られます。花柄が派手すぎず上品でした。162cmでMを着用してちょうど良かったです。色はFloral Whiteを選びました。トップスだけ単品でも使えそうです。出番が多くなりそうです。,5,2026-03-03 02:56:33 UTC,ホノカ,floral-embroidered-ruffl-1@example.invalid,,floral-embroidered-ruffled-camisole-top-set-up,,
リピートしたいです,色味が揃っていて統一感があります。刺繍が丁寧で高見えします。158cmでMを着用してちょうど良かったです。トップスだけ単品でも使えそうです。この価格でこの質感なら満足です。,5,2026-05-17 19:30:41 UTC,キョウカ,floral-embroidered-ruffl-2@example.invalid,,floral-embroidered-ruffled-camisole-top-set-up,,
お気に入りになりました,シーンを選ばず着られそうです。花柄が派手すぎず上品でした。169cmでL、着丈91cm・胸囲92cmは表記どおりでした。色はブルーを選びました。小物次第で印象を変えられます。この価格でこの質感なら満足です。,5,2026-03-10 19:13:21 UTC,ヒナ,blue-sea-floral-layered--1@example.invalid,,blue-sea-floral-layered-dress,,
リピートしたいです,一枚で着られるので楽です。花柄が派手すぎず上品でした。167cmでL、着丈91cm・胸囲92cmは表記どおりでした。羽織りものを足せば長く着られそうです。この価格でこの質感なら満足です。,5,2026-06-04 03:54:32 UTC,モモ,blue-sea-floral-layered--2@example.invalid,,blue-sea-floral-layered-dress,,
着心地が良いです,セットでも単品でも使えます。リボンの位置が可愛くて気に入りました。161cmでMを着用してちょうど良かったです。色はPeach -を選びました。トップスだけ単品でも使えそうです。この価格でこの質感なら満足です。,5,2026-04-24 12:27:22 UTC,マイ,peach-bow-tube-top-set-u-1@example.invalid,,peach-bow-tube-top-set-up,,
丈感がちょうどいい,色味が揃っていて統一感があります。リボンの位置が可愛くて気に入りました。164cmでMを着用してちょうど良かったです。セットで着ると一気にまとまります。期待どおりでした。,5,2026-05-21 13:47:45 UTC,フウカ,peach-bow-tube-top-set-u-2@example.invalid,,peach-bow-tube-top-set-up,,
着心地が良いです,厚すぎず長い期間着られそうです。編み地がしっかりしていて安っぽくありません。148cmでS、着丈58cmは表記どおりでした。色はベージュを選びました。ロングスカートと合わせるのが気に入っています。期待どおりでした。,5,2026-03-28 11:43:59 UTC,ユナ,mixed-yarn-slanted-shoul-1@example.invalid,,mixed-yarn-slanted-shoulder-sweater,,
買ってよかった,肌ざわりが良くてチクチクしません。編み地がしっかりしていて安っぽくありません。169cmでL、着丈62cmは表記どおりでした。パンツでもスカートでも合います。期待どおりでした。,5,2026-05-04 09:27:55 UTC,カナ,mixed-yarn-slanted-shoul-2@example.invalid,,mixed-yarn-slanted-shoulder-sweater,,
高見えします,思ったより軽くて着やすいです。164cmでL、着丈76cmは表記どおりでした。色はホワイトを選びました。色味が落ち着いているので合わせやすいです。友達にも聞かれました。,5,2026-04-13 12:05:55 UTC,モモ,double-layered-fur-trimm-1@example.invalid,,double-layered-fur-trimmed-coat,,
写真どおりでした,羽織るだけで様になります。152cmでS、着丈72cmは表記どおりでした。シンプルな中身でもこれ一枚で決まります。買ってよかったです。,5,2026-04-18 00:33:13 UTC,リオ,double-layered-fur-trimm-2@example.invalid,,double-layered-fur-trimmed-coat,,
雰囲気が可愛い,季節の変わり目に重宝しそうです。148cmでS、着丈57.5cmは表記どおりでした。色はベージュを選びました。丈の短いトップスと相性が良いです。この価格でこの質感なら満足です。,5,2026-06-30 10:42:57 UTC,ナオ,batwing-sleeve-wool-coat-1@example.invalid,,batwing-sleeve-wool-coat,,
期待どおりでした,思ったより軽くて着やすいです。172cmでL、着丈59.5cmは表記どおりでした。丈の短いトップスと相性が良いです。友達にも聞かれました。,5,2026-05-18 20:56:48 UTC,トワ,batwing-sleeve-wool-coat-2@example.invalid,,batwing-sleeve-wool-coat,,
丈感がちょうどいい,思ったより軽くて着やすいです。花柄が派手すぎず上品でした。153cmでSを着用してちょうど良かったです。色はブラウンを選びました。シンプルな中身でもこれ一枚で決まります。リピートしたいと思える一枚です。,5,2026-03-16 22:31:33 UTC,ココ,floral-patchwork-jacket--1@example.invalid,,floral-patchwork-jacket-dress,,
着心地が良いです,羽織るだけで様になります。花柄が派手すぎず上品でした。170cmでLを着用してちょうど良かったです。シンプルな中身でもこれ一枚で決まります。出番が多くなりそうです。,5,2026-05-20 08:29:46 UTC,マナ,floral-patchwork-jacket--2@example.invalid,,floral-patchwork-jacket-dress,,
丈感がちょうどいい,カジュアルすぎず履けます。162cmでMを着用してちょうど良かったです。色はブラウンを選びました。コンパクトなトップスと相性が良いです。リピートしたいと思える一枚です。,5,2026-07-02 01:25:12 UTC,トワ,suede-fringe-tassel-shor-1@example.invalid,,suede-fringe-tassel-shorts,,
使いやすいです,腰まわりが楽でした。172cmでLを着用してちょうど良かったです。コンパクトなトップスと相性が良いです。買ってよかったです。,5,2026-04-20 13:44:20 UTC,リン,suede-fringe-tassel-shor-2@example.invalid,,suede-fringe-tassel-shorts,,
お気に入りになりました,シルエットがきれいに落ちます。160cmでMを着用してちょうど良かったです。色はベージュを選びました。タイツを合わせれば秋冬もいけそうです。長く着られそうです。,5,2026-05-17 00:46:51 UTC,マオ,stereo-tassel-feather-sk-1@example.invalid,,stereo-tassel-feather-skirt,,
使いやすいです,丈感がちょうど良かったです。154cmでSを着用してちょうど良かったです。シンプルなトップスを合わせるだけで成立します。買ってよかったです。,5,2026-04-01 22:03:25 UTC,マリン,stereo-tassel-feather-sk-2@example.invalid,,stereo-tassel-feather-skirt,,
雰囲気が可愛い,形がきれいで一枚で決まります。154cmでS、着丈63cm・バスト115cmは表記どおりでした。色はホワイトを選びました。羽織りものとの相性も良さそうです。この価格でこの質感なら満足です。,5,2026-03-30 23:26:16 UTC,ツムギ,star-rabbit-hooded-sweat-1@example.invalid,,star-rabbit-hooded-sweatshirt,,
高見えします,顔まわりが明るく見えます。149cmでS、着丈63cm・バスト115cmは表記どおりでした。スカートに合わせると女性らしくなります。また色違いも欲しくなりました。,5,2026-03-12 13:17:59 UTC,フウカ,star-rabbit-hooded-sweat-2@example.invalid,,star-rabbit-hooded-sweatshirt,,
色味が可愛い,思ったより軽くて着やすいです。編み地がしっかりしていて安っぽくありません。149cmでSを着用してちょうど良かったです。色はイエローを選びました。丈の短いトップスと相性が良いです。出番が多くなりそうです。,5,2026-07-03 06:41:42 UTC,セナ,patchwork-tassel-knit-sw-1@example.invalid,,patchwork-tassel-knit-sweater-jacket,,
高見えします,季節の変わり目に重宝しそうです。編み地がしっかりしていて安っぽくありません。153cmでSを着用してちょうど良かったです。色味が落ち着いているので合わせやすいです。友達にも聞かれました。,5,2026-05-06 00:47:31 UTC,エマ,patchwork-tassel-knit-sw-2@example.invalid,,patchwork-tassel-knit-sweater-jacket,,
雰囲気が可愛い,カジュアルすぎず履けます。152cmでSを着用してちょうど良かったです。ゆとりがあって締めつけ感がありません。色はグレーを選びました。コンパクトなトップスと相性が良いです。リピートしたいと思える一枚です。,5,2026-05-30 12:23:57 UTC,ニナ,gray-fleece-wide-leg-pan-1@example.invalid,,gray-fleece-wide-leg-pants,,
買ってよかった,腰まわりが楽でした。171cmでLを着用してちょうど良かったです。ゆとりがあって締めつけ感がありません。ヒールを合わせると綺麗めになります。長く着られそうです。,5,2026-03-07 15:41:30 UTC,シオリ,gray-fleece-wide-leg-pan-2@example.invalid,,gray-fleece-wide-leg-pants,,
写真どおりでした,季節の変わり目に重宝しそうです。163cmでM、着丈100cmは表記どおりでした。色はホワイトを選びました。シンプルな中身でもこれ一枚で決まります。また色違いも欲しくなりました。,5,2026-03-14 17:29:37 UTC,ユナ,lapel-yarn-fleece-cardig-1@example.invalid,,lapel-yarn-fleece-cardigan,,
買ってよかった,思ったより軽くて着やすいです。155cmでM、着丈100cmは表記どおりでした。色味が落ち着いているので合わせやすいです。買ってよかったです。,5,2026-04-22 14:41:55 UTC,ユメ,lapel-yarn-fleece-cardig-2@example.invalid,,lapel-yarn-fleece-cardigan,,
丈感がちょうどいい,羽織るだけで様になります。リボンの位置が可愛くて気に入りました。167cmでL、着丈85cmは表記どおりでした。色はレッドを選びました。シンプルな中身でもこれ一枚で決まります。出番が多くなりそうです。,5,2026-04-09 02:19:26 UTC,ハルカ,bow-flower-knit-cardigan-1@example.invalid,,bow-flower-knit-cardigan,,
雰囲気が可愛い,思ったより軽くて着やすいです。花柄が派手すぎず上品でした。156cmでS、着丈78cmは表記どおりでした。シンプルな中身でもこれ一枚で決まります。友達にも聞かれました。,5,2026-04-14 02:22:49 UTC,フウカ,bow-flower-knit-cardigan-2@example.invalid,,bow-flower-knit-cardigan,,
丈感がちょうどいい,季節の変わり目に重宝しそうです。花柄が派手すぎず上品でした。163cmでMを着用してちょうど良かったです。色はアプリコットを選びました。シンプルな中身でもこれ一枚で決まります。友達にも聞かれました。,5,2026-03-31 05:17:48 UTC,ユイ,floral-high-neck-chanel--1@example.invalid,,floral-high-neck-chanel-jacket,,
リピートしたいです,羽織るだけで様になります。花柄が派手すぎず上品でした。169cmでLを着用してちょうど良かったです。丈の短いトップスと相性が良いです。この価格でこの質感なら満足です。,5,2026-06-02 23:54:44 UTC,ソラ,floral-high-neck-chanel--2@example.invalid,,floral-high-neck-chanel-jacket,,
買ってよかった,動きやすくて助かります。プリーツがしっかりついていて動くたびにきれいです。156cmでM、着丈103cm・ウエスト72cmは表記どおりでした。色はライトグレーを選びました。コンパクトなトップスと相性が良いです。出番が多くなりそうです。,5,2026-03-05 10:35:19 UTC,マナ,deconstructed-patchwork--1@example.invalid,,deconstructed-patchwork-pleated-trousers,,
高見えします,カジュアルすぎず履けます。プリーツがしっかりついていて動くたびにきれいです。160cmでM、着丈103cm・ウエスト72cmは表記どおりでした。ヒールを合わせると綺麗めになります。この価格でこの質感なら満足です。,5,2026-03-09 05:35:07 UTC,マオ,deconstructed-patchwork--2@example.invalid,,deconstructed-patchwork-pleated-trousers,,
写真どおりでした,羽織るだけで様になります。編み地がしっかりしていて安っぽくありません。156cmでS、着丈58cm・バスト106cmは表記どおりでした。色はレッドを選びました。シンプルな中身でもこれ一枚で決まります。出番が多くなりそうです。,5,2026-06-22 19:04:53 UTC,セナ,snowflake-rabbit-knit-ca-1@example.invalid,,snowflake-rabbit-knit-cardigan,,
リピートしたいです,季節の変わり目に重宝しそうです。編み地がしっかりしていて安っぽくありません。153cmでS、着丈58cm・バスト106cmは表記どおりでした。色味が落ち着いているので合わせやすいです。出番が多くなりそうです。,5,2026-04-03 03:00:26 UTC,ユキ,snowflake-rabbit-knit-ca-2@example.invalid,,snowflake-rabbit-knit-cardigan,,
高見えします,厚すぎず長い期間着られそうです。編み地がしっかりしていて安っぽくありません。165cmでMを着用してちょうど良かったです。色はベージュを選びました。インナーを足して重ね着もできます。友達にも聞かれました。,5,2026-06-20 21:28:15 UTC,サヤ,fair-isle-knit-vest-1@example.invalid,,fair-isle-knit-vest,,
着心地が良いです,一枚で着ても様になります。編み地がしっかりしていて安っぽくありません。165cmでLを着用してちょうど良かったです。インナーを足して重ね着もできます。期待どおりでした。,5,2026-04-27 07:21:01 UTC,マオ,fair-isle-knit-vest-2@example.invalid,,fair-isle-knit-vest,,
写真どおりでした,カジュアルすぎず履けます。デニムの色落ち加減がちょうど良かったです。153cmでSを着用してちょうど良かったです。色はレッドを選びました。コンパクトなトップスと相性が良いです。また色違いも欲しくなりました。,5,2026-07-09 09:33:02 UTC,ヒヨリ,red-wave-denim-pants-1@example.invalid,,red-wave-denim-pants,,
雰囲気が可愛い,動きやすくて助かります。デニムの色落ち加減がちょうど良かったです。154cmでSを着用してちょうど良かったです。ヒールを合わせると綺麗めになります。期待どおりでした。,5,2026-04-04 12:03:59 UTC,アンナ,red-wave-denim-pants-2@example.invalid,,red-wave-denim-pants,,
丈感がちょうどいい,形がきれいで一枚で決まります。チェック柄の色合いが落ち着いていました。170cmでL、着丈54cm・胸囲90cmは表記どおりでした。色はブラウンを選びました。羽織りものとの相性も良さそうです。リピートしたいと思える一枚です。,5,2026-07-17 12:30:49 UTC,マオ,forest-whispering-plaid--1@example.invalid,,forest-whispering-plaid-shirt,,
お気に入りになりました,顔まわりが明るく見えます。チェック柄の色合いが落ち着いていました。171cmでL、着丈54cm・胸囲90cmは表記どおりでした。羽織りものとの相性も良さそうです。長く着られそうです。,5,2026-04-08 06:49:45 UTC,ユナ,forest-whispering-plaid--2@example.invalid,,forest-whispering-plaid-shirt,,
雰囲気が可愛い,羽織るだけで様になります。162cmでL、着丈70cmは表記どおりでした。色はCinnamonを選びました。シンプルな中身でもこれ一枚で決まります。リピートしたいと思える一枚です。,5,2026-04-26 18:11:12 UTC,ソラ,lamb-wool-hooded-winter--1@example.invalid,,lamb-wool-hooded-winter-coat,,
丈感がちょうどいい,思ったより軽くて着やすいです。166cmでL、着丈70cmは表記どおりでした。シンプルな中身でもこれ一枚で決まります。リピートしたいと思える一枚です。,5,2026-04-16 09:46:26 UTC,ミサキ,lamb-wool-hooded-winter--2@example.invalid,,lamb-wool-hooded-winter-coat,,
写真どおりでした,季節の変わり目に重宝しそうです。158cmでS、ウエスト64cm・胸囲84cmは表記どおりでした。色はアプリコットを選びました。シンプルな中身でもこれ一枚で決まります。リピートしたいと思える一枚です。,5,2026-03-23 17:32:25 UTC,ナギサ,little-girls-winter-coat-1@example.invalid,,little-girls-winter-coat-set-up,,
使いやすいです,思ったより軽くて着やすいです。162cmでL、ウエスト72cm・胸囲92cmは表記どおりでした。丈の短いトップスと相性が良いです。買ってよかったです。,5,2026-05-28 09:26:47 UTC,ニナ,little-girls-winter-coat-2@example.invalid,,little-girls-winter-coat-set-up,,
着心地が良いです,思ったより軽くて着やすいです。チェック柄の色合いが落ち着いていました。156cmでM、着丈61cmは表記どおりでした。色はBlack Quiltedを選びました。丈の短いトップスと相性が良いです。また色違いも欲しくなりました。,5,2026-07-14 15:03:34 UTC,ソラ,plaid-padded-cotton-jack-1@example.invalid,,plaid-padded-cotton-jacket,,
可愛いです,季節の変わり目に重宝しそうです。チェック柄の色合いが落ち着いていました。163cmでM、着丈61cmは表記どおりでした。色味が落ち着いているので合わせやすいです。買ってよかったです。,5,2026-07-27 19:05:25 UTC,ユナ,plaid-padded-cotton-jack-2@example.invalid,,plaid-padded-cotton-jacket,,
着心地が良いです,形がきれいで一枚で決まります。レースの繊細さが写真以上でした。155cmでMを着用してちょうど良かったです。色はブラックを選びました。羽織りものとの相性も良さそうです。出番が多くなりそうです。,5,2026-03-07 21:27:24 UTC,アンナ,black-and-white-lace-top-1@example.invalid,,black-and-white-lace-top,,
可愛いです,顔まわりが明るく見えます。レースの繊細さが写真以上でした。164cmでMを着用してちょうど良かったです。デニムに合わせるだけで決まりました。長く着られそうです。,5,2026-04-17 05:57:51 UTC,レイ,black-and-white-lace-top-2@example.invalid,,black-and-white-lace-top,,
色味が可愛い,季節の変わり目に重宝しそうです。167cmでL、着丈64cmは表記どおりでした。色はBrown Quiltedを選びました。丈の短いトップスと相性が良いです。また色違いも欲しくなりました。,5,2026-05-09 07:54:58 UTC,ユキ,hepburn-style-quilted-wi-1@example.invalid,,hepburn-style-quilted-winter-coat,,
写真どおりでした,羽織るだけで様になります。165cmでL、着丈64cmは表記どおりでした。シンプルな中身でもこれ一枚で決まります。また色違いも欲しくなりました。,5,2026-04-25 05:12:54 UTC,リオ,hepburn-style-quilted-wi-2@example.invalid,,hepburn-style-quilted-winter-coat,,
可愛いです,厚すぎず長い期間着られそうです。編み地がしっかりしていて安っぽくありません。164cmでMを着用してちょうど良かったです。色はライトグレーを選びました。インナーを足して重ね着もできます。リピートしたいと思える一枚です。,5,2026-08-06 04:45:11 UTC,ノア,american-knit-polo-sweat-1@example.invalid,,american-knit-polo-sweater,,
写真どおりでした,肌ざわりが良くてチクチクしません。編み地がしっかりしていて安っぽくありません。163cmでMを着用してちょうど良かったです。ロングスカートと合わせるのが気に入っています。期待どおりでした。,5,2026-06-06 22:04:51 UTC,トワ,american-knit-polo-sweat-2@example.invalid,,american-knit-polo-sweater,,
雰囲気が可愛い,肌ざわりが良くてチクチクしません。編み地がしっかりしていて安っぽくありません。148cmでSを着用してちょうど良かったです。色はアプリコットを選びました。ロングスカートと合わせるのが気に入っています。この価格でこの質感なら満足です。,5,2026-05-21 10:33:41 UTC,シオリ,whispers-knit-sweater-se-1@example.invalid,,whispers-knit-sweater-set-up,,
着心地が良いです,一枚で着ても様になります。編み地がしっかりしていて安っぽくありません。165cmでLを着用してちょうど良かったです。パンツでもスカートでも合います。長く着られそうです。,5,2026-05-04 00:14:56 UTC,ホノカ,whispers-knit-sweater-se-2@example.invalid,,whispers-knit-sweater-set-up,,
雰囲気が可愛い,動きやすくて助かります。Aラインのシルエットがきれいに出ます。168cmでLを着用してちょうど良かったです。色はブラックを選びました。ヒールを合わせると綺麗めになります。また色違いも欲しくなりました。,5,2026-05-25 13:17:10 UTC,ミナ,black-autumn-a-line-shor-1@example.invalid,,black-autumn-a-line-shorts,,
使いやすいです,カジュアルすぎず履けます。Aラインのシルエットがきれいに出ます。171cmでLを着用してちょうど良かったです。スニーカーでラフに履いています。また色違いも欲しくなりました。,5,2026-08-09 08:13:14 UTC,ルナ,black-autumn-a-line-shor-2@example.invalid,,black-autumn-a-line-shorts,,
丈感がちょうどいい,羽織るだけで様になります。158cmでS、胸囲98cm・肩幅42cmは表記どおりでした。色味が落ち着いているので合わせやすいです。この価格でこの質感なら満足です。,5,2026-03-23 03:50:25 UTC,ココ,wool-padded-winter-coat-1@example.invalid,,wool-padded-winter-coat,,
使いやすいです,思ったより軽くて着やすいです。150cmでS、胸囲98cm・肩幅42cmは表記どおりでした。シンプルな中身でもこれ一枚で決まります。出番が多くなりそうです。,5,2026-07-19 22:17:08 UTC,サヤ,wool-padded-winter-coat-2@example.invalid,,wool-padded-winter-coat,,
リピートしたいです,厚すぎず長い期間着られそうです。編み地がしっかりしていて安っぽくありません。162cmでL、着丈57cm・胸囲114cmは表記どおりでした。色はレッドを選びました。パンツでもスカートでも合います。また色違いも欲しくなりました。,5,2026-03-03 14:55:39 UTC,ソラ,heart-pony-knit-sweater-1@example.invalid,,heart-pony-knit-sweater,,
色味が可愛い,肌ざわりが良くてチクチクしません。編み地がしっかりしていて安っぽくありません。166cmでL、着丈57cm・胸囲114cmは表記どおりでした。ロングスカートと合わせるのが気に入っています。リピートしたいと思える一枚です。,5,2026-06-19 22:07:20 UTC,サヤ,heart-pony-knit-sweater-2@example.invalid,,heart-pony-knit-sweater,,
可愛いです,丈感がちょうど良かったです。チェック柄の色合いが落ち着いていました。168cmでL、着丈86cm・ウエスト70cmは表記どおりでした。色はブラウンを選びました。タイツを合わせれば秋冬もいけそうです。期待どおりでした。,5,2026-07-15 14:36:04 UTC,ソラ,patchwork-plaid-long-ski-1@example.invalid,,patchwork-plaid-long-skirt,,
期待どおりでした,一枚で雰囲気が出ます。チェック柄の色合いが落ち着いていました。157cmでM、着丈85cm・ウエスト66cmは表記どおりでした。シンプルなトップスを合わせるだけで成立します。また色違いも欲しくなりました。,5,2026-03-19 23:42:47 UTC,ホノカ,patchwork-plaid-long-ski-2@example.invalid,,patchwork-plaid-long-skirt,,
丈感がちょうどいい,厚すぎず長い期間着られそうです。編み地がしっかりしていて安っぽくありません。164cmでL、着丈56cm・胸囲88cmは表記どおりでした。色はベージュを選びました。パンツでもスカートでも合います。リピートしたいと思える一枚です。,5,2026-03-13 10:18:50 UTC,ニナ,lapel-tie-waist-cinching-1@example.invalid,,lapel-tie-waist-cinching-knit-sweater,,
リピートしたいです,一枚で着ても様になります。編み地がしっかりしていて安っぽくありません。163cmでM、着丈56cm・胸囲85cmは表記どおりでした。パンツでもスカートでも合います。期待どおりでした。,5,2026-07-12 12:09:27 UTC,マイ,lapel-tie-waist-cinching-2@example.invalid,,lapel-tie-waist-cinching-knit-sweater,,
着心地が良いです,季節の変わり目に重宝しそうです。チェック柄の色合いが落ち着いていました。167cmでL、着丈72cmは表記どおりでした。色はグレーを選びました。シンプルな中身でもこれ一枚で決まります。友達にも聞かれました。,5,2026-03-06 16:11:23 UTC,キョウカ,plaid-corduroy-collar-ja-1@example.invalid,,plaid-corduroy-collar-jacket,,
お気に入りになりました,思ったより軽くて着やすいです。コーデュロイの畝がきれいでした。158cmでM、着丈69cmは表記どおりでした。色味が落ち着いているので合わせやすいです。出番が多くなりそうです。,5,2026-04-11 21:21:52 UTC,リコ,plaid-corduroy-collar-ja-2@example.invalid,,plaid-corduroy-collar-jacket,,
色味が可愛い,肌ざわりが良くてチクチクしません。編み地がしっかりしていて安っぽくありません。165cmでL、着丈66cmは表記どおりでした。色はホワイトを選びました。インナーを足して重ね着もできます。この価格でこの質感なら満足です。,5,2026-06-21 02:01:21 UTC,ミオ,grumpy-maid-hooded-sweat-1@example.invalid,,grumpy-maid-hooded-sweater,,
お気に入りになりました,厚すぎず長い期間着られそうです。編み地がしっかりしていて安っぽくありません。167cmでL、着丈66cmは表記どおりでした。ロングスカートと合わせるのが気に入っています。期待どおりでした。,5,2026-07-06 10:14:19 UTC,リコ,grumpy-maid-hooded-sweat-2@example.invalid,,grumpy-maid-hooded-sweater,,
雰囲気が可愛い,思ったより軽くて着やすいです。チェック柄の色合いが落ち着いていました。161cmでM、着丈49cm・胸囲95cmは表記どおりでした。色はレッドを選びました。シンプルな中身でもこれ一枚で決まります。友達にも聞かれました。,5,2026-06-13 15:45:58 UTC,ミオ,plaid-red-knit-cardigan-1@example.invalid,,plaid-red-knit-cardigan,,
丈感がちょうどいい,季節の変わり目に重宝しそうです。編み地がしっかりしていて安っぽくありません。160cmでM、着丈49cm・胸囲95cmは表記どおりでした。色味が落ち着いているので合わせやすいです。この価格でこの質感なら満足です。,5,2026-05-06 06:16:21 UTC,カレン,plaid-red-knit-cardigan-2@example.invalid,,plaid-red-knit-cardigan,,
お気に入りになりました,思ったより軽くて着やすいです。リボンの位置が可愛くて気に入りました。158cmでM、肩幅52cmは表記どおりでした。色はグリーンを選びました。色味が落ち着いているので合わせやすいです。期待どおりでした。,5,2026-03-06 09:29:55 UTC,ナナ,winter-bow-cargo-jacket-1@example.invalid,,winter-bow-cargo-jacket,,
着心地が良いです,羽織るだけで様になります。リボンの位置が可愛くて気に入りました。171cmでL、肩幅53cmは表記どおりでした。シンプルな中身でもこれ一枚で決まります。また色違いも欲しくなりました。,5,2026-07-07 12:20:28 UTC,リオ,winter-bow-cargo-jacket-2@example.invalid,,winter-bow-cargo-jacket,,
丈感がちょうどいい,一枚で着ても様になります。レースの繊細さが写真以上でした。151cmでS、肩幅31cmは表記どおりでした。色はダークブルーを選びました。パンツでもスカートでも合います。出番が多くなりそうです。,5,2026-05-20 09:39:50 UTC,ミオ,desire-lace-halterneck-k-1@example.invalid,,desire-lace-halterneck-knitted-top,,
色味が可愛い,厚すぎず長い期間着られそうです。編み地がしっかりしていて安っぽくありません。165cmでL、胸囲76cm・肩幅33cmは表記どおりでした。インナーを足して重ね着もできます。また色違いも欲しくなりました。,5,2026-04-14 21:19:12 UTC,アカリ,desire-lace-halterneck-k-2@example.invalid,,desire-lace-halterneck-knitted-top,,
高見えします,形がきれいで一枚で決まります。148cmでS、胸囲110cm・肩幅47cmは表記どおりでした。色はホワイトを選びました。スカートに合わせると女性らしくなります。長く着られそうです。,5,2026-07-17 16:16:02 UTC,カレン,design-sense-collar-belt-1@example.invalid,,design-sense-collar-belt-shirt,,
雰囲気が可愛い,顔まわりが明るく見えます。158cmでM、胸囲114cm・肩幅48cmは表記どおりでした。羽織りものとの相性も良さそうです。長く着られそうです。,5,2026-03-25 19:06:05 UTC,マナ,design-sense-collar-belt-2@example.invalid,,design-sense-collar-belt-shirt,,
着心地が良いです,動きやすくて助かります。155cmでM、ウエスト70cmは表記どおりでした。ゆとりがあって締めつけ感がありません。色はカーキを選びました。コンパクトなトップスと相性が良いです。この価格でこの質感なら満足です。,5,2026-04-24 20:18:32 UTC,リオ,elegant-wide-leg-pants-1@example.invalid,,elegant-wide-leg-pants,,
買ってよかった,腰まわりが楽でした。153cmでS、ウエスト66cmは表記どおりでした。ゆとりがあって締めつけ感がありません。ヒールを合わせると綺麗めになります。リピートしたいと思える一枚です。,5,2026-03-13 03:34:23 UTC,フウカ,elegant-wide-leg-pants-2@example.invalid,,elegant-wide-leg-pants,,
可愛いです,顔まわりが明るく見えます。チェック柄の色合いが落ち着いていました。163cmでL、肩幅55cmは表記どおりでした。色はブルーを選びました。スカートに合わせると女性らしくなります。リピートしたいと思える一枚です。,5,2026-07-04 05:29:44 UTC,カナ,blue-white-plaid-pocket--1@example.invalid,,blue-white-plaid-pocket-shirt,,
期待どおりでした,合わせやすくて出番が多そうです。チェック柄の色合いが落ち着いていました。156cmでS、肩幅53cmは表記どおりでした。羽織りものとの相性も良さそうです。長く着られそうです。,5,2026-07-04 15:04:25 UTC,エマ,blue-white-plaid-pocket--2@example.invalid,,blue-white-plaid-pocket-shirt,,
リピートしたいです,形がきれいで一枚で決まります。157cmでS、胸囲80cm・肩幅38cmは表記どおりでした。体のラインがきれいに出ます。色はホワイトを選びました。デニムに合わせるだけで決まりました。長く着られそうです。,5,2026-05-26 01:12:15 UTC,セナ,design-sense-slim-top-1@example.invalid,,design-sense-slim-top,,
使いやすいです,合わせやすくて出番が多そうです。159cmでM、胸囲84cm・肩幅39cmは表記どおりでした。体のラインがきれいに出ます。羽織りものとの相性も良さそうです。出番が多くなりそうです。,5,2026-05-12 01:54:10 UTC,ノア,design-sense-slim-top-2@example.invalid,,design-sense-slim-top,,
雰囲気が可愛い,一枚で着ても様になります。レースの繊細さが写真以上でした。156cmでM、胸囲76cm・肩幅34cmは表記どおりでした。色はブルーを選びました。パンツでもスカートでも合います。出番が多くなりそうです。,5,2026-04-18 05:08:24 UTC,ココ,twill-stitch-lace-knit-t-1@example.invalid,,twill-stitch-lace-knit-top,,
リピートしたいです,厚すぎず長い期間着られそうです。編み地がしっかりしていて安っぽくありません。153cmでS、胸囲72cm・肩幅33cmは表記どおりでした。インナーを足して重ね着もできます。長く着られそうです。,5,2026-03-17 04:25:53 UTC,ヒナ,twill-stitch-lace-knit-t-2@example.invalid,,twill-stitch-lace-knit-top,,
可愛いです,羽織るだけで様になります。160cmでM、肩幅52cmは表記どおりでした。色はダークブルーを選びました。色味が落ち着いているので合わせやすいです。この価格でこの質感なら満足です。,5,2026-06-23 19:56:51 UTC,ミク,autumn-winter-dark-blue--1@example.invalid,,autumn-winter-dark-blue-jacket,,
丈感がちょうどいい,思ったより軽くて着やすいです。161cmでM、肩幅52cmは表記どおりでした。丈の短いトップスと相性が良いです。長く着られそうです。,5,2026-07-13 00:09:31 UTC,カレン,autumn-winter-dark-blue--2@example.invalid,,autumn-winter-dark-blue-jacket,,
色味が可愛い,季節の変わり目に重宝しそうです。157cmでM、肩幅54cmは表記どおりでした。体のラインがきれいに出ます。色はダークブルーを選びました。シンプルな中身でもこれ一枚で決まります。買ってよかったです。,5,2026-04-13 07:30:03 UTC,ナナ,slim-fit-sports-style-ja-1@example.invalid,,slim-fit-sports-style-jacket,,
着心地が良いです,羽織るだけで様になります。163cmでM、肩幅54cmは表記どおりでした。ほどよくフィットしてきれいに見えます。色味が落ち着いているので合わせやすいです。友達にも聞かれました。,5,2026-07-07 22:35:12 UTC,フウカ,slim-fit-sports-style-ja-2@example.invalid,,slim-fit-sports-style-jacket,,
リピートしたいです,シルエットがきれいに落ちます。ハイウエストで脚が長く見えます。156cmでS、ウエスト64cmは表記どおりでした。色はグリーンを選びました。シンプルなトップスを合わせるだけで成立します。期待どおりでした。,5,2026-04-20 12:33:58 UTC,アンナ,elegant-high-waist-skirt-1@example.invalid,,elegant-high-waist-skirt,,
丈感がちょうどいい,一枚で雰囲気が出ます。ハイウエストで脚が長く見えます。170cmでL、ウエスト72cm・総丈36cmは表記どおりでした。スニーカーでも綺麗めでも合わせられます。友達にも聞かれました。,5,2026-04-16 10:14:11 UTC,サヤ,elegant-high-waist-skirt-2@example.invalid,,elegant-high-waist-skirt,,
丈感がちょうどいい,顔まわりが明るく見えます。158cmでS、肩幅49cmは表記どおりでした。ゆとりがあって締めつけ感がありません。色はブルーを選びました。スカートに合わせると女性らしくなります。また色違いも欲しくなりました。,5,2026-03-11 01:19:23 UTC,コハル,elegant-oversize-shirt-1@example.invalid,,elegant-oversize-shirt,,
着心地が良いです,形がきれいで一枚で決まります。163cmでM、肩幅50cmは表記どおりでした。オーバーサイズですが着られている感じにはなりません。羽織りものとの相性も良さそうです。長く着られそうです。,5,2026-05-28 01:54:09 UTC,マリン,elegant-oversize-shirt-2@example.invalid,,elegant-oversize-shirt,,
使いやすいです,肌ざわりが良くてチクチクしません。編み地がしっかりしていて安っぽくありません。158cmでS、着丈44cm・胸囲88cmは表記どおりでした。色はピンクを選びました。パンツでもスカートでも合います。友達にも聞かれました。,5,2026-07-01 16:18:25 UTC,フウカ,vintage-pink-knitted-v-n-1@example.invalid,,vintage-pink-knitted-v-neck-sweater-vest,,
期待どおりでした,厚すぎず長い期間着られそうです。レトロな雰囲気が可愛いです。150cmでS、着丈44cm・胸囲88cmは表記どおりでした。パンツでもスカートでも合います。出番が多くなりそうです。,5,2026-05-23 22:28:51 UTC,リン,vintage-pink-knitted-v-n-2@example.invalid,,vintage-pink-knitted-v-neck-sweater-vest,,
使いやすいです,厚すぎず長い期間着られそうです。ストライプの幅がちょうど良いです。171cmでLを着用してちょうど良かったです。色はブルーを選びました。インナーを足して重ね着もできます。リピートしたいと思える一枚です。,5,2026-06-01 20:26:56 UTC,ユキ,gentle-vintage-stripe-sw-1@example.invalid,,gentle-vintage-stripe-sweater,,
可愛いです,肌ざわりが良くてチクチクしません。編み地がしっかりしていて安っぽくありません。153cmでSを着用してちょうど良かったです。パンツでもスカートでも合います。また色違いも欲しくなりました。,5,2026-07-04 06:52:38 UTC,ノア,gentle-vintage-stripe-sw-2@example.invalid,,gentle-vintage-stripe-sweater,,
リピートしたいです,肌ざわりが良くてチクチクしません。編み地がしっかりしていて安っぽくありません。172cmでL、胸囲104cm・肩幅47cmは表記どおりでした。ゆとりがあって締めつけ感がありません。色はグリーンを選びました。パンツでもスカートでも合います。友達にも聞かれました。,5,2026-07-23 23:24:44 UTC,サヤ,lazy-retro-polo-neck-swe-1@example.invalid,,lazy-retro-polo-neck-sweater,,
お気に入りになりました,厚すぎず長い期間着られそうです。レトロな雰囲気が可愛いです。162cmでM、胸囲100cm・肩幅45cmは表記どおりでした。ゆとりがあって締めつけ感がありません。ロングスカートと合わせるのが気に入っています。出番が多くなりそうです。,5,2026-06-14 22:33:49 UTC,マイ,lazy-retro-polo-neck-swe-2@example.invalid,,lazy-retro-polo-neck-sweater,,
お気に入りになりました,合わせやすくて出番が多そうです。リボンの位置が可愛くて気に入りました。169cmでL、胸囲78cm・肩幅35cmは表記どおりでした。色はホワイトを選びました。羽織りものとの相性も良さそうです。リピートしたいと思える一枚です。,5,2026-04-21 12:15:36 UTC,マオ,autumn-bow-halterneck-sl-1@example.invalid,,autumn-bow-halterneck-slimming-top,,
リピートしたいです,形がきれいで一枚で決まります。ホルターネックで首まわりがすっきり見えます。162cmでM、胸囲74cm・肩幅34cmは表記どおりでした。スカートに合わせると女性らしくなります。リピートしたいと思える一枚です。,5,2026-03-19 17:21:59 UTC,ナギサ,autumn-bow-halterneck-sl-2@example.invalid,,autumn-bow-halterneck-slimming-top,,
買ってよかった,形がきれいで一枚で決まります。ドット柄の大きさがちょうど良いです。155cmでM、胸囲78cm・肩幅35cmは表記どおりでした。色はアプリコットを選びました。デニムに合わせるだけで決まりました。リピートしたいと思える一枚です。,5,2026-04-26 16:35:13 UTC,ユナ,retro-polka-dot-high-nec-1@example.invalid,,retro-polka-dot-high-neck-long-sleeve-t-shirt,,
丈感がちょうどいい,顔まわりが明るく見えます。レトロな雰囲気が可愛いです。163cmでL、胸囲82cm・肩幅36cmは表記どおりでした。スカートに合わせると女性らしくなります。長く着られそうです。,5,2026-03-06 15:12:46 UTC,ナギサ,retro-polka-dot-high-nec-2@example.invalid,,retro-polka-dot-high-neck-long-sleeve-t-shirt,,
着心地が良いです,顔まわりが明るく見えます。レースの繊細さが写真以上でした。155cmでS、肩幅53cmは表記どおりでした。色はホワイトを選びました。デニムに合わせるだけで決まりました。長く着られそうです。,5,2026-06-05 08:03:23 UTC,イロハ,autumn-lace-doll-collar--1@example.invalid,,autumn-lace-doll-collar-shirt,,
丈感がちょうどいい,合わせやすくて出番が多そうです。レースの繊細さが写真以上でした。166cmでL、肩幅55cmは表記どおりでした。スカートに合わせると女性らしくなります。期待どおりでした。,5,2026-05-31 06:09:18 UTC,シオリ,autumn-lace-doll-collar--2@example.invalid,,autumn-lace-doll-collar-shirt,,
使いやすいです,思ったより軽くて着やすいです。チェック柄の色合いが落ち着いていました。158cmでS、肩幅51cmは表記どおりでした。色はグリーンを選びました。シンプルな中身でもこれ一枚で決まります。出番が多くなりそうです。,5,2026-05-31 16:54:18 UTC,カナ,winter-retro-green-plaid-1@example.invalid,,winter-retro-green-plaid-jacket,,
丈感がちょうどいい,羽織るだけで様になります。レトロな雰囲気が可愛いです。155cmでS、肩幅51cmは表記どおりでした。色味が落ち着いているので合わせやすいです。この価格でこの質感なら満足です。,5,2026-06-15 23:57:13 UTC,アイ,winter-retro-green-plaid-2@example.invalid,,winter-retro-green-plaid-jacket,,
着心地が良いです,一枚で雰囲気が出ます。ハイウエストで脚が長く見えます。150cmでS、ウエスト68cm・総丈38cmは表記どおりでした。色はDark grayを選びました。タイツを合わせれば秋冬もいけそうです。友達にも聞かれました。,5,2026-05-24 02:21:56 UTC,キョウカ,autumn-high-waisted-wool-1@example.invalid,,autumn-high-waisted-woolen-a-line-skirt,,
丈感がちょうどいい,シルエットがきれいに落ちます。Aラインのシルエットがきれいに出ます。148cmでS、ウエスト68cm・総丈38cmは表記どおりでした。スニーカーでも綺麗めでも合わせられます。この価格でこの質感なら満足です。,5,2026-04-14 18:49:35 UTC,ユキ,autumn-high-waisted-wool-2@example.invalid,,autumn-high-waisted-woolen-a-line-skirt,,
色味が可愛い,カジュアルすぎず履けます。チェック柄の色合いが落ち着いていました。157cmでS、ウエスト66cmは表記どおりでした。色はピンクを選びました。スニーカーでラフに履いています。出番が多くなりそうです。,5,2026-05-09 19:52:19 UTC,コハル,american-pink-plaid-wide-1@example.invalid,,american-pink-plaid-wide-leg-slacks,,
買ってよかった,腰まわりが楽でした。チェック柄の色合いが落ち着いていました。166cmでL、ウエスト74cmは表記どおりでした。スニーカーでラフに履いています。期待どおりでした。,5,2026-06-09 00:17:05 UTC,ノア,american-pink-plaid-wide-2@example.invalid,,american-pink-plaid-wide-leg-slacks,,
お気に入りになりました,形がきれいで一枚で決まります。チェック柄の色合いが落ち着いていました。149cmでS、肩幅49cmは表記どおりでした。色はブラックを選びました。デニムに合わせるだけで決まりました。長く着られそうです。,5,2026-04-07 05:42:36 UTC,アイ,retro-plaid-long-sleeved-1@example.invalid,,retro-plaid-long-sleeved-shirt,,
雰囲気が可愛い,合わせやすくて出番が多そうです。レトロな雰囲気が可愛いです。171cmでL、肩幅51cmは表記どおりでした。デニムに合わせるだけで決まりました。出番が多くなりそうです。,5,2026-03-08 13:04:38 UTC,ミク,retro-plaid-long-sleeved-2@example.invalid,,retro-plaid-long-sleeved-shirt,,
買ってよかった,季節の変わり目に重宝しそうです。レースの繊細さが写真以上でした。164cmでM、胸囲114cmは表記どおりでした。色はグレーを選びました。シンプルな中身でもこれ一枚で決まります。買ってよかったです。,5,2026-05-11 18:31:34 UTC,キョウカ,american-retro-bow-gray--1@example.invalid,,american-retro-bow-gray-sports-jacket,,
写真どおりでした,思ったより軽くて着やすいです。リボンの位置が可愛くて気に入りました。172cmでLを着用してちょうど良かったです。丈の短いトップスと相性が良いです。この価格でこの質感なら満足です。,5,2026-06-07 12:41:51 UTC,ミク,american-retro-bow-gray--2@example.invalid,,american-retro-bow-gray-sports-jacket,,
使いやすいです,シルエットがきれいに落ちます。デニムの色落ち加減がちょうど良かったです。157cmでS、ウエスト66cm・総丈85cmは表記どおりでした。色はブルーを選びました。スニーカーでも綺麗めでも合わせられます。期待どおりでした。,5,2026-03-12 00:43:40 UTC,マナ,high-waisted-irregular-d-1@example.invalid,,high-waisted-irregular-denim-skirt,,
雰囲気が可愛い,丈感がちょうど良かったです。ハイウエストで脚が長く見えます。162cmでL、ウエスト72cm・総丈87cmは表記どおりでした。スニーカーでも綺麗めでも合わせられます。期待どおりでした。,5,2026-03-02 03:49:30 UTC,エマ,high-waisted-irregular-d-2@example.invalid,,high-waisted-irregular-denim-skirt,,
買ってよかった,腰まわりが楽でした。リボンの位置が可愛くて気に入りました。152cmでS、ウエスト66cmは表記どおりでした。色はブルーを選びました。ヒールを合わせると綺麗めになります。リピートしたいと思える一枚です。,5,2026-07-15 12:00:26 UTC,アンナ,retro-bow-design-high-wa-1@example.invalid,,retro-bow-design-high-waisted-denim-pants,,
着心地が良いです,動きやすくて助かります。デニムの色落ち加減がちょうど良かったです。160cmでM、ウエスト70cmは表記どおりでした。コンパクトなトップスと相性が良いです。買ってよかったです。,5,2026-06-21 05:55:11 UTC,ユメ,retro-bow-design-high-wa-2@example.invalid,,retro-bow-design-high-waisted-denim-pants,,
リピートしたいです,丈感がちょうど良かったです。ハイウエストで脚が長く見えます。162cmでM、ウエスト70cmは表記どおりでした。色はグレーを選びました。スニーカーでも綺麗めでも合わせられます。この価格でこの質感なら満足です。,5,2026-03-03 00:44:10 UTC,サヤ,autumn-design-high-waist-1@example.invalid,,autumn-design-high-waist-skirt,,
写真どおりでした,一枚で雰囲気が出ます。ハイウエストで脚が長く見えます。158cmでS、ウエスト66cmは表記どおりでした。スニーカーでも綺麗めでも合わせられます。この価格でこの質感なら満足です。,5,2026-07-04 09:32:37 UTC,エマ,autumn-design-high-waist-2@example.invalid,,autumn-design-high-waist-skirt,,
高見えします,腰まわりが楽でした。ハイウエストで脚が長く見えます。168cmでL、ウエスト70cmは表記どおりでした。ゆとりがあって締めつけ感がありません。色はブラックを選びました。コンパクトなトップスと相性が良いです。期待どおりでした。,5,2026-03-14 22:43:24 UTC,アオイ,high-waisted-wide-leg-sp-1@example.invalid,,high-waisted-wide-leg-sports-sweatpants,,
リピートしたいです,カジュアルすぎず履けます。ハイウエストで脚が長く見えます。152cmでS、ウエスト66cmは表記どおりでした。ゆとりがあって締めつけ感がありません。コンパクトなトップスと相性が良いです。友達にも聞かれました。,5,2026-03-10 02:21:39 UTC,カレン,high-waisted-wide-leg-sp-2@example.invalid,,high-waisted-wide-leg-sports-sweatpants,,
お気に入りになりました,形がきれいで一枚で決まります。リボンの位置が可愛くて気に入りました。164cmでL、胸囲76cm・肩幅31cmは表記どおりでした。色はレッドを選びました。デニムに合わせるだけで決まりました。リピートしたいと思える一枚です。,5,2026-03-24 04:25:01 UTC,ミサキ,retro-design-bow-top-lon-1@example.invalid,,retro-design-bow-top-long-sleeve-t-shirt,,
雰囲気が可愛い,顔まわりが明るく見えます。レトロな雰囲気が可愛いです。153cmでS、肩幅29cmは表記どおりでした。スカートに合わせると女性らしくなります。友達にも聞かれました。,5,2026-07-23 16:00:39 UTC,コハル,retro-design-bow-top-lon-2@example.invalid,,retro-design-bow-top-long-sleeve-t-shirt,,
丈感がちょうどいい,顔まわりが明るく見えます。166cmでL、胸囲84cm・肩幅36cmは表記どおりでした。色はグリーンを選びました。スカートに合わせると女性らしくなります。この価格でこの質感なら満足です。,5,2026-04-06 22:23:26 UTC,コハル,polo-collar-long-sleeve--1@example.invalid,,polo-collar-long-sleeve-t-shirt,,
期待どおりでした,合わせやすくて出番が多そうです。152cmでS、胸囲76cm・肩幅34cmは表記どおりでした。デニムに合わせるだけで決まりました。リピートしたいと思える一枚です。,5,2026-05-29 02:55:57 UTC,モモ,polo-collar-long-sleeve--2@example.invalid,,polo-collar-long-sleeve-t-shirt,,
丈感がちょうどいい,季節の変わり目に重宝しそうです。チェック柄の色合いが落ち着いていました。162cmでLを着用してちょうど良かったです。色はダークブルーを選びました。シンプルな中身でもこれ一枚で決まります。出番が多くなりそうです。,5,2026-06-16 22:23:00 UTC,アカリ,high-end-retro-blue-plai-1@example.invalid,,high-end-retro-blue-plaid-jacket,,
期待どおりでした,羽織るだけで様になります。レトロな雰囲気が可愛いです。159cmでMを着用してちょうど良かったです。色味が落ち着いているので合わせやすいです。期待どおりでした。,5,2026-07-12 07:01:09 UTC,スミレ,high-end-retro-blue-plai-2@example.invalid,,high-end-retro-blue-plaid-jacket,,
リピートしたいです,動きやすくて助かります。ハイウエストで脚が長く見えます。155cmでM、ウエスト74cmは表記どおりでした。色はブラウンを選びました。スニーカーでラフに履いています。この価格でこの質感なら満足です。,5,2026-03-05 06:08:41 UTC,アイ,autumn-high-waisted-slim-1@example.invalid,,autumn-high-waisted-slimming-brown-trousers,,
丈感がちょうどいい,腰まわりが楽でした。ハイウエストで脚が長く見えます。165cmでL、ウエスト78cmは表記どおりでした。コンパクトなトップスと相性が良いです。また色違いも欲しくなりました。,5,2026-07-06 09:23:28 UTC,カナ,autumn-high-waisted-slim-2@example.invalid,,autumn-high-waisted-slimming-brown-trousers,,
着心地が良いです,形がきれいで一枚で決まります。157cmでS、肩幅28cmは表記どおりでした。色はダークブルーを選びました。羽織りものとの相性も良さそうです。この価格でこの質感なら満足です。,5,2026-07-01 20:19:48 UTC,エマ,autumn-star-flared-long--1@example.invalid,,autumn-star-flared-long-sleeve-t-shirt,,
丈感がちょうどいい,合わせやすくて出番が多そうです。161cmでM、胸囲72cm・肩幅29cmは表記どおりでした。スカートに合わせると女性らしくなります。長く着られそうです。,5,2026-03-02 04:28:36 UTC,ユナ,autumn-star-flared-long--2@example.invalid,,autumn-star-flared-long-sleeve-t-shirt,,
リピートしたいです,厚すぎず長い期間着られそうです。編み地がしっかりしていて安っぽくありません。149cmでS、胸囲72cmは表記どおりでした。色はダークブルーを選びました。インナーを足して重ね着もできます。買ってよかったです。,5,2026-04-29 06:20:08 UTC,モモ,patchwork-halterneck-kni-1@example.invalid,,patchwork-halterneck-knitted-top,,
高見えします,一枚で着ても様になります。ホルターネックで首まわりがすっきり見えます。157cmでM、胸囲76cmは表記どおりでした。インナーを足して重ね着もできます。リピートしたいと思える一枚です。,5,2026-03-29 23:37:37 UTC,マオ,patchwork-halterneck-kni-2@example.invalid,,patchwork-halterneck-knitted-top,,
リピートしたいです,動きやすくて助かります。デニムの色落ち加減がちょうど良かったです。160cmでM、ウエスト68cmは表記どおりでした。ほどよくフィットしてきれいに見えます。色はDenim Blueを選びました。コンパクトなトップスと相性が良いです。長く着られそうです。,5,2026-07-23 17:44:38 UTC,カナ,denim-asymmetry-fit-pant-1@example.invalid,,denim-asymmetry-fit-pants,,
色味が可愛い,腰まわりが楽でした。デニムの色落ち加減がちょうど良かったです。156cmでS、ウエスト66cmは表記どおりでした。ほどよくフィットしてきれいに見えます。スニーカーでラフに履いています。また色違いも欲しくなりました。,5,2026-03-10 05:51:59 UTC,モモ,denim-asymmetry-fit-pant-2@example.invalid,,denim-asymmetry-fit-pants,,
丈感がちょうどいい,形がきれいで一枚で決まります。163cmでM、胸囲76cm・肩幅34cmは表記どおりでした。体のラインがきれいに出ます。色はホワイトを選びました。羽織りものとの相性も良さそうです。長く着られそうです。,5,2026-07-27 02:12:32 UTC,コハル,american-slim-high-neck--1@example.invalid,,american-slim-high-neck-top,,
使いやすいです,顔まわりが明るく見えます。164cmでL、胸囲80cm・肩幅35cmは表記どおりでした。体のラインがきれいに出ます。羽織りものとの相性も良さそうです。長く着られそうです。,5,2026-08-01 06:38:54 UTC,ヒヨリ,american-slim-high-neck--2@example.invalid,,american-slim-high-neck-top,,
丈感がちょうどいい,合わせやすくて出番が多そうです。170cmでL、胸囲78cmは表記どおりでした。色はダークブルーを選びました。羽織りものとの相性も良さそうです。期待どおりでした。,5,2026-08-06 21:53:42 UTC,ナギサ,autumn-american-strap-to-1@example.invalid,,autumn-american-strap-top,,
買ってよかった,形がきれいで一枚で決まります。163cmでL、胸囲78cmは表記どおりでした。羽織りものとの相性も良さそうです。期待どおりでした。,5,2026-04-10 02:22:10 UTC,マイ,autumn-american-strap-to-2@example.invalid,,autumn-american-strap-top,,
期待どおりでした,顔まわりが明るく見えます。160cmでM、胸囲78cm・肩幅34cmは表記どおりでした。体のラインがきれいに出ます。色はカーキを選びました。スカートに合わせると女性らしくなります。友達にも聞かれました。,5,2026-05-30 15:46:59 UTC,ヒヨリ,swing-collar-fake-two-pi-1@example.invalid,,swing-collar-fake-two-pieces-slim-top,,
写真どおりでした,形がきれいで一枚で決まります。172cmでL、胸囲82cm・肩幅35cmは表記どおりでした。体のラインがきれいに出ます。羽織りものとの相性も良さそうです。出番が多くなりそうです。,5,2026-05-11 23:03:49 UTC,サラ,swing-collar-fake-two-pi-2@example.invalid,,swing-collar-fake-two-pieces-slim-top,,
使いやすいです,形がきれいで一枚で決まります。リボンの位置が可愛くて気に入りました。158cmでS、肩幅30cmは表記どおりでした。色はブラウンを選びました。スカートに合わせると女性らしくなります。長く着られそうです。,5,2026-06-29 03:42:33 UTC,マオ,fake-two-bow-long-sleeve-1@example.invalid,,fake-two-bow-long-sleeve-t-shirt,,
丈感がちょうどいい,合わせやすくて出番が多そうです。リボンの位置が可愛くて気に入りました。156cmでM、胸囲72cm・肩幅31cmは表記どおりでした。羽織りものとの相性も良さそうです。リピートしたいと思える一枚です。,5,2026-07-05 02:23:15 UTC,アヤ,fake-two-bow-long-sleeve-2@example.invalid,,fake-two-bow-long-sleeve-t-shirt,,
リピートしたいです,顔まわりが明るく見えます。レトロな雰囲気が可愛いです。153cmでS、肩幅51cmは表記どおりでした。色はホワイトを選びました。デニムに合わせるだけで決まりました。この価格でこの質感なら満足です。,5,2026-03-28 16:17:12 UTC,サキ,retro-design-tie-print-s-1@example.invalid,,retro-design-tie-print-shirt,,
着心地が良いです,形がきれいで一枚で決まります。レトロな雰囲気が可愛いです。149cmでS、肩幅51cmは表記どおりでした。羽織りものとの相性も良さそうです。友達にも聞かれました。,5,2026-08-05 04:05:48 UTC,シオリ,retro-design-tie-print-s-2@example.invalid,,retro-design-tie-print-shirt,,
写真どおりでした,季節の変わり目に重宝しそうです。リボンの位置が可愛くて気に入りました。165cmでLを着用してちょうど良かったです。色はブルーを選びました。丈の短いトップスと相性が良いです。長く着られそうです。,5,2026-07-19 01:41:25 UTC,マリン,bow-corduroy-collar-retr-1@example.invalid,,bow-corduroy-collar-retro-denim-jacket,,
高見えします,羽織るだけで様になります。デニムの色落ち加減がちょうど良かったです。161cmでMを着用してちょうど良かったです。シンプルな中身でもこれ一枚で決まります。この価格でこの質感なら満足です。,5,2026-05-26 22:30:13 UTC,ユイ,bow-corduroy-collar-retr-2@example.invalid,,bow-corduroy-collar-retro-denim-jacket,,
高見えします,形がきれいで一枚で決まります。リボンの位置が可愛くて気に入りました。152cmでS、肩幅30cmは表記どおりでした。色はカーキを選びました。羽織りものとの相性も良さそうです。この価格でこの質感なら満足です。,5,2026-04-12 12:29:26 UTC,ユイ,fake-two-bow-halterneck--1@example.invalid,,fake-two-bow-halterneck-top,,
使いやすいです,合わせやすくて出番が多そうです。ホルターネックで首まわりがすっきり見えます。163cmでL、胸囲76cm・肩幅32cmは表記どおりでした。スカートに合わせると女性らしくなります。リピートしたいと思える一枚です。,5,2026-07-24 07:47:38 UTC,アカリ,fake-two-bow-halterneck--2@example.invalid,,fake-two-bow-halterneck-top,,
写真どおりでした,厚すぎず長い期間着られそうです。ストライプの幅がちょうど良いです。157cmでS、着丈60cmは表記どおりでした。色はグリーンを選びました。パンツでもスカートでも合います。この価格でこの質感なら満足です。,5,2026-04-08 20:46:20 UTC,ミサキ,autumn-winter-color-bloc-1@example.invalid,,autumn-winter-color-blocking-striped-v-neck-sweater,,
可愛いです,肌ざわりが良くてチクチクしません。編み地がしっかりしていて安っぽくありません。157cmでS、着丈60cmは表記どおりでした。ロングスカートと合わせるのが気に入っています。リピートしたいと思える一枚です。,5,2026-03-31 23:02:15 UTC,コハル,autumn-winter-color-bloc-2@example.invalid,,autumn-winter-color-blocking-striped-v-neck-sweater,,
写真どおりでした,雰囲気が出て気に入りました。リボンの位置が可愛くて気に入りました。158cmでM、胸囲82cm・肩幅36cmは表記どおりでした。色はダークブルーを選びました。合わせるものを選ばないのが良いです。リピートしたいと思える一枚です。,5,2026-04-10 15:54:27 UTC,エマ,autumn-bow-turtleneck-kn-1@example.invalid,,autumn-bow-turtleneck-knitted-sweater,,
高見えします,合わせやすくて出番が多そうです。編み地がしっかりしていて安っぽくありません。151cmでS、胸囲78cm・肩幅35cmは表記どおりでした。小物次第で印象を変えられます。友達にも聞かれました。,5,2026-04-05 18:56:37 UTC,リコ,autumn-bow-turtleneck-kn-2@example.invalid,,autumn-bow-turtleneck-knitted-sweater,,
買ってよかった,思っていたより丁寧な作りでした。チェック柄の色合いが落ち着いていました。152cmでS、ウエスト68cm・総丈38cmは表記どおりでした。色はグリーンを選びました。手持ちの服とすぐ合わせられました。友達にも聞かれました。,5,2026-04-10 12:46:57 UTC,マナ,green-plaid-woolen-skirt-1@example.invalid,,green-plaid-woolen-skirt,,
期待どおりでした,合わせやすくて出番が多そうです。チェック柄の色合いが落ち着いていました。154cmでS、ウエスト68cm・総丈38cmは表記どおりでした。手持ちの服とすぐ合わせられました。友達にも聞かれました。,5,2026-04-08 22:32:37 UTC,アカリ,green-plaid-woolen-skirt-2@example.invalid,,green-plaid-woolen-skirt,,
丈感がちょうどいい,雰囲気が出て気に入りました。レースの繊細さが写真以上でした。157cmでS、胸囲86cm・肩幅30cmは表記どおりでした。色はCrimsonを選びました。手持ちの服とすぐ合わせられました。また色違いも欲しくなりました。,5,2026-07-10 19:25:53 UTC,カレン,autumn-retro-lace-plaid--1@example.invalid,,autumn-retro-lace-plaid-dress,,
リピートしたいです,合わせやすくて出番が多そうです。チェック柄の色合いが落ち着いていました。163cmでM、胸囲90cm・肩幅31cmは表記どおりでした。小物次第で印象を変えられます。期待どおりでした。,5,2026-07-31 09:31:11 UTC,ユメ,autumn-retro-lace-plaid--2@example.invalid,,autumn-retro-lace-plaid-dress,,
期待どおりでした,雰囲気が出て気に入りました。編み地がしっかりしていて安っぽくありません。170cmでL、胸囲86cm・肩幅35cmは表記どおりでした。体のラインがきれいに出ます。色はグレーを選びました。合わせるものを選ばないのが良いです。友達にも聞かれました。,5,2026-03-29 00:20:17 UTC,ミオ,autumn-slim-halterneck-k-1@example.invalid,,autumn-slim-halterneck-knit-top,,
高見えします,思っていたより丁寧な作りでした。ホルターネックで首まわりがすっきり見えます。166cmでL、胸囲86cm・肩幅35cmは表記どおりでした。体のラインがきれいに出ます。手持ちの服とすぐ合わせられました。この価格でこの質感なら満足です。,5,2026-07-10 23:12:58 UTC,ミク,autumn-slim-halterneck-k-2@example.invalid,,autumn-slim-halterneck-knit-top,,
リピートしたいです,思っていたより丁寧な作りでした。編み地がしっかりしていて安っぽくありません。162cmでM、胸囲78cm・肩幅36cmは表記どおりでした。体のラインがきれいに出ます。色はグリーンを選びました。小物次第で印象を変えられます。友達にも聞かれました。,5,2026-03-04 03:53:15 UTC,サラ,slim-rabbit-print-knitte-1@example.invalid,,slim-rabbit-print-knitted-base-shirt,,
買ってよかった,雰囲気が出て気に入りました。編み地がしっかりしていて安っぽくありません。163cmでM、胸囲78cm・肩幅36cmは表記どおりでした。体のラインがきれいに出ます。小物次第で印象を変えられます。リピートしたいと思える一枚です。,5,2026-05-17 05:12:41 UTC,アヤ,slim-rabbit-print-knitte-2@example.invalid,,slim-rabbit-print-knitted-base-shirt,,
買ってよかった,雰囲気が出て気に入りました。リボンの位置が可愛くて気に入りました。171cmでL、ウエスト70cmは表記どおりでした。ゆとりがあって締めつけ感がありません。色はグレーを選びました。小物次第で印象を変えられます。この価格でこの質感なら満足です。,5,2026-03-03 06:03:45 UTC,ナオ,gray-bow-wide-leg-sweatp-1@example.invalid,,gray-bow-wide-leg-sweatpants,,
使いやすいです,合わせやすくて出番が多そうです。リボンの位置が可愛くて気に入りました。158cmでS、ウエスト66cmは表記どおりでした。ゆとりがあって締めつけ感がありません。小物次第で印象を変えられます。期待どおりでした。,5,2026-07-28 07:14:01 UTC,ユナ,gray-bow-wide-leg-sweatp-2@example.invalid,,gray-bow-wide-leg-sweatpants,,
雰囲気が可愛い,雰囲気が出て気に入りました。リボンの位置が可愛くて気に入りました。167cmでL、着丈56cm・胸囲92cmは表記どおりでした。色はダークブルーを選びました。合わせるものを選ばないのが良いです。長く着られそうです。,5,2026-04-27 01:47:18 UTC,ニナ,autumn-silk-bow-cardigan-1@example.invalid,,autumn-silk-bow-cardigan,,
可愛いです,合わせやすくて出番が多そうです。リボンの位置が可愛くて気に入りました。159cmでM、着丈54cm・胸囲88cmは表記どおりでした。合わせるものを選ばないのが良いです。この価格でこの質感なら満足です。,5,2026-06-18 20:25:45 UTC,フウカ,autumn-silk-bow-cardigan-2@example.invalid,,autumn-silk-bow-cardigan,,
丈感がちょうどいい,雰囲気が出て気に入りました。編み地がしっかりしていて安っぽくありません。163cmでL、着丈60cm・胸囲72cmは表記どおりでした。色はグリーンを選びました。合わせるものを選ばないのが良いです。買ってよかったです。,5,2026-03-06 12:07:36 UTC,マナ,american-retro-knitted-s-1@example.invalid,,american-retro-knitted-sweater,,
高見えします,合わせやすくて出番が多そうです。レトロな雰囲気が可愛いです。170cmでL、着丈60cm・胸囲72cmは表記どおりでした。合わせるものを選ばないのが良いです。長く着られそうです。,5,2026-07-09 12:06:29 UTC,ノア,american-retro-knitted-s-2@example.invalid,,american-retro-knitted-sweater,,
リピートしたいです,雰囲気が出て気に入りました。150cmでS、着丈62cm・胸囲112cmは表記どおりでした。色はグリーンを選びました。合わせるものを選ばないのが良いです。出番が多くなりそうです。,5,2026-08-01 04:31:48 UTC,ルナ,autumn-glutinous-green-l-1@example.invalid,,autumn-glutinous-green-leopard-cardigan,,
色味が可愛い,合わせやすくて出番が多そうです。157cmでM、着丈64cmは表記どおりでした。合わせるものを選ばないのが良いです。リピートしたいと思える一枚です。,5,2026-03-10 22:33:17 UTC,アオイ,autumn-glutinous-green-l-2@example.invalid,,autumn-glutinous-green-leopard-cardigan,,
色味が可愛い,雰囲気が出て気に入りました。チェック柄の色合いが落ち着いていました。162cmでL、ウエスト74cm・総丈86cmは表記どおりでした。色はグリーンを選びました。合わせるものを選ばないのが良いです。リピートしたいと思える一枚です。,5,2026-03-04 19:34:58 UTC,ハルカ,high-waist-irregular-pla-1@example.invalid,,high-waist-irregular-plaid-leopard-print-midi-skirt,,
リピートしたいです,思っていたより丁寧な作りでした。ハイウエストで脚が長く見えます。169cmでL、ウエスト74cm・総丈86cmは表記どおりでした。合わせるものを選ばないのが良いです。また色違いも欲しくなりました。,5,2026-04-16 21:41:26 UTC,アヤ,high-waist-irregular-pla-2@example.invalid,,high-waist-irregular-plaid-leopard-print-midi-skirt,,
着心地が良いです,思っていたより丁寧な作りでした。編み地がしっかりしていて安っぽくありません。156cmでM、胸囲78cm・肩幅35cmは表記どおりでした。色はホワイトを選びました。合わせるものを選ばないのが良いです。リピートしたいと思える一枚です。,5,2026-08-06 13:28:51 UTC,サヤ,autumn-retro-high-neck-k-1@example.invalid,,autumn-retro-high-neck-knitted-top,,
高見えします,合わせやすくて出番が多そうです。レトロな雰囲気が可愛いです。171cmでL、胸囲82cm・肩幅36cmは表記どおりでした。小物次第で印象を変えられます。長く着られそうです。,5,2026-03-03 03:43:13 UTC,マリン,autumn-retro-high-neck-k-2@example.invalid,,autumn-retro-high-neck-knitted-top,,
雰囲気が可愛い,思っていたより丁寧な作りでした。ハイウエストで脚が長く見えます。158cmでS、ウエスト66cm・総丈86cmは表記どおりでした。色はブラウンを選びました。手持ちの服とすぐ合わせられました。長く着られそうです。,5,2026-04-28 19:27:15 UTC,カレン,autumn-winter-high-waist-1@example.invalid,,autumn-winter-high-waisted-slimming-skirt,,
買ってよかった,合わせやすくて出番が多そうです。ハイウエストで脚が長く見えます。165cmでL、ウエスト74cm・総丈88cmは表記どおりでした。合わせるものを選ばないのが良いです。買ってよかったです。,5,2026-07-19 19:32:05 UTC,エマ,autumn-winter-high-waist-2@example.invalid,,autumn-winter-high-waisted-slimming-skirt,,
着心地が良いです,思っていたより丁寧な作りでした。リボンの位置が可愛くて気に入りました。168cmでL、ウエスト76cmは表記どおりでした。色はブラウンを選びました。合わせるものを選ばないのが良いです。買ってよかったです。,5,2026-06-08 18:57:17 UTC,マリン,autumn-retro-bow-high-wa-1@example.invalid,,autumn-retro-bow-high-waist-slimming-trousers,,
雰囲気が可愛い,雰囲気が出て気に入りました。ハイウエストで脚が長く見えます。153cmでS、ウエスト68cmは表記どおりでした。合わせるものを選ばないのが良いです。期待どおりでした。,5,2026-04-10 01:12:18 UTC,セナ,autumn-retro-bow-high-wa-2@example.invalid,,autumn-retro-bow-high-waist-slimming-trousers,,
高見えします,合わせやすくて出番が多そうです。編み地がしっかりしていて安っぽくありません。161cmでM、胸囲82cm・肩幅36cmは表記どおりでした。色はカーキを選びました。小物次第で印象を変えられます。また色違いも欲しくなりました。,5,2026-04-23 16:57:13 UTC,ミサキ,design-leopard-print-lon-1@example.invalid,,design-leopard-print-long-sleeve-knit-shirt,,
リピートしたいです,雰囲気が出て気に入りました。編み地がしっかりしていて安っぽくありません。152cmでS、胸囲78cm・肩幅35cmは表記どおりでした。合わせるものを選ばないのが良いです。出番が多くなりそうです。,5,2026-06-30 15:41:12 UTC,マイ,design-leopard-print-lon-2@example.invalid,,design-leopard-print-long-sleeve-knit-shirt,,
期待どおりでした,思っていたより丁寧な作りでした。レースの繊細さが写真以上でした。151cmでS、胸囲106cm・肩幅38cmは表記どおりでした。色はブラウンを選びました。小物次第で印象を変えられます。友達にも聞かれました。,5,2026-04-16 00:23:09 UTC,シオリ,autumn-leopard-lace-jack-1@example.invalid,,autumn-leopard-lace-jacket,,
お気に入りになりました,合わせやすくて出番が多そうです。レースの繊細さが写真以上でした。163cmでL、胸囲114cm・肩幅40cmは表記どおりでした。小物次第で印象を変えられます。出番が多くなりそうです。,5,2026-04-15 09:18:56 UTC,セナ,autumn-leopard-lace-jack-2@example.invalid,,autumn-leopard-lace-jacket,,
お気に入りになりました,合わせやすくて出番が多そうです。チェック柄の色合いが落ち着いていました。167cmでL、胸囲90cm・肩幅34cmは表記どおりでした。色はブラウンを選びました。合わせるものを選ばないのが良いです。長く着られそうです。,5,2026-05-08 10:56:34 UTC,モモ,autumn-reddish-brown-pla-1@example.invalid,,autumn-reddish-brown-plaid-rabbit-pocket-vest-dress,,
色味が可愛い,雰囲気が出て気に入りました。チェック柄の色合いが落ち着いていました。169cmでL、胸囲90cm・肩幅34cmは表記どおりでした。小物次第で印象を変えられます。また色違いも欲しくなりました。,5,2026-05-24 22:00:56 UTC,ソラ,autumn-reddish-brown-pla-2@example.invalid,,autumn-reddish-brown-plaid-rabbit-pocket-vest-dress,,
お気に入りになりました,雰囲気が出て気に入りました。リボンの位置が可愛くて気に入りました。161cmでM、肩幅48cmは表記どおりでした。色はグリーンを選びました。手持ちの服とすぐ合わせられました。長く着られそうです。,5,2026-06-02 03:30:45 UTC,トワ,american-retro-bow-pocke-1@example.invalid,,american-retro-bow-pocket-woolen-coat,,
写真どおりでした,合わせやすくて出番が多そうです。レトロな雰囲気が可愛いです。170cmでL、肩幅49cmは表記どおりでした。合わせるものを選ばないのが良いです。また色違いも欲しくなりました。,5,2026-05-06 12:45:48 UTC,アオイ,american-retro-bow-pocke-2@example.invalid,,american-retro-bow-pocket-woolen-coat,,
お気に入りになりました,雰囲気が出て気に入りました。ヴィンテージ感のある色味が気に入りました。154cmでS、胸囲110cm・肩幅55cmは表記どおりでした。色はブルーグリーンを選びました。手持ちの服とすぐ合わせられました。期待どおりでした。,5,2026-06-16 21:48:23 UTC,アカリ,autumn-vintage-rabbit-ca-1@example.invalid,,autumn-vintage-rabbit-cardigan,,
着心地が良いです,思っていたより丁寧な作りでした。ヴィンテージ感のある色味が気に入りました。167cmでLを着用してちょうど良かったです。手持ちの服とすぐ合わせられました。長く着られそうです。,5,2026-04-03 09:48:37 UTC,ツムギ,autumn-vintage-rabbit-ca-2@example.invalid,,autumn-vintage-rabbit-cardigan,,
高見えします,合わせやすくて出番が多そうです。リボンの位置が可愛くて気に入りました。165cmでM、胸囲98cm・肩幅37cmは表記どおりでした。色はレッドを選びました。合わせるものを選ばないのが良いです。長く着られそうです。,5,2026-06-30 22:12:45 UTC,ナナ,american-retro-striped-b-1@example.invalid,,american-retro-striped-bow-knitted-vest-dress,,
期待どおりでした,雰囲気が出て気に入りました。ストライプの幅がちょうど良いです。152cmでS、胸囲94cm・肩幅36cmは表記どおりでした。手持ちの服とすぐ合わせられました。この価格でこの質感なら満足です。,5,2026-08-06 22:13:09 UTC,アオイ,american-retro-striped-b-2@example.invalid,,american-retro-striped-bow-knitted-vest-dress,,
可愛いです,思っていたより丁寧な作りでした。164cmでM、肩幅50cmは表記どおりでした。色はブラウンを選びました。合わせるものを選ばないのが良いです。期待どおりでした。,5,2026-03-24 16:59:04 UTC,マナ,autumn-doll-brown-woolen-1@example.invalid,,autumn-doll-brown-woolen-coat,,
丈感がちょうどいい,合わせやすくて出番が多そうです。163cmでL、肩幅51cmは表記どおりでした。手持ちの服とすぐ合わせられました。この価格でこの質感なら満足です。,5,2026-04-23 13:48:51 UTC,マイ,autumn-doll-brown-woolen-2@example.invalid,,autumn-doll-brown-woolen-coat,,
丈感がちょうどいい,合わせやすくて出番が多そうです。151cmでS、肩幅51cmは表記どおりでした。色はカーキを選びました。手持ちの服とすぐ合わせられました。友達にも聞かれました。,5,2026-05-13 19:41:27 UTC,シオリ,cat-pattern-workwear-sty-1@example.invalid,,cat-pattern-workwear-style-slimming-cotton-jacket,,
色味が可愛い,思っていたより丁寧な作りでした。158cmでM、肩幅52cmは表記どおりでした。小物次第で印象を変えられます。リピートしたいと思える一枚です。,5,2026-07-03 04:31:45 UTC,コハル,cat-pattern-workwear-sty-2@example.invalid,,cat-pattern-workwear-style-slimming-cotton-jacket,,
期待どおりでした,雰囲気が出て気に入りました。編み地がしっかりしていて安っぽくありません。155cmでM、ウエスト72cmは表記どおりでした。色はブルーグリーンを選びました。小物次第で印象を変えられます。友達にも聞かれました。,5,2026-07-18 01:17:47 UTC,ミサキ,retro-design-high-waist--1@example.invalid,,retro-design-high-waist-a-line-knitted-skirt,,
写真どおりでした,合わせやすくて出番が多そうです。ハイウエストで脚が長く見えます。158cmでM、ウエスト72cmは表記どおりでした。合わせるものを選ばないのが良いです。また色違いも欲しくなりました。,5,2026-05-03 23:40:09 UTC,ヒナ,retro-design-high-waist--2@example.invalid,,retro-design-high-waist-a-line-knitted-skirt,,
買ってよかった,合わせやすくて出番が多そうです。リボンの位置が可愛くて気に入りました。169cmでL、胸囲78cmは表記どおりでした。色はブラックを選びました。合わせるものを選ばないのが良いです。また色違いも欲しくなりました。,5,2026-05-13 13:42:12 UTC,ルナ,bow-knot-knitted-halter--1@example.invalid,,bow-knot-knitted-halter-top,,
丈感がちょうどいい,雰囲気が出て気に入りました。編み地がしっかりしていて安っぽくありません。166cmでL、胸囲78cmは表記どおりでした。手持ちの服とすぐ合わせられました。長く着られそうです。,5,2026-03-08 03:54:36 UTC,チヒロ,bow-knot-knitted-halter--2@example.invalid,,bow-knot-knitted-halter-top,,
可愛いです,雰囲気が出て気に入りました。チェック柄の色合いが落ち着いていました。171cmでLを着用してちょうど良かったです。色はブルーを選びました。小物次第で印象を変えられます。買ってよかったです。,5,2026-04-17 08:51:50 UTC,ユイ,autumn-embroidery-plaid--1@example.invalid,,autumn-embroidery-plaid-cotton-jacket,,
使いやすいです,思っていたより丁寧な作りでした。刺繍が丁寧で高見えします。156cmでM、胸囲112cmは表記どおりでした。小物次第で印象を変えられます。出番が多くなりそうです。,5,2026-05-02 05:30:16 UTC,ハルカ,autumn-embroidery-plaid--2@example.invalid,,autumn-embroidery-plaid-cotton-jacket,,
雰囲気が可愛い,思っていたより丁寧な作りでした。164cmでLを着用してちょうど良かったです。色はブルーを選びました。合わせるものを選ばないのが良いです。また色違いも欲しくなりました。,5,2026-08-04 13:11:41 UTC,ナナ,butterfly-cardigan-sweat-1@example.invalid,,butterfly-cardigan-sweater-jacket,,
着心地が良いです,合わせやすくて出番が多そうです。171cmでLを着用してちょうど良かったです。手持ちの服とすぐ合わせられました。買ってよかったです。,5,2026-07-07 17:23:26 UTC,モモ,butterfly-cardigan-sweat-2@example.invalid,,butterfly-cardigan-sweater-jacket,,
期待どおりでした,合わせやすくて出番が多そうです。156cmでM、肩幅50cmは表記どおりでした。色はダークブルーを選びました。合わせるものを選ばないのが良いです。また色違いも欲しくなりました。,5,2026-06-25 03:55:05 UTC,サヤ,autumn-doll-blue-woolen--1@example.invalid,,autumn-doll-blue-woolen-coat,,
高見えします,思っていたより丁寧な作りでした。157cmでS、肩幅49cmは表記どおりでした。合わせるものを選ばないのが良いです。また色違いも欲しくなりました。,5,2026-05-20 03:39:29 UTC,リオ,autumn-doll-blue-woolen--2@example.invalid,,autumn-doll-blue-woolen-coat,,
お気に入りになりました,思ったより軽くて着やすいです。レースの繊細さが写真以上でした。164cmでM、肩幅55cmは表記どおりでした。色はブラックを選びました。丈の短いトップスと相性が良いです。長く着られそうです。,5,2026-06-10 01:52:13 UTC,エマ,american-vintage-lace-sp-1@example.invalid,,american-vintage-lace-splicing-cotton-jacket,,
リピートしたいです,羽織るだけで様になります。ヴィンテージ感のある色味が気に入りました。162cmでLを着用してちょうど良かったです。丈の短いトップスと相性が良いです。また色違いも欲しくなりました。,5,2026-06-29 16:30:57 UTC,マイ,american-vintage-lace-sp-2@example.invalid,,american-vintage-lace-splicing-cotton-jacket,,
写真どおりでした,厚すぎず長い期間着られそうです。編み地がしっかりしていて安っぽくありません。150cmでS、胸囲70cm・肩幅33cmは表記どおりでした。色はピンクを選びました。パンツでもスカートでも合います。この価格でこの質感なら満足です。,5,2026-03-27 07:24:30 UTC,ユナ,leopard-print-knitted-sw-1@example.invalid,,leopard-print-knitted-sweater,,
お気に入りになりました,肌ざわりが良くてチクチクしません。編み地がしっかりしていて安っぽくありません。153cmでS、胸囲70cm・肩幅33cmは表記どおりでした。ロングスカートと合わせるのが気に入っています。この価格でこの質感なら満足です。,5,2026-07-14 11:04:36 UTC,カレン,leopard-print-knitted-sw-2@example.invalid,,leopard-print-knitted-sweater,,
丈感がちょうどいい,季節の変わり目に重宝しそうです。156cmでS、胸囲100cm・肩幅37cmは表記どおりでした。色はグレーを選びました。丈の短いトップスと相性が良いです。長く着られそうです。,5,2026-07-05 07:31:40 UTC,フウカ,star-print-color-blockin-1@example.invalid,,star-print-color-blocking-cotton-coat,,
雰囲気が可愛い,羽織るだけで様になります。158cmでS、胸囲100cm・肩幅37cmは表記どおりでした。シンプルな中身でもこれ一枚で決まります。長く着られそうです。,5,2026-03-29 03:37:37 UTC,ミオ,star-print-color-blockin-2@example.invalid,,star-print-color-blocking-cotton-coat,,
色味が可愛い,羽織るだけで様になります。158cmでMを着用してちょうど良かったです。色はブルーを選びました。シンプルな中身でもこれ一枚で決まります。また色違いも欲しくなりました。,5,2026-06-11 05:54:14 UTC,スミレ,american-style-warm-cott-1@example.invalid,,american-style-warm-cotton-coat,,
高見えします,思ったより軽くて着やすいです。155cmでSを着用してちょうど良かったです。シンプルな中身でもこれ一枚で決まります。出番が多くなりそうです。,5,2026-07-10 06:56:10 UTC,トワ,american-style-warm-cott-2@example.invalid,,american-style-warm-cotton-coat,,
雰囲気が可愛い,一枚で着られるので楽です。チェック柄の色合いが落ち着いていました。157cmでM、胸囲86cm・肩幅33cmは表記どおりでした。色はグリーンを選びました。そのままでも十分様になります。長く着られそうです。,5,2026-04-26 00:50:30 UTC,リン,green-plaid-teddy-vest-d-1@example.invalid,,green-plaid-teddy-vest-dress,,
期待どおりでした,スタイルよく見えます。チェック柄の色合いが落ち着いていました。156cmでS、胸囲82cm・肩幅32cmは表記どおりでした。羽織りものを足せば長く着られそうです。期待どおりでした。,5,2026-04-22 20:25:27 UTC,ユキ,green-plaid-teddy-vest-d-2@example.invalid,,green-plaid-teddy-vest-dress,,
期待どおりでした,肌ざわりが良くてチクチクしません。リボンの位置が可愛くて気に入りました。164cmでM、胸囲80cm・肩幅37cmは表記どおりでした。色はアプリコットを選びました。ロングスカートと合わせるのが気に入っています。買ってよかったです。,5,2026-06-29 09:05:40 UTC,ユイ,bow-halter-knitted-top-1@example.invalid,,bow-halter-knitted-top,,
丈感がちょうどいい,厚すぎず長い期間着られそうです。編み地がしっかりしていて安っぽくありません。163cmでM、胸囲80cm・肩幅37cmは表記どおりでした。ロングスカートと合わせるのが気に入っています。長く着られそうです。,5,2026-05-02 22:19:35 UTC,セナ,bow-halter-knitted-top-2@example.invalid,,bow-halter-knitted-top,,
可愛いです,丈感がちょうど良かったです。チェック柄の色合いが落ち着いていました。171cmでLを着用してちょうど良かったです。色はダークブラウンを選びました。スニーカーでも綺麗めでも合わせられます。また色違いも欲しくなりました。,5,2026-06-30 01:16:30 UTC,コハル,dark-brown-plaid-skirt-1@example.invalid,,dark-brown-plaid-skirt,,
使いやすいです,シルエットがきれいに落ちます。チェック柄の色合いが落ち着いていました。153cmでSを着用してちょうど良かったです。スニーカーでも綺麗めでも合わせられます。期待どおりでした。,5,2026-04-22 05:43:05 UTC,フウカ,dark-brown-plaid-skirt-2@example.invalid,,dark-brown-plaid-skirt,,
お気に入りになりました,厚すぎず長い期間着られそうです。ドット柄の大きさがちょうど良いです。164cmでM、胸囲83cm・肩幅34cmは表記どおりでした。色はアプリコットを選びました。インナーを足して重ね着もできます。友達にも聞かれました。,5,2026-03-16 22:08:07 UTC,ツムギ,polka-dot-knitted-top-1@example.invalid,,polka-dot-knitted-top,,
色味が可愛い,一枚で着ても様になります。編み地がしっかりしていて安っぽくありません。148cmでS、胸囲79cm・肩幅33cmは表記どおりでした。パンツでもスカートでも合います。リピートしたいと思える一枚です。,5,2026-07-24 16:53:29 UTC,ユイ,polka-dot-knitted-top-2@example.invalid,,polka-dot-knitted-top,,
買ってよかった,一枚で雰囲気が出ます。チェック柄の色合いが落ち着いていました。163cmでLを着用してちょうど良かったです。色はレッドを選びました。スニーカーでも綺麗めでも合わせられます。買ってよかったです。,5,2026-04-24 03:51:44 UTC,ユイ,retro-plaid-drawstring-s-1@example.invalid,,retro-plaid-drawstring-skirt,,
雰囲気が可愛い,丈感がちょうど良かったです。レトロな雰囲気が可愛いです。169cmでLを着用してちょうど良かったです。スニーカーでも綺麗めでも合わせられます。長く着られそうです。,5,2026-03-16 17:03:09 UTC,チヒロ,retro-plaid-drawstring-s-2@example.invalid,,retro-plaid-drawstring-skirt,,
リピートしたいです,一枚で着ても様になります。編み地がしっかりしていて安っぽくありません。162cmでLを着用してちょうど良かったです。色はグリーンを選びました。パンツでもスカートでも合います。リピートしたいと思える一枚です。,5,2026-05-09 23:37:12 UTC,ニナ,retro-gradient-v-neck-sw-1@example.invalid,,retro-gradient-v-neck-sweater,,
丈感がちょうどいい,厚すぎず長い期間着られそうです。レトロな雰囲気が可愛いです。152cmでS、胸囲112cmは表記どおりでした。パンツでもスカートでも合います。長く着られそうです。,5,2026-07-31 19:16:34 UTC,セナ,retro-gradient-v-neck-sw-2@example.invalid,,retro-gradient-v-neck-sweater,,
買ってよかった,思ったより軽くて着やすいです。編み地がしっかりしていて安っぽくありません。150cmでS、胸囲98cm・肩幅54cmは表記どおりでした。色はレッドを選びました。色味が落ち着いているので合わせやすいです。出番が多くなりそうです。,5,2026-04-29 17:06:14 UTC,ノア,american-style-red-cardi-1@example.invalid,,american-style-red-cardigan-sweater,,
色味が可愛い,季節の変わり目に重宝しそうです。編み地がしっかりしていて安っぽくありません。159cmでM、胸囲102cmは表記どおりでした。丈の短いトップスと相性が良いです。この価格でこの質感なら満足です。,5,2026-03-30 04:57:12 UTC,ミナ,american-style-red-cardi-2@example.invalid,,american-style-red-cardigan-sweater,,
色味が可愛い,一枚で雰囲気が出ます。ドット柄の大きさがちょうど良いです。159cmでMを着用してちょうど良かったです。色はダークブラウンを選びました。タイツを合わせれば秋冬もいけそうです。期待どおりでした。,5,2026-05-25 01:45:55 UTC,ホノカ,retro-polka-dot-skirt-1@example.invalid,,retro-polka-dot-skirt,,
買ってよかった,丈感がちょうど良かったです。レトロな雰囲気が可愛いです。170cmでLを着用してちょうど良かったです。タイツを合わせれば秋冬もいけそうです。また色違いも欲しくなりました。,5,2026-05-28 18:50:40 UTC,ニナ,retro-polka-dot-skirt-2@example.invalid,,retro-polka-dot-skirt,,
丈感がちょうどいい,厚すぎず長い期間着られそうです。フリルのボリュームがちょうど良いです。156cmでS、肩幅33cmは表記どおりでした。色はアプリコットを選びました。ロングスカートと合わせるのが気に入っています。長く着られそうです。,5,2026-07-10 21:09:39 UTC,イロハ,bow-knot-ruffled-knit-to-1@example.invalid,,bow-knot-ruffled-knit-top,,
雰囲気が可愛い,一枚で着ても様になります。リボンの位置が可愛くて気に入りました。158cmでM、肩幅34cmは表記どおりでした。ロングスカートと合わせるのが気に入っています。友達にも聞かれました。,5,2026-03-01 04:59:43 UTC,カレン,bow-knot-ruffled-knit-to-2@example.invalid,,bow-knot-ruffled-knit-top,,
リピートしたいです,季節の変わり目に重宝しそうです。チェック柄の色合いが落ち着いていました。151cmでS、肩幅47cmは表記どおりでした。色はグリーンを選びました。色味が落ち着いているので合わせやすいです。買ってよかったです。,5,2026-03-05 16:51:40 UTC,ニナ,retro-plaid-woolen-coat-1@example.invalid,,retro-plaid-woolen-coat,,
期待どおりでした,思ったより軽くて着やすいです。レトロな雰囲気が可愛いです。162cmでL、肩幅49cmは表記どおりでした。シンプルな中身でもこれ一枚で決まります。友達にも聞かれました。,5,2026-08-08 20:29:10 UTC,ホノカ,retro-plaid-woolen-coat-2@example.invalid,,retro-plaid-woolen-coat,,
着心地が良いです,厚すぎず長い期間着られそうです。レースの繊細さが写真以上でした。161cmでM、胸囲72cm・肩幅32cmは表記どおりでした。色はパープルを選びました。ロングスカートと合わせるのが気に入っています。この価格でこの質感なら満足です。,5,2026-05-21 22:17:56 UTC,ミナ,zizifei-knit-lace-top-1@example.invalid,,zizifei-knit-lace-top,,
買ってよかった,一枚で着ても様になります。編み地がしっかりしていて安っぽくありません。150cmでS、肩幅31cmは表記どおりでした。ロングスカートと合わせるのが気に入っています。友達にも聞かれました。,5,2026-05-18 07:15:27 UTC,ミオ,zizifei-knit-lace-top-2@example.invalid,,zizifei-knit-lace-top,,
お気に入りになりました,肌ざわりが良くてチクチクしません。ストライプの幅がちょうど良いです。161cmでMを着用してちょうど良かったです。色はグリーンを選びました。パンツでもスカートでも合います。出番が多くなりそうです。,5,2026-06-22 14:32:41 UTC,ユキ,retro-striped-knitted-sk-1@example.invalid,,retro-striped-knitted-skirt,,
丈感がちょうどいい,一枚で着ても様になります。編み地がしっかりしていて安っぽくありません。166cmでLを着用してちょうど良かったです。ロングスカートと合わせるのが気に入っています。友達にも聞かれました。,5,2026-06-26 16:26:48 UTC,ユメ,retro-striped-knitted-sk-2@example.invalid,,retro-striped-knitted-skirt,,
色味が可愛い,動きやすくて助かります。160cmでM、ウエスト72cm・総丈102cmは表記どおりでした。ゆとりがあって締めつけ感がありません。スニーカーでラフに履いています。長く着られそうです。,5,2026-04-27 00:25:08 UTC,ナオ,korean-style-wide-pants-1@example.invalid,,korean-style-wide-pants,,
使いやすいです,カジュアルすぎず履けます。162cmでL、ウエスト76cm・総丈103cmは表記どおりでした。ゆとりがあって締めつけ感がありません。ヒールを合わせると綺麗めになります。出番が多くなりそうです。,5,2026-06-05 11:02:50 UTC,ハルカ,korean-style-wide-pants-2@example.invalid,,korean-style-wide-pants,,
期待どおりでした,羽織るだけで様になります。155cmでS、着丈58cmは表記どおりでした。色はKhaki -を選びました。丈の短いトップスと相性が良いです。また色違いも欲しくなりました。,5,2026-04-14 12:29:49 UTC,ユメ,autumn-two-piece-jacket--1@example.invalid,,autumn-two-piece-jacket-skirt-set-up,,
リピートしたいです,季節の変わり目に重宝しそうです。168cmでL、着丈60cmは表記どおりでした。シンプルな中身でもこれ一枚で決まります。出番が多くなりそうです。,5,2026-06-26 03:10:43 UTC,ユイ,autumn-two-piece-jacket--2@example.invalid,,autumn-two-piece-jacket-skirt-set-up,,
高見えします,上下揃っているので迷わず着られます。レースの繊細さが写真以上でした。162cmでMを着用してちょうど良かったです。小物を足すと印象が変わります。この価格でこの質感なら満足です。,5,2026-05-29 13:02:27 UTC,モモ,french-lace-stripe-shirt-1@example.invalid,,french-lace-stripe-shirt-set-up,,
買ってよかった,色味が揃っていて統一感があります。ストライプの幅がちょうど良いです。161cmでMを着用してちょうど良かったです。セットで着ると一気にまとまります。期待どおりでした。,5,2026-03-13 22:26:17 UTC,エマ,french-lace-stripe-shirt-2@example.invalid,,french-lace-stripe-shirt-set-up,,
高見えします,形がきれいで一枚で決まります。148cmでSを着用してちょうど良かったです。色はアプリコットを選びました。デニムに合わせるだけで決まりました。買ってよかったです。,5,2026-05-03 20:32:11 UTC,チヒロ,coffee-shade-long-sleeve-1@example.invalid,,coffee-shade-long-sleeve-top,,
リピートしたいです,顔まわりが明るく見えます。157cmでMを着用してちょうど良かったです。デニムに合わせるだけで決まりました。出番が多くなりそうです。,5,2026-06-18 17:15:21 UTC,ヒナ,coffee-shade-long-sleeve-2@example.invalid,,coffee-shade-long-sleeve-top,,
買ってよかった,形がきれいで一枚で決まります。レースの繊細さが写真以上でした。151cmでS、着丈63cm・ウエスト93cmは表記どおりでした。色はMilk Apricotを選びました。スカートに合わせると女性らしくなります。長く着られそうです。,5,2026-07-25 02:51:17 UTC,ユナ,pure-hollow-lace-top-1@example.invalid,,pure-hollow-lace-top,,
着心地が良いです,合わせやすくて出番が多そうです。透け感は控えめでインナー次第で調整できます。158cmでS、着丈63cm・ウエスト93cmは表記どおりでした。スカートに合わせると女性らしくなります。期待どおりでした。,5,2026-05-26 14:28:49 UTC,マナ,pure-hollow-lace-top-2@example.invalid,,pure-hollow-lace-top,,
色味が可愛い,形がきれいで一枚で決まります。レースの繊細さが写真以上でした。153cmでSを着用してちょうど良かったです。色はグレーを選びました。羽織りものとの相性も良さそうです。また色違いも欲しくなりました。,5,2026-07-26 02:57:47 UTC,ココ,barbaric-lace-off-the-sh-1@example.invalid,,barbaric-lace-off-the-shoulder-top,,
買ってよかった,顔まわりが明るく見えます。肩の出方がちょうど良いバランスでした。169cmでLを着用してちょうど良かったです。スカートに合わせると女性らしくなります。この価格でこの質感なら満足です。,5,2026-05-02 18:43:20 UTC,ホノカ,barbaric-lace-off-the-sh-2@example.invalid,,barbaric-lace-off-the-shoulder-top,,
色味が可愛い,厚すぎず長い期間着られそうです。レースの繊細さが写真以上でした。166cmでLを着用してちょうど良かったです。色はホワイトを選びました。インナーを足して重ね着もできます。リピートしたいと思える一枚です。,5,2026-04-11 12:24:30 UTC,ソラ,lace-pure-desire-sexy-kn-1@example.invalid,,lace-pure-desire-sexy-knitted-t-shirt,,
雰囲気が可愛い,一枚で着ても様になります。編み地がしっかりしていて安っぽくありません。165cmでMを着用してちょうど良かったです。パンツでもスカートでも合います。買ってよかったです。,5,2026-06-25 06:27:31 UTC,カナ,lace-pure-desire-sexy-kn-2@example.invalid,,lace-pure-desire-sexy-knitted-t-shirt,,
お気に入りになりました,合わせやすくて出番が多そうです。149cmでSを着用してちょうど良かったです。色はコーヒーブラウンを選びました。スカートに合わせると女性らしくなります。出番が多くなりそうです。,5,2026-03-30 03:55:56 UTC,カレン,semi-high-neck-long-slee-1@example.invalid,,semi-high-neck-long-sleeved-autumn-inner-t-shirt-top,,
買ってよかった,顔まわりが明るく見えます。166cmでLを着用してちょうど良かったです。羽織りものとの相性も良さそうです。長く着られそうです。,5,2026-06-16 14:59:54 UTC,スミレ,semi-high-neck-long-slee-2@example.invalid,,semi-high-neck-long-sleeved-autumn-inner-t-shirt-top,,
雰囲気が可愛い,一枚で着ても様になります。チェック柄の色合いが落ち着いていました。158cmでSを着用してちょうど良かったです。色はOatmealを選びました。ロングスカートと合わせるのが気に入っています。出番が多くなりそうです。,5,2026-03-27 20:59:38 UTC,アヤ,american-plaid-knitted-t-1@example.invalid,,american-plaid-knitted-t-shirt,,
リピートしたいです,厚すぎず長い期間着られそうです。編み地がしっかりしていて安っぽくありません。151cmでSを着用してちょうど良かったです。インナーを足して重ね着もできます。リピートしたいと思える一枚です。,5,2026-03-10 15:32:29 UTC,リコ,american-plaid-knitted-t-2@example.invalid,,american-plaid-knitted-t-shirt,,
期待どおりでした,形がきれいで一枚で決まります。チェック柄の色合いが落ち着いていました。151cmでS、着丈49cm・胸囲110cmは表記どおりでした。色はカーキを選びました。スカートに合わせると女性らしくなります。買ってよかったです。,5,2026-03-31 13:41:24 UTC,セナ,shaoya-plaid-shirt-1@example.invalid,,shaoya-plaid-shirt,,
写真どおりでした,顔まわりが明るく見えます。チェック柄の色合いが落ち着いていました。158cmでM、着丈50cm・胸囲114cmは表記どおりでした。デニムに合わせるだけで決まりました。友達にも聞かれました。,5,2026-08-01 22:11:14 UTC,ホノカ,shaoya-plaid-shirt-2@example.invalid,,shaoya-plaid-shirt,,
雰囲気が可愛い,肌ざわりが良くてチクチクしません。チェック柄の色合いが落ち着いていました。172cmでLを着用してちょうど良かったです。色はコーヒーブラウンを選びました。インナーを足して重ね着もできます。この価格でこの質感なら満足です。,5,2026-07-24 20:13:47 UTC,スミレ,knitted-long-sleeved-pla-1@example.invalid,,knitted-long-sleeved-plaid-top,,
着心地が良いです,一枚で着ても様になります。編み地がしっかりしていて安っぽくありません。164cmでLを着用してちょうど良かったです。パンツでもスカートでも合います。出番が多くなりそうです。,5,2026-03-29 13:52:53 UTC,サラ,knitted-long-sleeved-pla-2@example.invalid,,knitted-long-sleeved-plaid-top,,
丈感がちょうどいい,季節の変わり目に重宝しそうです。164cmでM、着丈67cm・肩幅55cmは表記どおりでした。シンプルな中身でもこれ一枚で決まります。友達にも聞かれました。,5,2026-03-02 03:19:06 UTC,ミサキ,golden-suede-womens-autu-1@example.invalid,,golden-suede-womens-autumn-jacket-set-up,,
使いやすいです,思ったより軽くて着やすいです。156cmでM、着丈67cm・肩幅55cmは表記どおりでした。色味が落ち着いているので合わせやすいです。期待どおりでした。,5,2026-05-12 12:48:29 UTC,ハルカ,golden-suede-womens-autu-2@example.invalid,,golden-suede-womens-autumn-jacket-set-up,,
写真どおりでした,羽織るだけで様になります。チェック柄の色合いが落ち着いていました。162cmでM、着丈75cmは表記どおりでした。丈の短いトップスと相性が良いです。また色違いも欲しくなりました。,5,2026-06-01 21:34:26 UTC,ヒナ,vienna-plaid-coat-1@example.invalid,,vienna-plaid-coat,,
使いやすいです,思ったより軽くて着やすいです。チェック柄の色合いが落ち着いていました。164cmでL、着丈76cmは表記どおりでした。丈の短いトップスと相性が良いです。買ってよかったです。,5,2026-04-13 17:37:51 UTC,ミサキ,vienna-plaid-coat-2@example.invalid,,vienna-plaid-coat,,
期待どおりでした,季節の変わり目に重宝しそうです。165cmでL、着丈76cm・肩幅40cmは表記どおりでした。色味が落ち着いているので合わせやすいです。また色違いも欲しくなりました。,5,2026-03-10 16:55:23 UTC,ニナ,french-suede-blazer-1@example.invalid,,french-suede-blazer,,
雰囲気が可愛い,羽織るだけで様になります。158cmでM、着丈74cm・肩幅39cmは表記どおりでした。シンプルな中身でもこれ一枚で決まります。リピートしたいと思える一枚です。,5,2026-05-06 16:40:00 UTC,ミナ,french-suede-blazer-2@example.invalid,,french-suede-blazer,,
お気に入りになりました,肌ざわりが良くてチクチクしません。編み地がしっかりしていて安っぽくありません。156cmでMを着用してちょうど良かったです。色はグレーを選びました。パンツでもスカートでも合います。友達にも聞かれました。,5,2026-05-24 23:23:28 UTC,アイ,winter-knitted-scarf-swe-1@example.invalid,,winter-knitted-scarf-sweater-shorts-set-up,,
写真どおりでした,厚すぎず長い期間着られそうです。編み地がしっかりしていて安っぽくありません。164cmでMを着用してちょうど良かったです。パンツでもスカートでも合います。友達にも聞かれました。,5,2026-06-22 14:15:33 UTC,サキ,winter-knitted-scarf-swe-2@example.invalid,,winter-knitted-scarf-sweater-shorts-set-up,,
写真どおりでした,上下揃っているので迷わず着られます。155cmでM、着丈74cmは表記どおりでした。小物を足すと印象が変わります。また色違いも欲しくなりました。,5,2026-04-04 23:41:44 UTC,カレン,autumn-hooded-three-piec-1@example.invalid,,autumn-hooded-three-piece-set-up,,
使いやすいです,色味が揃っていて統一感があります。161cmでM、着丈74cmは表記どおりでした。トップスだけ単品でも使えそうです。この価格でこの質感なら満足です。,5,2026-03-13 09:42:00 UTC,レイ,autumn-hooded-three-piec-2@example.invalid,,autumn-hooded-three-piece-set-up,,
可愛いです,肌ざわりが良くてチクチクしません。編み地がしっかりしていて安っぽくありません。164cmでMを着用してちょうど良かったです。色はコーヒーブラウンを選びました。インナーを足して重ね着もできます。また色違いも欲しくなりました。,5,2026-07-21 06:24:50 UTC,ミサキ,norwegian-knitted-sweate-1@example.invalid,,norwegian-knitted-sweater,,
雰囲気が可愛い,一枚で着ても様になります。編み地がしっかりしていて安っぽくありません。163cmでMを着用してちょうど良かったです。ロングスカートと合わせるのが気に入っています。友達にも聞かれました。,5,2026-07-10 12:38:05 UTC,アカリ,norwegian-knitted-sweate-2@example.invalid,,norwegian-knitted-sweater,,
高見えします,羽織るだけで様になります。165cmでL、着丈66cm・肩幅49cmは表記どおりでした。色はグレーを選びました。丈の短いトップスと相性が良いです。買ってよかったです。,5,2026-07-17 12:45:21 UTC,フウカ,french-autumn-blazer-sui-1@example.invalid,,french-autumn-blazer-suit-set-up,,
丈感がちょうどいい,季節の変わり目に重宝しそうです。152cmでS、着丈64cm・肩幅47cmは表記どおりでした。シンプルな中身でもこれ一枚で決まります。また色違いも欲しくなりました。,5,2026-07-13 04:19:16 UTC,アカリ,french-autumn-blazer-sui-2@example.invalid,,french-autumn-blazer-suit-set-up,,
買ってよかった,合わせやすくて出番が多そうです。リボンの位置が可愛くて気に入りました。155cmでMを着用してちょうど良かったです。色はネイビーブルーを選びました。スカートに合わせると女性らしくなります。リピートしたいと思える一枚です。,5,2026-05-04 22:24:51 UTC,ノア,american-long-sleeved-bo-1@example.invalid,,american-long-sleeved-bow-plaid-t-shirt,,
高見えします,形がきれいで一枚で決まります。チェック柄の色合いが落ち着いていました。168cmでLを着用してちょうど良かったです。スカートに合わせると女性らしくなります。また色違いも欲しくなりました。,5,2026-08-03 21:50:00 UTC,ソラ,american-long-sleeved-bo-2@example.invalid,,american-long-sleeved-bow-plaid-t-shirt,,
可愛いです,顔まわりが明るく見えます。ストライプの幅がちょうど良いです。159cmでMを着用してちょうど良かったです。色はホワイトを選びました。スカートに合わせると女性らしくなります。長く着られそうです。,5,2026-06-04 09:49:25 UTC,ホノカ,slimming-striped-waist-t-1@example.invalid,,slimming-striped-waist-top,,
お気に入りになりました,形がきれいで一枚で決まります。ストライプの幅がちょうど良いです。165cmでLを着用してちょうど良かったです。スカートに合わせると女性らしくなります。期待どおりでした。,5,2026-08-02 01:45:41 UTC,サヤ,slimming-striped-waist-t-2@example.invalid,,slimming-striped-waist-top,,
着心地が良いです,羽織るだけで様になります。156cmでM、着丈60cm・肩幅55cmは表記どおりでした。色はコーヒーを選びました。丈の短いトップスと相性が良いです。友達にも聞かれました。,5,2026-06-07 20:25:51 UTC,ユナ,nuremberg-cargo-jacket-1@example.invalid,,nuremberg-cargo-jacket,,
丈感がちょうどいい,思ったより軽くて着やすいです。153cmでS、着丈59cm・肩幅53cmは表記どおりでした。色味が落ち着いているので合わせやすいです。期待どおりでした。,5,2026-06-27 08:17:08 UTC,リオ,nuremberg-cargo-jacket-2@example.invalid,,nuremberg-cargo-jacket,,
使いやすいです,厚すぎず長い期間着られそうです。編み地がしっかりしていて安っぽくありません。159cmでM、着丈66cmは表記どおりでした。ゆとりがあって締めつけ感がありません。色はグレーを選びました。ロングスカートと合わせるのが気に入っています。リピートしたいと思える一枚です。,5,2026-03-23 16:54:54 UTC,ユイ,lazy-style-knitted-suit--1@example.invalid,,lazy-style-knitted-suit-set-up,,
着心地が良いです,一枚で着ても様になります。編み地がしっかりしていて安っぽくありません。158cmでS、着丈65cm・胸囲112cmは表記どおりでした。ゆとりがあって締めつけ感がありません。ロングスカートと合わせるのが気に入っています。また色違いも欲しくなりました。,5,2026-07-16 13:32:11 UTC,ソラ,lazy-style-knitted-suit--2@example.invalid,,lazy-style-knitted-suit-set-up,,
買ってよかった,季節の変わり目に重宝しそうです。150cmでS、着丈54.5cm・胸囲104cmは表記どおりでした。色はブラウンを選びました。丈の短いトップスと相性が良いです。買ってよかったです。,5,2026-03-09 01:35:31 UTC,リン,autumn-collegiate-trench-1@example.invalid,,autumn-collegiate-trench-coat,,
リピートしたいです,羽織るだけで様になります。150cmでS、着丈54.5cm・胸囲104cmは表記どおりでした。色味が落ち着いているので合わせやすいです。また色違いも欲しくなりました。,5,2026-03-17 12:04:03 UTC,トワ,autumn-collegiate-trench-2@example.invalid,,autumn-collegiate-trench-coat,,
買ってよかった,上下揃っているので迷わず着られます。プリーツがしっかりついていて動くたびにきれいです。163cmでM、着丈50cm・ウエスト84cmは表記どおりでした。色はグレーを選びました。トップスだけ単品でも使えそうです。期待どおりでした。,5,2026-04-07 18:00:43 UTC,ハルカ,french-pleated-short-ski-1@example.invalid,,french-pleated-short-skirt-set-up,,
お気に入りになりました,色味が揃っていて統一感があります。プリーツがしっかりついていて動くたびにきれいです。170cmでL、着丈51cm・ウエスト88cmは表記どおりでした。トップスだけ単品でも使えそうです。期待どおりでした。,5,2026-04-18 16:40:24 UTC,ナナ,french-pleated-short-ski-2@example.invalid,,french-pleated-short-skirt-set-up,,
高見えします,思ったより軽くて着やすいです。168cmでL、着丈71cm・胸囲110cmは表記どおりでした。色はグレーを選びました。丈の短いトップスと相性が良いです。この価格でこの質感なら満足です。,5,2026-03-04 12:11:32 UTC,リコ,french-autumn-blazer-1@example.invalid,,french-autumn-blazer,,
色味が可愛い,羽織るだけで様になります。159cmでM、着丈69cm・胸囲106cmは表記どおりでした。丈の短いトップスと相性が良いです。リピートしたいと思える一枚です。,5,2026-06-01 22:13:59 UTC,レイ,french-autumn-blazer-2@example.invalid,,french-autumn-blazer,,
使いやすいです,色味が揃っていて統一感があります。170cmでL、着丈59cm・胸囲94cmは表記どおりでした。色はブラックを選びました。トップスだけ単品でも使えそうです。友達にも聞かれました。,5,2026-06-16 21:27:50 UTC,サキ,autumn-daughters-skirt-s-1@example.invalid,,autumn-daughters-skirt-set-up,,
お気に入りになりました,上下揃っているので迷わず着られます。159cmでM、着丈58cm・胸囲90cmは表記どおりでした。セットで着ると一気にまとまります。出番が多くなりそうです。,5,2026-05-19 19:10:26 UTC,セナ,autumn-daughters-skirt-s-2@example.invalid,,autumn-daughters-skirt-set-up,,
リピートしたいです,季節の変わり目に重宝しそうです。161cmでM、着丈51cm・胸囲90cmは表記どおりでした。色はブラックを選びました。丈の短いトップスと相性が良いです。友達にも聞かれました。,5,2026-03-17 00:19:06 UTC,ナナ,gatsby-daughter-two-piec-1@example.invalid,,gatsby-daughter-two-piece-black-jacket-set-up,,
丈感がちょうどいい,羽織るだけで様になります。164cmでM、着丈51cm・胸囲90cmは表記どおりでした。シンプルな中身でもこれ一枚で決まります。出番が多くなりそうです。,5,2026-05-04 17:59:56 UTC,シオリ,gatsby-daughter-two-piec-2@example.invalid,,gatsby-daughter-two-piece-black-jacket-set-up,,
写真どおりでした,思ったより軽くて着やすいです。レトロな雰囲気が可愛いです。166cmでL、着丈60cm・胸囲98cmは表記どおりでした。色はブラックを選びました。シンプルな中身でもこれ一枚で決まります。リピートしたいと思える一枚です。,5,2026-03-14 03:20:43 UTC,イロハ,showa-french-celebrity-s-1@example.invalid,,showa-french-celebrity-suit-jacket-set-up,,
お気に入りになりました,羽織るだけで様になります。レトロな雰囲気が可愛いです。158cmでS、着丈58cm・胸囲90cmは表記どおりでした。シンプルな中身でもこれ一枚で決まります。また色違いも欲しくなりました。,5,2026-07-20 13:43:53 UTC,アヤ,showa-french-celebrity-s-2@example.invalid,,showa-french-celebrity-suit-jacket-set-up,,
お気に入りになりました,色味が揃っていて統一感があります。148cmでS、着丈50cm・ウエスト68cmは表記どおりでした。色はライトコーヒーを選びました。トップスだけ単品でも使えそうです。また色違いも欲しくなりました。,5,2026-03-02 11:08:27 UTC,リオ,manchester-french-hepbur-1@example.invalid,,manchester-french-hepburn-skirt-set-up,,
高見えします,上下揃っているので迷わず着られます。155cmでM、着丈51cm・ウエスト72cmは表記どおりでした。セットで着ると一気にまとまります。また色違いも欲しくなりました。,5,2026-04-30 08:26:01 UTC,ニナ,manchester-french-hepbur-2@example.invalid,,manchester-french-hepburn-skirt-set-up,,
雰囲気が可愛い,合わせやすくて出番が多そうです。レースの繊細さが写真以上でした。151cmでSを着用してちょうど良かったです。色はホワイトを選びました。スカートに合わせると女性らしくなります。リピートしたいと思える一枚です。,5,2026-06-14 05:38:18 UTC,ミク,high-neck-lace-top-1@example.invalid,,high-neck-lace-top,,
買ってよかった,形がきれいで一枚で決まります。レースの繊細さが写真以上でした。158cmでMを着用してちょうど良かったです。スカートに合わせると女性らしくなります。また色違いも欲しくなりました。,5,2026-03-04 06:01:18 UTC,キョウカ,high-neck-lace-top-2@example.invalid,,high-neck-lace-top,,
雰囲気が可愛い,形がきれいで一枚で決まります。レースの繊細さが写真以上でした。155cmでMを着用してちょうど良かったです。色はオートミールを選びました。羽織りものとの相性も良さそうです。この価格でこの質感なら満足です。,5,2026-05-13 17:43:47 UTC,モモ,wisdom-lace-long-sleeved-1@example.invalid,,wisdom-lace-long-sleeved-t-shirt,,
使いやすいです,顔まわりが明るく見えます。レースの繊細さが写真以上でした。157cmでMを着用してちょうど良かったです。デニムに合わせるだけで決まりました。リピートしたいと思える一枚です。,5,2026-04-20 21:07:22 UTC,ハルカ,wisdom-lace-long-sleeved-2@example.invalid,,wisdom-lace-long-sleeved-t-shirt,,
雰囲気が可愛い,厚すぎず長い期間着られそうです。編み地がしっかりしていて安っぽくありません。149cmでSを着用してちょうど良かったです。体のラインがきれいに出ます。色はコーヒーを選びました。ロングスカートと合わせるのが気に入っています。長く着られそうです。,5,2026-05-07 00:12:30 UTC,マオ,slim-polo-knit-tops-1@example.invalid,,slim-polo-knit-tops,,
色味が可愛い,一枚で着ても様になります。編み地がしっかりしていて安っぽくありません。154cmでSを着用してちょうど良かったです。体のラインがきれいに出ます。パンツでもスカートでも合います。リピートしたいと思える一枚です。,5,2026-05-03 07:24:55 UTC,ミサキ,slim-polo-knit-tops-2@example.invalid,,slim-polo-knit-tops,,
高見えします,顔まわりが明るく見えます。157cmでM、胸囲96cmは表記どおりでした。色はライトコーヒーを選びました。羽織りものとの相性も良さそうです。この価格でこの質感なら満足です。,5,2026-05-03 07:51:04 UTC,トワ,melbourne-korean-slanted-1@example.invalid,,melbourne-korean-slanted-shoulder-t-shirt,,
着心地が良いです,形がきれいで一枚で決まります。155cmでS、胸囲92cmは表記どおりでした。スカートに合わせると女性らしくなります。この価格でこの質感なら満足です。,5,2026-06-22 18:35:39 UTC,レイ,melbourne-korean-slanted-2@example.invalid,,melbourne-korean-slanted-shoulder-t-shirt,,
使いやすいです,思ったより軽くて着やすいです。164cmでL、着丈65cmは表記どおりでした。色はミルキーホワイトを選びました。丈の短いトップスと相性が良いです。友達にも聞かれました。,5,2026-07-08 09:23:54 UTC,モモ,french-style-slimming-ja-1@example.invalid,,french-style-slimming-jacket,,
期待どおりでした,季節の変わり目に重宝しそうです。159cmでM、着丈64cm・胸囲113cmは表記どおりでした。丈の短いトップスと相性が良いです。長く着られそうです。,5,2026-04-24 02:06:24 UTC,ユナ,french-style-slimming-ja-2@example.invalid,,french-style-slimming-jacket,,
買ってよかった,厚すぎず長い期間着られそうです。編み地がしっかりしていて安っぽくありません。151cmでFを着用してちょうど良かったです。色はグレーを選びました。パンツでもスカートでも合います。リピートしたいと思える一枚です。,5,2026-03-28 13:41:09 UTC,チヒロ,french-autumn-knit-top-1@example.invalid,,french-autumn-knit-top,,
リピートしたいです,一枚で着ても様になります。編み地がしっかりしていて安っぽくありません。164cmでFを着用してちょうど良かったです。インナーを足して重ね着もできます。期待どおりでした。,5,2026-05-09 11:30:39 UTC,ナギサ,french-autumn-knit-top-2@example.invalid,,french-autumn-knit-top,,
写真どおりでした,厚すぎず長い期間着られそうです。編み地がしっかりしていて安っぽくありません。165cmでMを着用してちょうど良かったです。色はカーキを選びました。ロングスカートと合わせるのが気に入っています。買ってよかったです。,5,2026-07-14 19:10:57 UTC,ナナ,gold-wisdom-french-knitt-1@example.invalid,,gold-wisdom-french-knitted-dress-set-up,,
丈感がちょうどいい,肌ざわりが良くてチクチクしません。編み地がしっかりしていて安っぽくありません。161cmでMを着用してちょうど良かったです。インナーを足して重ね着もできます。この価格でこの質感なら満足です。,5,2026-07-28 18:54:34 UTC,リオ,gold-wisdom-french-knitt-2@example.invalid,,gold-wisdom-french-knitted-dress-set-up,,
雰囲気が可愛い,羽織るだけで様になります。ストライプの幅がちょうど良いです。151cmでS、着丈72cmは表記どおりでした。色はグレーを選びました。丈の短いトップスと相性が良いです。この価格でこの質感なら満足です。,5,2026-05-24 02:40:29 UTC,アカリ,autumn-striped-slimming--1@example.invalid,,autumn-striped-slimming-jacket,,
写真どおりでした,季節の変わり目に重宝しそうです。ストライプの幅がちょうど良いです。171cmでL、着丈76cmは表記どおりでした。丈の短いトップスと相性が良いです。リピートしたいと思える一枚です。,5,2026-07-08 06:19:21 UTC,ナナ,autumn-striped-slimming--2@example.invalid,,autumn-striped-slimming-jacket,,
お気に入りになりました,顔まわりが明るく見えます。156cmでMを着用してちょうど良かったです。色はダークブラウンを選びました。デニムに合わせるだけで決まりました。リピートしたいと思える一枚です。,5,2026-04-09 20:13:31 UTC,ミナ,slimming-waist-design-to-1@example.invalid,,slimming-waist-design-top,,
雰囲気が可愛い,形がきれいで一枚で決まります。155cmでSを着用してちょうど良かったです。デニムに合わせるだけで決まりました。リピートしたいと思える一枚です。,5,2026-07-09 09:42:02 UTC,シオリ,slimming-waist-design-to-2@example.invalid,,slimming-waist-design-top,,
期待どおりでした,合わせやすくて出番が多そうです。ストライプの幅がちょうど良いです。163cmでMを着用してちょうど良かったです。色はグレーを選びました。羽織りものとの相性も良さそうです。期待どおりでした。,5,2026-08-09 20:35:11 UTC,リコ,gray-tone-striped-t-shir-1@example.invalid,,gray-tone-striped-t-shirt,,
リピートしたいです,形がきれいで一枚で決まります。ストライプの幅がちょうど良いです。164cmでLを着用してちょうど良かったです。デニムに合わせるだけで決まりました。出番が多くなりそうです。,5,2026-03-13 18:59:47 UTC,ツムギ,gray-tone-striped-t-shir-2@example.invalid,,gray-tone-striped-t-shirt,,
リピートしたいです,合わせやすくて出番が多そうです。153cmでSを着用してちょうど良かったです。色はホワイトを選びました。羽織りものとの相性も良さそうです。この価格でこの質感なら満足です。,5,2026-06-29 07:19:28 UTC,リコ,pure-desire-long-sleeved-1@example.invalid,,pure-desire-long-sleeved-black-top,,
買ってよかった,顔まわりが明るく見えます。163cmでMを着用してちょうど良かったです。スカートに合わせると女性らしくなります。長く着られそうです。,5,2026-06-15 05:06:41 UTC,アヤ,pure-desire-long-sleeved-2@example.invalid,,pure-desire-long-sleeved-black-top,,
雰囲気が可愛い,スタイルよく見えます。リボンの位置が可愛くて気に入りました。163cmでL、着丈66.5cm・胸囲89cmは表記どおりでした。色はブラウンを選びました。そのままでも十分様になります。友達にも聞かれました。,5,2026-04-05 08:58:12 UTC,トワ,vintage-plaid-bow-waist--1@example.invalid,,vintage-plaid-bow-waist-dress,,
買ってよかった,シーンを選ばず着られそうです。チェック柄の色合いが落ち着いていました。164cmでL、着丈66.5cm・胸囲89cmは表記どおりでした。羽織りものを足せば長く着られそうです。この価格でこの質感なら満足です。,5,2026-04-25 18:29:39 UTC,エマ,vintage-plaid-bow-waist--2@example.invalid,,vintage-plaid-bow-waist-dress,,
写真どおりでした,羽織るだけで様になります。ドット柄の大きさがちょうど良いです。164cmでL、着丈63cm・胸囲100cmは表記どおりでした。色はブラックを選びました。色味が落ち着いているので合わせやすいです。リピートしたいと思える一枚です。,5,2026-06-19 15:09:48 UTC,ユイ,polka-dot-waist-cardigan-1@example.invalid,,polka-dot-waist-cardigan,,
色味が可愛い,思ったより軽くて着やすいです。ドット柄の大きさがちょうど良いです。151cmでS、着丈59cm・胸囲92cmは表記どおりでした。丈の短いトップスと相性が良いです。買ってよかったです。,5,2026-03-09 08:56:44 UTC,ソラ,polka-dot-waist-cardigan-2@example.invalid,,polka-dot-waist-cardigan,,
高見えします,形がきれいで一枚で決まります。165cmでL、着丈60cm・胸囲110cmは表記どおりでした。色はブルーを選びました。デニムに合わせるだけで決まりました。期待どおりでした。,5,2026-08-01 19:06:08 UTC,スミレ,blue-waist-long-sleeve-s-1@example.invalid,,blue-waist-long-sleeve-shirt,,
着心地が良いです,合わせやすくて出番が多そうです。164cmでM、着丈59cm・胸囲106cmは表記どおりでした。羽織りものとの相性も良さそうです。買ってよかったです。,5,2026-04-18 09:15:31 UTC,ヒナ,blue-waist-long-sleeve-s-2@example.invalid,,blue-waist-long-sleeve-shirt,,
丈感がちょうどいい,動きやすくて助かります。デニムの色落ち加減がちょうど良かったです。155cmでS、ウエスト62cm・胸囲104cmは表記どおりでした。色はブラックを選びました。ヒールを合わせると綺麗めになります。リピートしたいと思える一枚です。,5,2026-08-03 11:02:37 UTC,アカリ,vintage-denim-trousers-1@example.invalid,,vintage-denim-trousers,,
着心地が良いです,腰まわりが楽でした。レトロな雰囲気が可愛いです。164cmでL、ウエスト70cm・胸囲112cmは表記どおりでした。コンパクトなトップスと相性が良いです。リピートしたいと思える一枚です。,5,2026-03-05 03:41:50 UTC,ノア,vintage-denim-trousers-2@example.invalid,,vintage-denim-trousers,,
可愛いです,合わせやすくて出番が多そうです。158cmでM、着丈81cm・胸囲88cmは表記どおりでした。色はホワイトを選びました。羽織りものとの相性も良さそうです。長く着られそうです。,5,2026-04-15 17:12:24 UTC,リオ,autumn-white-long-sleeve-1@example.invalid,,autumn-white-long-sleeved-blouse-top,,
色味が可愛い,顔まわりが明るく見えます。171cmでL、着丈83cm・胸囲92cmは表記どおりでした。羽織りものとの相性も良さそうです。この価格でこの質感なら満足です。,5,2026-03-23 20:54:40 UTC,ルナ,autumn-white-long-sleeve-2@example.invalid,,autumn-white-long-sleeved-blouse-top,,
買ってよかった,厚すぎず長い期間着られそうです。編み地がしっかりしていて安っぽくありません。159cmでM、着丈61cmは表記どおりでした。ゆとりがあって締めつけ感がありません。色はピンクを選びました。パンツでもスカートでも合います。買ってよかったです。,5,2026-08-01 13:20:52 UTC,ヒヨリ,autumn-wool-knit-smock-t-1@example.invalid,,autumn-wool-knit-smock-top,,
可愛いです,一枚で着ても様になります。編み地がしっかりしていて安っぽくありません。161cmでM、着丈61cmは表記どおりでした。ゆとりがあって締めつけ感がありません。パンツでもスカートでも合います。買ってよかったです。,5,2026-06-22 05:24:24 UTC,リコ,autumn-wool-knit-smock-t-2@example.invalid,,autumn-wool-knit-smock-top,,
色味が可愛い,形がきれいで一枚で決まります。171cmでL、着丈63cm・胸囲88cmは表記どおりでした。色はブラックを選びました。スカートに合わせると女性らしくなります。リピートしたいと思える一枚です。,5,2026-03-19 20:01:23 UTC,サヤ,high-neck-slimming-long--1@example.invalid,,high-neck-slimming-long-sleeve-tee,,
可愛いです,顔まわりが明るく見えます。161cmでM、着丈62cm・胸囲84cmは表記どおりでした。スカートに合わせると女性らしくなります。長く着られそうです。,5,2026-04-14 14:47:57 UTC,マイ,high-neck-slimming-long--2@example.invalid,,high-neck-slimming-long-sleeve-tee,,
可愛いです,合わせやすくて出番が多そうです。チェック柄の色合いが落ち着いていました。163cmでM、着丈70cm・肩幅47cmは表記どおりでした。色はカーキを選びました。スカートに合わせると女性らしくなります。買ってよかったです。,5,2026-07-10 16:32:53 UTC,キョウカ,retro-plaid-long-sleeve--1@example.invalid,,retro-plaid-long-sleeve-shirt,,
色味が可愛い,形がきれいで一枚で決まります。レトロな雰囲気が可愛いです。157cmでM、着丈70cm・肩幅47cmは表記どおりでした。スカートに合わせると女性らしくなります。友達にも聞かれました。,5,2026-06-19 14:28:14 UTC,フウカ,retro-plaid-long-sleeve--2@example.invalid,,retro-plaid-long-sleeve-shirt,,
着心地が良いです,スタイルよく見えます。コーデュロイの畝がきれいでした。164cmでL、着丈63cm・ウエスト89cmは表記どおりでした。色はブラウンを選びました。小物次第で印象を変えられます。この価格でこの質感なら満足です。,5,2026-04-16 08:05:32 UTC,フウカ,sweet-corduroy-suspender-1@example.invalid,,sweet-corduroy-suspender-dress,,
高見えします,シーンを選ばず着られそうです。コーデュロイの畝がきれいでした。165cmでM、着丈61cm・ウエスト85cmは表記どおりでした。小物次第で印象を変えられます。リピートしたいと思える一枚です。,5,2026-03-28 19:35:47 UTC,サラ,sweet-corduroy-suspender-2@example.invalid,,sweet-corduroy-suspender-dress,,
写真どおりでした,思ったより軽くて着やすいです。編み地がしっかりしていて安っぽくありません。156cmでS、胸囲100cm・肩幅37cmは表記どおりでした。色はクリーミーホワイトを選びました。色味が落ち着いているので合わせやすいです。期待どおりでした。,5,2026-06-26 06:40:12 UTC,ユイ,star-patch-cropped-sweat-1@example.invalid,,star-patch-cropped-sweater-jacket,,
買ってよかった,季節の変わり目に重宝しそうです。編み地がしっかりしていて安っぽくありません。159cmでM、胸囲104cm・肩幅39cmは表記どおりでした。丈の短いトップスと相性が良いです。長く着られそうです。,5,2026-04-16 04:08:42 UTC,マナ,star-patch-cropped-sweat-2@example.invalid,,star-patch-cropped-sweater-jacket,,
丈感がちょうどいい,季節の変わり目に重宝しそうです。159cmでM、着丈76cm・胸囲103cmは表記どおりでした。色はブラックを選びました。シンプルな中身でもこれ一枚で決まります。リピートしたいと思える一枚です。,5,2026-03-26 15:49:52 UTC,ミク,college-style-woolen-coa-1@example.invalid,,college-style-woolen-coat,,
着心地が良いです,思ったより軽くて着やすいです。160cmでM、着丈76cm・胸囲103cmは表記どおりでした。丈の短いトップスと相性が良いです。買ってよかったです。,5,2026-05-17 08:24:25 UTC,ヒヨリ,college-style-woolen-coa-2@example.invalid,,college-style-woolen-coat,,
リピートしたいです,厚すぎず長い期間着られそうです。編み地がしっかりしていて安っぽくありません。160cmでM、着丈43cm・胸囲86cmは表記どおりでした。色はグレーを選びました。ロングスカートと合わせるのが気に入っています。買ってよかったです。,5,2026-06-09 23:46:02 UTC,ミク,cross-strap-sweater-1@example.invalid,,cross-strap-sweater,,
可愛いです,肌ざわりが良くてチクチクしません。編み地がしっかりしていて安っぽくありません。157cmでM、着丈43cm・胸囲86cmは表記どおりでした。ロングスカートと合わせるのが気に入っています。長く着られそうです。,5,2026-04-14 04:40:59 UTC,イロハ,cross-strap-sweater-2@example.invalid,,cross-strap-sweater,,
色味が可愛い,厚すぎず長い期間着られそうです。ストライプの幅がちょうど良いです。159cmでM、着丈54cm・胸囲80cmは表記どおりでした。体のラインがきれいに出ます。色はブラックを選びました。ロングスカートと合わせるのが気に入っています。長く着られそうです。,5,2026-03-14 02:02:49 UTC,アカリ,high-neck-knitted-stripe-1@example.invalid,,high-neck-knitted-striped-slimming-shirt,,
丈感がちょうどいい,肌ざわりが良くてチクチクしません。編み地がしっかりしていて安っぽくありません。162cmでM、着丈54cm・胸囲80cmは表記どおりでした。体のラインがきれいに出ます。ロングスカートと合わせるのが気に入っています。買ってよかったです。,5,2026-07-18 19:32:12 UTC,アイ,high-neck-knitted-stripe-2@example.invalid,,high-neck-knitted-striped-slimming-shirt,,
色味が可愛い,シルエットがきれいに落ちます。透け感は控えめでインナー次第で調整できます。163cmでL、ウエスト72cm・総丈87cmは表記どおりでした。色はホワイトを選びました。スニーカーでも綺麗めでも合わせられます。長く着られそうです。,5,2026-04-01 23:47:14 UTC,ユイ,micro-sheer-long-skirt-1@example.invalid,,micro-sheer-long-skirt,,
期待どおりでした,丈感がちょうど良かったです。シアー感が上品で着やすいです。158cmでM、ウエスト68cm・総丈85cmは表記どおりでした。タイツを合わせれば秋冬もいけそうです。リピートしたいと思える一枚です。,5,2026-05-18 13:03:40 UTC,エマ,micro-sheer-long-skirt-2@example.invalid,,micro-sheer-long-skirt,,
リピートしたいです,丈感がちょうど良かったです。デニムの色落ち加減がちょうど良かったです。154cmでS、ウエスト71cmは表記どおりでした。体のラインがきれいに出ます。色はブラウンを選びました。スニーカーでも綺麗めでも合わせられます。買ってよかったです。,5,2026-04-13 19:18:03 UTC,ナギサ,vintage-slim-short-denim-1@example.invalid,,vintage-slim-short-denim-skirt,,
丈感がちょうどいい,シルエットがきれいに落ちます。レトロな雰囲気が可愛いです。154cmでS、ウエスト71cmは表記どおりでした。体のラインがきれいに出ます。シンプルなトップスを合わせるだけで成立します。期待どおりでした。,5,2026-05-26 02:41:43 UTC,エマ,vintage-slim-short-denim-2@example.invalid,,vintage-slim-short-denim-skirt,,
着心地が良いです,一枚で雰囲気が出ます。170cmでL、ウエスト74cmは表記どおりでした。色はブラックを選びました。スニーカーでも綺麗めでも合わせられます。買ってよかったです。,5,2026-08-04 05:51:36 UTC,ホノカ,black-gray-layered-long--1@example.invalid,,black-gray-layered-long-skirt,,
お気に入りになりました,シルエットがきれいに落ちます。164cmでL、ウエスト74cmは表記どおりでした。シンプルなトップスを合わせるだけで成立します。期待どおりでした。,5,2026-07-29 13:47:18 UTC,マナ,black-gray-layered-long--2@example.invalid,,black-gray-layered-long-skirt,,
可愛いです,思ったより軽くて着やすいです。153cmでS、着丈54.5cmは表記どおりでした。色はレッドを選びました。丈の短いトップスと相性が良いです。出番が多くなりそうです。,5,2026-03-11 15:50:02 UTC,ホノカ,high-casual-cargo-jacket-1@example.invalid,,high-casual-cargo-jacket,,
リピートしたいです,季節の変わり目に重宝しそうです。160cmでM、着丈55.5cmは表記どおりでした。色味が落ち着いているので合わせやすいです。期待どおりでした。,5,2026-05-13 22:05:34 UTC,ユナ,high-casual-cargo-jacket-2@example.invalid,,high-casual-cargo-jacket,,
期待どおりでした,合わせやすくて出番が多そうです。レースの繊細さが写真以上でした。168cmでL、着丈63cm・胸囲90cmは表記どおりでした。色はブラックを選びました。羽織りものとの相性も良さそうです。長く着られそうです。,5,2026-06-29 08:43:23 UTC,アオイ,lace-layered-long-sleeve-1@example.invalid,,lace-layered-long-sleeve-t-shirt,,
着心地が良いです,形がきれいで一枚で決まります。レースの繊細さが写真以上でした。151cmでS、着丈61cm・胸囲82cmは表記どおりでした。スカートに合わせると女性らしくなります。この価格でこの質感なら満足です。,5,2026-04-21 13:02:27 UTC,レイ,lace-layered-long-sleeve-2@example.invalid,,lace-layered-long-sleeve-t-shirt,,
丈感がちょうどいい,一枚で着られるので楽です。リボンの位置が可愛くて気に入りました。163cmでL、着丈81cm・肩幅55cmは表記どおりでした。色はブラウンを選びました。羽織りものを足せば長く着られそうです。この価格でこの質感なら満足です。,5,2026-07-01 09:42:34 UTC,リオ,bow-plaid-shirt-dress-1@example.invalid,,bow-plaid-shirt-dress,,
雰囲気が可愛い,スタイルよく見えます。チェック柄の色合いが落ち着いていました。150cmでS、着丈77cm・肩幅53cmは表記どおりでした。小物次第で印象を変えられます。買ってよかったです。,5,2026-03-28 00:56:03 UTC,ナオ,bow-plaid-shirt-dress-2@example.invalid,,bow-plaid-shirt-dress,,
使いやすいです,腰まわりが楽でした。160cmでM、ウエスト76cm・総丈105cmは表記どおりでした。色はブルーを選びました。スニーカーでラフに履いています。友達にも聞かれました。,5,2026-05-20 15:13:17 UTC,ナギサ,layered-multi-waisted-tr-1@example.invalid,,layered-multi-waisted-trousers,,
高見えします,カジュアルすぎず履けます。158cmでM、ウエスト76cm・総丈105cmは表記どおりでした。コンパクトなトップスと相性が良いです。リピートしたいと思える一枚です。,5,2026-05-21 03:18:36 UTC,ルナ,layered-multi-waisted-tr-2@example.invalid,,layered-multi-waisted-trousers,,
可愛いです,カジュアルすぎず履けます。デニムの色落ち加減がちょうど良かったです。152cmでS、ウエスト70cm・総丈105cmは表記どおりでした。色はブラウンを選びました。ヒールを合わせると綺麗めになります。出番が多くなりそうです。,5,2026-03-09 00:01:21 UTC,ココ,versatile-printed-womens-1@example.invalid,,versatile-printed-womens-jeans,,
写真どおりでした,動きやすくて助かります。デニムの色落ち加減がちょうど良かったです。157cmでM、ウエスト74cm・総丈108cmは表記どおりでした。ヒールを合わせると綺麗めになります。期待どおりでした。,5,2026-03-20 15:46:06 UTC,スミレ,versatile-printed-womens-2@example.invalid,,versatile-printed-womens-jeans,,
リピートしたいです,一枚で雰囲気が出ます。チェック柄の色合いが落ち着いていました。164cmでL、ウエスト72cm・総丈75cmは表記どおりでした。色はレッドを選びました。シンプルなトップスを合わせるだけで成立します。この価格でこの質感なら満足です。,5,2026-03-11 04:58:16 UTC,ナオ,spliced-plaid-long-skirt-1@example.invalid,,spliced-plaid-long-skirt,,
期待どおりでした,丈感がちょうど良かったです。チェック柄の色合いが落ち着いていました。169cmでL、ウエスト72cm・総丈75cmは表記どおりでした。スニーカーでも綺麗めでも合わせられます。出番が多くなりそうです。,5,2026-05-15 20:42:30 UTC,ホノカ,spliced-plaid-long-skirt-2@example.invalid,,spliced-plaid-long-skirt,,
写真どおりでした,顔まわりが明るく見えます。ストライプの幅がちょうど良いです。171cmでL、着丈53cm・胸囲92cmは表記どおりでした。色はピンクを選びました。スカートに合わせると女性らしくなります。買ってよかったです。,5,2026-06-30 02:58:30 UTC,アオイ,fungus-hem-stripe-shirt-1@example.invalid,,fungus-hem-stripe-shirt,,
リピートしたいです,形がきれいで一枚で決まります。ストライプの幅がちょうど良いです。156cmでS、着丈51cm・胸囲84cmは表記どおりでした。羽織りものとの相性も良さそうです。また色違いも欲しくなりました。,5,2026-04-20 20:17:36 UTC,セナ,fungus-hem-stripe-shirt-2@example.invalid,,fungus-hem-stripe-shirt,,
使いやすいです,厚すぎず長い期間着られそうです。編み地がしっかりしていて安っぽくありません。160cmでM、着丈54cm・胸囲102cmは表記どおりでした。色はホワイトを選びました。パンツでもスカートでも合います。この価格でこの質感なら満足です。,5,2026-06-06 13:52:42 UTC,モモ,long-sleeved-knit-top-1@example.invalid,,long-sleeved-knit-top,,
お気に入りになりました,一枚で着ても様になります。編み地がしっかりしていて安っぽくありません。158cmでS、着丈53cm・胸囲98cmは表記どおりでした。インナーを足して重ね着もできます。リピートしたいと思える一枚です。,5,2026-06-19 19:35:40 UTC,ナギサ,long-sleeved-knit-top-2@example.invalid,,long-sleeved-knit-top,,
着心地が良いです,形がきれいで一枚で決まります。ストライプの幅がちょうど良いです。171cmでL、着丈85cm・肩幅53cmは表記どおりでした。色はホワイトを選びました。スカートに合わせると女性らしくなります。長く着られそうです。,5,2026-07-05 09:49:00 UTC,ニナ,long-striped-long-sleeve-1@example.invalid,,long-striped-long-sleeve-shirt,,
使いやすいです,合わせやすくて出番が多そうです。ストライプの幅がちょうど良いです。155cmでM、着丈83cm・胸囲112cmは表記どおりでした。スカートに合わせると女性らしくなります。友達にも聞かれました。,5,2026-05-16 07:12:29 UTC,カレン,long-striped-long-sleeve-2@example.invalid,,long-striped-long-sleeve-shirt,,
着心地が良いです,顔まわりが明るく見えます。ストライプの幅がちょうど良いです。171cmでL、着丈46cm・胸囲85cmは表記どおりでした。色はブラウンを選びました。羽織りものとの相性も良さそうです。買ってよかったです。,5,2026-04-15 07:48:17 UTC,マイ,distressed-striped-long--1@example.invalid,,distressed-striped-long-sleeve-polo-collar-t-shirt,,
高見えします,形がきれいで一枚で決まります。ヴィンテージ感のある色味が気に入りました。156cmでM、着丈45cm・胸囲81cmは表記どおりでした。デニムに合わせるだけで決まりました。また色違いも欲しくなりました。,5,2026-08-04 09:39:45 UTC,ツムギ,distressed-striped-long--2@example.invalid,,distressed-striped-long-sleeve-polo-collar-t-shirt,,
お気に入りになりました,季節の変わり目に重宝しそうです。編み地がしっかりしていて安っぽくありません。152cmでS、着丈46cm・胸囲102cmは表記どおりでした。色はホワイトを選びました。丈の短いトップスと相性が良いです。友達にも聞かれました。,5,2026-04-28 08:28:58 UTC,マリン,knitted-cherry-cardigan-1@example.invalid,,knitted-cherry-cardigan,,
高見えします,羽織るだけで様になります。編み地がしっかりしていて安っぽくありません。171cmでL、着丈50cm・胸囲110cmは表記どおりでした。色味が落ち着いているので合わせやすいです。買ってよかったです。,5,2026-05-06 23:19:24 UTC,ホノカ,knitted-cherry-cardigan-2@example.invalid,,knitted-cherry-cardigan,,
期待どおりでした,肌ざわりが良くてチクチクしません。ストライプの幅がちょうど良いです。162cmでL、着丈71cmは表記どおりでした。色はブルーを選びました。ロングスカートと合わせるのが気に入っています。リピートしたいと思える一枚です。,5,2026-06-27 20:07:38 UTC,ニナ,star-stripe-polo-collar--1@example.invalid,,star-stripe-polo-collar-sweater,,
丈感がちょうどいい,一枚で着ても様になります。編み地がしっかりしていて安っぽくありません。168cmでL、着丈71cmは表記どおりでした。ロングスカートと合わせるのが気に入っています。長く着られそうです。,5,2026-08-06 01:16:45 UTC,アカリ,star-stripe-polo-collar--2@example.invalid,,star-stripe-polo-collar-sweater,,
雰囲気が可愛い,羽織るだけで様になります。166cmでL、着丈50.5cm・胸囲105cmは表記どおりでした。色はレッドを選びました。色味が落ち着いているので合わせやすいです。出番が多くなりそうです。,5,2026-04-18 17:00:15 UTC,ヒヨリ,detachable-fur-collar-do-1@example.invalid,,detachable-fur-collar-double-zipper-jacket,,
高見えします,思ったより軽くて着やすいです。171cmでL、着丈50.5cm・胸囲105cmは表記どおりでした。色味が落ち着いているので合わせやすいです。出番が多くなりそうです。,5,2026-03-23 00:11:42 UTC,イロハ,detachable-fur-collar-do-2@example.invalid,,detachable-fur-collar-double-zipper-jacket,,
写真どおりでした,思ったより軽くて着やすいです。161cmでM、着丈75cm・肩幅55cmは表記どおりでした。色はクリーミーホワイトを選びました。シンプルな中身でもこれ一枚で決まります。この価格でこの質感なら満足です。,5,2026-03-12 09:43:34 UTC,スミレ,detachable-fur-collar-ca-1@example.invalid,,detachable-fur-collar-cargo-jacket,,
期待どおりでした,羽織るだけで様になります。159cmでM、着丈75cm・肩幅55cmは表記どおりでした。シンプルな中身でもこれ一枚で決まります。この価格でこの質感なら満足です。,5,2026-05-18 06:13:50 UTC,ナナ,detachable-fur-collar-ca-2@example.invalid,,detachable-fur-collar-cargo-jacket,,
使いやすいです,思ったより軽くて着やすいです。編み地がしっかりしていて安っぽくありません。170cmでL、着丈53cm・胸囲91cmは表記どおりでした。色はピンクを選びました。色味が落ち着いているので合わせやすいです。友達にも聞かれました。,5,2026-07-17 06:54:53 UTC,アンナ,amusement-park-pony-zipp-1@example.invalid,,amusement-park-pony-zipper-cardigan,,
写真どおりでした,季節の変わり目に重宝しそうです。編み地がしっかりしていて安っぽくありません。171cmでL、着丈53cm・胸囲91cmは表記どおりでした。丈の短いトップスと相性が良いです。長く着られそうです。,5,2026-08-01 11:41:18 UTC,スミレ,amusement-park-pony-zipp-2@example.invalid,,amusement-park-pony-zipper-cardigan,,
使いやすいです,シーンを選ばず着られそうです。チェック柄の色合いが落ち着いていました。152cmでS、着丈78.5cmは表記どおりでした。色はピンクを選びました。羽織りものを足せば長く着られそうです。友達にも聞かれました。,5,2026-04-14 19:40:38 UTC,リン,patch-plaid-hooded-dress-1@example.invalid,,patch-plaid-hooded-dress,,
リピートしたいです,スタイルよく見えます。チェック柄の色合いが落ち着いていました。169cmでL、着丈81.5cmは表記どおりでした。小物次第で印象を変えられます。買ってよかったです。,5,2026-03-31 20:11:48 UTC,ミオ,patch-plaid-hooded-dress-2@example.invalid,,patch-plaid-hooded-dress,,
丈感がちょうどいい,肌ざわりが良くてチクチクしません。編み地がしっかりしていて安っぽくありません。155cmでM、着丈44cm・胸囲87cmは表記どおりでした。色はホワイトを選びました。インナーを足して重ね着もできます。友達にも聞かれました。,5,2026-06-05 06:52:28 UTC,エマ,vintage-crochet-v-neck-t-1@example.invalid,,vintage-crochet-v-neck-top-set-up,,
期待どおりでした,一枚で着ても様になります。レトロな雰囲気が可愛いです。161cmでM、着丈44cm・胸囲87cmは表記どおりでした。ロングスカートと合わせるのが気に入っています。この価格でこの質感なら満足です。,5,2026-06-19 08:14:44 UTC,リン,vintage-crochet-v-neck-t-2@example.invalid,,vintage-crochet-v-neck-top-set-up,,
リピートしたいです,形がきれいで一枚で決まります。153cmでS、着丈64cm・胸囲112cmは表記どおりでした。色はブラックを選びました。羽織りものとの相性も良さそうです。出番が多くなりそうです。,5,2026-06-12 13:12:54 UTC,ナナ,button-lapel-polo-sweats-1@example.invalid,,button-lapel-polo-sweatshirt,,
お気に入りになりました,合わせやすくて出番が多そうです。157cmでS、着丈64cm・胸囲112cmは表記どおりでした。羽織りものとの相性も良さそうです。リピートしたいと思える一枚です。,5,2026-05-07 21:53:17 UTC,マリン,button-lapel-polo-sweats-2@example.invalid,,button-lapel-polo-sweatshirt,,
お気に入りになりました,厚すぎず長い期間着られそうです。編み地がしっかりしていて安っぽくありません。155cmでS、着丈57cm・胸囲94cmは表記どおりでした。色はグレーを選びました。インナーを足して重ね着もできます。長く着られそうです。,5,2026-07-09 14:22:30 UTC,リオ,big-v-neck-sweater-vest-1@example.invalid,,big-v-neck-sweater-vest,,
色味が可愛い,一枚で着ても様になります。編み地がしっかりしていて安っぽくありません。151cmでS、着丈57cm・胸囲94cmは表記どおりでした。インナーを足して重ね着もできます。リピートしたいと思える一枚です。,5,2026-05-21 01:15:28 UTC,エマ,big-v-neck-sweater-vest-2@example.invalid,,big-v-neck-sweater-vest,,
色味が可愛い,肌ざわりが良くてチクチクしません。編み地がしっかりしていて安っぽくありません。170cmでL、着丈58cmは表記どおりでした。色はベージュを選びました。インナーを足して重ね着もできます。リピートしたいと思える一枚です。,5,2026-04-23 00:00:00 UTC,チヒロ,fox-fair-island-knitted--1@example.invalid,,fox-fair-island-knitted-sweater,,
高見えします,厚すぎず長い期間着られそうです。編み地がしっかりしていて安っぽくありません。156cmでS、着丈54cmは表記どおりでした。パンツでもスカートでも合います。この価格でこの質感なら満足です。,5,2026-06-16 21:48:03 UTC,ミク,fox-fair-island-knitted--2@example.invalid,,fox-fair-island-knitted-sweater,,
雰囲気が可愛い,厚すぎず長い期間着られそうです。レースの繊細さが写真以上でした。169cmでL、着丈52cm・胸囲86cmは表記どおりでした。ゆとりがあって締めつけ感がありません。色はブルーを選びました。ロングスカートと合わせるのが気に入っています。長く着られそうです。,5,2026-03-07 15:30:20 UTC,エマ,lazy-lace-knitwear-sweat-1@example.invalid,,lazy-lace-knitwear-sweater,,
高見えします,一枚で着ても様になります。編み地がしっかりしていて安っぽくありません。164cmでM、着丈50cm・胸囲82cmは表記どおりでした。ゆとりがあって締めつけ感がありません。インナーを足して重ね着もできます。この価格でこの質感なら満足です。,5,2026-04-09 21:09:00 UTC,カレン,lazy-lace-knitwear-sweat-2@example.invalid,,lazy-lace-knitwear-sweater,,
丈感がちょうどいい,思ったより軽くて着やすいです。デニムの色落ち加減がちょうど良かったです。148cmでS、着丈79cmは表記どおりでした。色はアーミーグリーンを選びました。シンプルな中身でもこれ一枚で決まります。期待どおりでした。,5,2026-04-27 20:39:46 UTC,ココ,vintage-distressed-fraye-1@example.invalid,,vintage-distressed-frayed-cargo-jacket,,
雰囲気が可愛い,季節の変わり目に重宝しそうです。ヴィンテージ感のある色味が気に入りました。156cmでS、着丈79cmは表記どおりでした。色味が落ち着いているので合わせやすいです。この価格でこの質感なら満足です。,5,2026-07-29 05:52:11 UTC,ヒナ,vintage-distressed-fraye-2@example.invalid,,vintage-distressed-frayed-cargo-jacket,,
雰囲気が可愛い,シルエットがきれいに落ちます。花柄が派手すぎず上品でした。157cmでS、ウエスト68cmは表記どおりでした。色はブラックを選びました。シンプルなトップスを合わせるだけで成立します。期待どおりでした。,5,2026-06-26 11:51:49 UTC,マイ,pleated-flower-bud-high--1@example.invalid,,pleated-flower-bud-high-end-skirt,,
可愛いです,一枚で雰囲気が出ます。プリーツがしっかりついていて動くたびにきれいです。163cmでM、ウエスト72cmは表記どおりでした。シンプルなトップスを合わせるだけで成立します。出番が多くなりそうです。,5,2026-04-20 16:48:14 UTC,マオ,pleated-flower-bud-high--2@example.invalid,,pleated-flower-bud-high-end-skirt,,
お気に入りになりました,一枚で雰囲気が出ます。花柄が派手すぎず上品でした。160cmでM、ウエスト72cm・総丈63cmは表記どおりでした。色はグレーを選びました。シンプルなトップスを合わせるだけで成立します。リピートしたいと思える一枚です。,5,2026-04-22 10:00:36 UTC,マナ,flower-high-end-mid-leng-1@example.invalid,,flower-high-end-mid-length-skirt,,
高見えします,丈感がちょうど良かったです。花柄が派手すぎず上品でした。162cmでL、ウエスト76cm・総丈65cmは表記どおりでした。シンプルなトップスを合わせるだけで成立します。長く着られそうです。,5,2026-04-10 23:01:38 UTC,アンナ,flower-high-end-mid-leng-2@example.invalid,,flower-high-end-mid-length-skirt,,
買ってよかった,思ったより軽くて着やすいです。編み地がしっかりしていて安っぽくありません。164cmでM、着丈63.5cm・胸囲113cmは表記どおりでした。色はイエローを選びました。色味が落ち着いているので合わせやすいです。この価格でこの質感なら満足です。,5,2026-03-04 03:21:21 UTC,フウカ,cute-butterfly-fawn-card-1@example.invalid,,cute-butterfly-fawn-cardigan,,
高見えします,羽織るだけで様になります。編み地がしっかりしていて安っぽくありません。160cmでM、着丈63.5cm・胸囲113cmは表記どおりでした。色味が落ち着いているので合わせやすいです。買ってよかったです。,5,2026-03-10 22:33:46 UTC,ヒナ,cute-butterfly-fawn-card-2@example.invalid,,cute-butterfly-fawn-cardigan,,
可愛いです,肌ざわりが良くてチクチクしません。編み地がしっかりしていて安っぽくありません。171cmでL、着丈112cm・胸囲112cmは表記どおりでした。色はグレーを選びました。インナーを足して重ね着もできます。長く着られそうです。,5,2026-04-22 00:41:53 UTC,アカリ,temperament-gray-sweater-1@example.invalid,,temperament-gray-sweater-dress,,
雰囲気が可愛い,厚すぎず長い期間着られそうです。編み地がしっかりしていて安っぽくありません。163cmでM、着丈109cm・胸囲108cmは表記どおりでした。インナーを足して重ね着もできます。出番が多くなりそうです。,5,2026-07-15 03:44:57 UTC,ノア,temperament-gray-sweater-2@example.invalid,,temperament-gray-sweater-dress,,
高見えします,合わせやすくて出番が多そうです。チェック柄の色合いが落ち着いていました。153cmでS、着丈73cm・胸囲114cmは表記どおりでした。色はブラックを選びました。羽織りものとの相性も良さそうです。出番が多くなりそうです。,5,2026-03-07 23:41:05 UTC,アヤ,vintage-patchwork-casual-1@example.invalid,,vintage-patchwork-casual-plaid-shirt,,
買ってよかった,形がきれいで一枚で決まります。ヴィンテージ感のある色味が気に入りました。152cmでS、着丈73cm・胸囲114cmは表記どおりでした。スカートに合わせると女性らしくなります。友達にも聞かれました。,5,2026-06-24 22:00:48 UTC,ココ,vintage-patchwork-casual-2@example.invalid,,vintage-patchwork-casual-plaid-shirt,,
買ってよかった,合わせやすくて出番が多そうです。ストライプの幅がちょうど良いです。158cmでM、着丈73cmは表記どおりでした。色はブラックを選びました。デニムに合わせるだけで決まりました。期待どおりでした。,5,2026-03-09 19:57:07 UTC,ホノカ,vintage-striped-polo-shi-1@example.invalid,,vintage-striped-polo-shirt,,
高見えします,顔まわりが明るく見えます。レトロな雰囲気が可愛いです。155cmでS、着丈72cm・胸囲114cmは表記どおりでした。デニムに合わせるだけで決まりました。出番が多くなりそうです。,5,2026-07-11 12:08:44 UTC,ユイ,vintage-striped-polo-shi-2@example.invalid,,vintage-striped-polo-shirt,,
買ってよかった,肌ざわりが良くてチクチクしません。チェック柄の色合いが落ち着いていました。165cmでF、ウエスト84cmは表記どおりでした。ロングスカートと合わせるのが気に入っています。期待どおりでした。,5,2026-05-08 21:39:35 UTC,セナ,autumn-plaid-layered-nic-1@example.invalid,,autumn-plaid-layered-niche-skirt,,
期待どおりでした,一枚で着ても様になります。編み地がしっかりしていて安っぽくありません。159cmでF、ウエスト84cmは表記どおりでした。パンツでもスカートでも合います。出番が多くなりそうです。,5,2026-07-29 20:46:12 UTC,エマ,autumn-plaid-layered-nic-2@example.invalid,,autumn-plaid-layered-niche-skirt,,
期待どおりでした,季節の変わり目に重宝しそうです。編み地がしっかりしていて安っぽくありません。155cmでM、着丈47cm・胸囲90cmは表記どおりでした。色はパープルを選びました。色味が落ち着いているので合わせやすいです。友達にも聞かれました。,5,2026-05-22 06:26:40 UTC,サキ,gentle-knitted-cardigan--1@example.invalid,,gentle-knitted-cardigan-set-up,,
色味が可愛い,思ったより軽くて着やすいです。編み地がしっかりしていて安っぽくありません。170cmでL、着丈49cm・胸囲94cmは表記どおりでした。色味が落ち着いているので合わせやすいです。また色違いも欲しくなりました。,5,2026-03-28 04:41:30 UTC,アヤ,gentle-knitted-cardigan--2@example.invalid,,gentle-knitted-cardigan-set-up,,
リピートしたいです,羽織るだけで様になります。チェック柄の色合いが落ち着いていました。165cmでL、着丈45.5cm・肩幅54cmは表記どおりでした。色はブラウンを選びました。色味が落ち着いているので合わせやすいです。友達にも聞かれました。,5,2026-03-02 01:08:16 UTC,ユナ,vintage-patchwork-lapel--1@example.invalid,,vintage-patchwork-lapel-jacket-set-up,,
高見えします,季節の変わり目に重宝しそうです。ヴィンテージ感のある色味が気に入りました。171cmでL、着丈45.5cm・肩幅54cmは表記どおりでした。丈の短いトップスと相性が良いです。友達にも聞かれました。,5,2026-05-05 14:56:05 UTC,ハルカ,vintage-patchwork-lapel--2@example.invalid,,vintage-patchwork-lapel-jacket-set-up,,
買ってよかった,一枚で着ても様になります。花柄が派手すぎず上品でした。153cmでS、着丈54cm・胸囲72cmは表記どおりでした。色はグリーンを選びました。パンツでもスカートでも合います。友達にも聞かれました。,5,2026-07-31 23:50:38 UTC,リン,flower-embroidery-round--1@example.invalid,,flower-embroidery-round-neck-sweater,,
使いやすいです,厚すぎず長い期間着られそうです。編み地がしっかりしていて安っぽくありません。155cmでS、着丈54cm・胸囲72cmは表記どおりでした。ロングスカートと合わせるのが気に入っています。買ってよかったです。,5,2026-05-25 13:58:33 UTC,サラ,flower-embroidery-round--2@example.invalid,,flower-embroidery-round-neck-sweater,,
雰囲気が可愛い,動きやすくて助かります。コーデュロイの畝がきれいでした。165cmでM、ウエスト74cm・総丈104cmは表記どおりでした。色はピンクを選びました。スニーカーでラフに履いています。買ってよかったです。,5,2026-07-03 18:35:00 UTC,ミサキ,american-retro-corduroy--1@example.invalid,,american-retro-corduroy-pants,,
リピートしたいです,カジュアルすぎず履けます。レトロな雰囲気が可愛いです。151cmでS、ウエスト70cm・総丈101cmは表記どおりでした。ヒールを合わせると綺麗めになります。出番が多くなりそうです。,5,2026-03-02 13:16:09 UTC,アカリ,american-retro-corduroy--2@example.invalid,,american-retro-corduroy-pants,,
色味が可愛い,厚すぎず長い期間着られそうです。編み地がしっかりしていて安っぽくありません。158cmでS、着丈56cmは表記どおりでした。色はホワイトを選びました。インナーを足して重ね着もできます。リピートしたいと思える一枚です。,5,2026-07-19 18:04:53 UTC,ユナ,cute-cat-ear-hooded-swea-1@example.invalid,,cute-cat-ear-hooded-sweater,,
可愛いです,一枚で着ても様になります。編み地がしっかりしていて安っぽくありません。157cmでM、着丈58cm・肩幅28cmは表記どおりでした。インナーを足して重ね着もできます。この価格でこの質感なら満足です。,5,2026-03-03 20:30:02 UTC,リン,cute-cat-ear-hooded-swea-2@example.invalid,,cute-cat-ear-hooded-sweater,,
写真どおりでした,肌ざわりが良くてチクチクしません。編み地がしっかりしていて安っぽくありません。156cmでS、着丈35cm・胸囲106cmは表記どおりでした。色はホワイトを選びました。インナーを足して重ね着もできます。リピートしたいと思える一枚です。,5,2026-03-08 07:13:40 UTC,ヒヨリ,star-jacquard-sweater-to-1@example.invalid,,star-jacquard-sweater-top-set-up,,
使いやすいです,厚すぎず長い期間着られそうです。編み地がしっかりしていて安っぽくありません。155cmでM、着丈37cm・胸囲110cmは表記どおりでした。ロングスカートと合わせるのが気に入っています。長く着られそうです。,5,2026-06-24 00:19:51 UTC,ミオ,star-jacquard-sweater-to-2@example.invalid,,star-jacquard-sweater-top-set-up,,
可愛いです,厚すぎず長い期間着られそうです。チェック柄の色合いが落ち着いていました。157cmでS、着丈74cm・胸囲83cmは表記どおりでした。ゆとりがあって締めつけ感がありません。色はレッドを選びました。ロングスカートと合わせるのが気に入っています。買ってよかったです。,5,2026-05-11 05:47:27 UTC,カレン,lazy-red-plaid-sweater-d-1@example.invalid,,lazy-red-plaid-sweater-dress,,
色味が可愛い,一枚で着ても様になります。編み地がしっかりしていて安っぽくありません。155cmでS、着丈74cm・胸囲83cmは表記どおりでした。ゆとりがあって締めつけ感がありません。ロングスカートと合わせるのが気に入っています。この価格でこの質感なら満足です。,5,2026-04-06 11:49:21 UTC,アイ,lazy-red-plaid-sweater-d-2@example.invalid,,lazy-red-plaid-sweater-dress,,
雰囲気が可愛い,形がきれいで一枚で決まります。171cmでL、着丈72.5cmは表記どおりでした。色はピンクを選びました。デニムに合わせるだけで決まりました。買ってよかったです。,5,2026-03-08 20:54:12 UTC,ミオ,large-v-neck-t-shirt-1@example.invalid,,large-v-neck-t-shirt,,
お気に入りになりました,顔まわりが明るく見えます。164cmでL、着丈72.5cmは表記どおりでした。羽織りものとの相性も良さそうです。リピートしたいと思える一枚です。,5,2026-03-30 08:35:59 UTC,リン,large-v-neck-t-shirt-2@example.invalid,,large-v-neck-t-shirt,,
可愛いです,シルエットがきれいに落ちます。チュールの重なりが可愛いです。160cmでFを着用してちょうど良かったです。スニーカーでも綺麗めでも合わせられます。友達にも聞かれました。,5,2026-05-20 09:59:18 UTC,ノア,work-style-tulle-short-s-1@example.invalid,,work-style-tulle-short-skirt,,
雰囲気が可愛い,丈感がちょうど良かったです。チュールの重なりが可愛いです。159cmでFを着用してちょうど良かったです。シンプルなトップスを合わせるだけで成立します。出番が多くなりそうです。,5,2026-05-30 00:10:26 UTC,サラ,work-style-tulle-short-s-2@example.invalid,,work-style-tulle-short-skirt,,
可愛いです,スタイルよく見えます。162cmでL、着丈87cmは表記どおりでした。色はレッドを選びました。そのままでも十分様になります。また色違いも欲しくなりました。,5,2026-05-21 17:30:19 UTC,マオ,autumn-logo-hooded-zippe-1@example.invalid,,autumn-logo-hooded-zipper-dress,,
買ってよかった,一枚で着られるので楽です。162cmでM、着丈85cmは表記どおりでした。羽織りものを足せば長く着られそうです。友達にも聞かれました。,5,2026-03-24 05:19:57 UTC,チヒロ,autumn-logo-hooded-zippe-2@example.invalid,,autumn-logo-hooded-zipper-dress,,
高見えします,スタイルよく見えます。151cmでS、着丈46cm・胸囲80cmは表記どおりでした。色はブルーを選びました。そのままでも十分様になります。買ってよかったです。,5,2026-06-28 15:14:07 UTC,リコ,blue-irregular-waist-dre-1@example.invalid,,blue-irregular-waist-dress,,
色味が可愛い,シーンを選ばず着られそうです。170cmでL、着丈48cm・胸囲88cmは表記どおりでした。羽織りものを足せば長く着られそうです。長く着られそうです。,5,2026-07-31 15:54:22 UTC,サキ,blue-irregular-waist-dre-2@example.invalid,,blue-irregular-waist-dress,,
お気に入りになりました,顔まわりが明るく見えます。ストライプの幅がちょうど良いです。149cmでS、着丈48cm・胸囲74cmは表記どおりでした。体のラインがきれいに出ます。色はレッドを選びました。スカートに合わせると女性らしくなります。買ってよかったです。,5,2026-05-30 03:23:30 UTC,ユキ,striped-slim-long-sleeve-1@example.invalid,,striped-slim-long-sleeved-top,,
雰囲気が可愛い,合わせやすくて出番が多そうです。ストライプの幅がちょうど良いです。163cmでM、着丈49cm・胸囲78cmは表記どおりでした。体のラインがきれいに出ます。羽織りものとの相性も良さそうです。長く着られそうです。,5,2026-06-22 12:27:27 UTC,コハル,striped-slim-long-sleeve-2@example.invalid,,striped-slim-long-sleeved-top,,
色味が可愛い,思ったより軽くて着やすいです。編み地がしっかりしていて安っぽくありません。171cmでL、着丈78cmは表記どおりでした。ゆとりがあって締めつけ感がありません。色はレッドを選びました。シンプルな中身でもこれ一枚で決まります。長く着られそうです。,5,2026-04-25 11:45:11 UTC,スミレ,lapel-knitted-loose-swea-1@example.invalid,,lapel-knitted-loose-sweater-jacket,,
高見えします,羽織るだけで様になります。編み地がしっかりしていて安っぽくありません。157cmでM、着丈75cmは表記どおりでした。ルーズなシルエットで体型を拾いません。丈の短いトップスと相性が良いです。買ってよかったです。,5,2026-04-24 12:44:48 UTC,ユメ,lapel-knitted-loose-swea-2@example.invalid,,lapel-knitted-loose-sweater-jacket,,
使いやすいです,思ったより軽くて着やすいです。編み地がしっかりしていて安っぽくありません。165cmでM、着丈62cm・胸囲110cmは表記どおりでした。色はホワイトを選びました。シンプルな中身でもこれ一枚で決まります。長く着られそうです。,5,2026-05-22 16:36:05 UTC,キョウカ,star-applique-short-knit-1@example.invalid,,star-applique-short-knit-cardigan,,
雰囲気が可愛い,羽織るだけで様になります。編み地がしっかりしていて安っぽくありません。165cmでM、着丈62cm・胸囲110cmは表記どおりでした。丈の短いトップスと相性が良いです。買ってよかったです。,5,2026-07-14 21:51:15 UTC,マイ,star-applique-short-knit-2@example.invalid,,star-applique-short-knit-cardigan,,
可愛いです,思ったより軽くて着やすいです。162cmでL、着丈62cm・胸囲114cmは表記どおりでした。色はブラックを選びました。丈の短いトップスと相性が良いです。また色違いも欲しくなりました。,5,2026-07-12 04:27:24 UTC,ミサキ,classic-belted-jacket-1@example.invalid,,classic-belted-jacket,,
買ってよかった,季節の変わり目に重宝しそうです。151cmでS、着丈59cm・胸囲104cmは表記どおりでした。丈の短いトップスと相性が良いです。リピートしたいと思える一枚です。,5,2026-08-04 05:16:57 UTC,リン,classic-belted-jacket-2@example.invalid,,classic-belted-jacket,,
使いやすいです,一枚で着ても様になります。ストライプの幅がちょうど良いです。158cmでM、着丈54cm・胸囲82cmは表記どおりでした。色はブルーを選びました。パンツでもスカートでも合います。期待どおりでした。,5,2026-03-18 09:28:23 UTC,ナオ,apple-stripe-hoodie-swea-1@example.invalid,,apple-stripe-hoodie-sweater,,
丈感がちょうどいい,肌ざわりが良くてチクチクしません。編み地がしっかりしていて安っぽくありません。168cmでL、着丈55cm・胸囲86cmは表記どおりでした。パンツでもスカートでも合います。この価格でこの質感なら満足です。,5,2026-07-29 06:53:48 UTC,ルナ,apple-stripe-hoodie-swea-2@example.invalid,,apple-stripe-hoodie-sweater,,
雰囲気が可愛い,形がきれいで一枚で決まります。ストライプの幅がちょうど良いです。148cmでS、着丈54cm・胸囲80cmは表記どおりでした。ゆとりがあって締めつけ感がありません。色はレッドを選びました。スカートに合わせると女性らしくなります。友達にも聞かれました。,5,2026-05-21 00:19:47 UTC,キョウカ,striped-hoodue-tunic-top-1@example.invalid,,striped-hoodue-tunic-top,,
着心地が良いです,合わせやすくて出番が多そうです。ストライプの幅がちょうど良いです。157cmでS、着丈54cm・胸囲80cmは表記どおりでした。ゆとりがあって締めつけ感がありません。デニムに合わせるだけで決まりました。リピートしたいと思える一枚です。,5,2026-05-26 11:17:57 UTC,ヒヨリ,striped-hoodue-tunic-top-2@example.invalid,,striped-hoodue-tunic-top,,
可愛いです,丈感がちょうど良かったです。ヴィンテージ感のある色味が気に入りました。166cmでL、ウエスト70cm・総丈97cmは表記どおりでした。色はグレーを選びました。スニーカーでも綺麗めでも合わせられます。長く着られそうです。,5,2026-05-29 01:26:47 UTC,カレン,american-vintage-multi-l-1@example.invalid,,american-vintage-multi-layer-maxi-skirt,,
丈感がちょうどいい,シルエットがきれいに落ちます。ヴィンテージ感のある色味が気に入りました。158cmでM、ウエスト66cm・総丈94cmは表記どおりでした。シンプルなトップスを合わせるだけで成立します。長く着られそうです。,5,2026-08-07 11:15:17 UTC,サヤ,american-vintage-multi-l-2@example.invalid,,american-vintage-multi-layer-maxi-skirt,,
リピートしたいです,合わせやすくて出番が多そうです。171cmでL、着丈45.5cm・胸囲76cmは表記どおりでした。色はレッドを選びました。デニムに合わせるだけで決まりました。出番が多くなりそうです。,5,2026-07-24 02:58:16 UTC,モモ,red-layered-spice-girl-t-1@example.invalid,,red-layered-spice-girl-top,,
お気に入りになりました,顔まわりが明るく見えます。162cmでL、着丈45.5cm・胸囲76cmは表記どおりでした。羽織りものとの相性も良さそうです。期待どおりでした。,5,2026-06-07 17:20:18 UTC,カナ,red-layered-spice-girl-t-2@example.invalid,,red-layered-spice-girl-top,,
お気に入りになりました,一枚で着られるので楽です。レースの繊細さが写真以上でした。155cmでS、着丈50cmは表記どおりでした。色はレッドを選びました。羽織りものを足せば長く着られそうです。リピートしたいと思える一枚です。,5,2026-07-06 19:05:05 UTC,セナ,autumn-lace-satin-camiso-1@example.invalid,,autumn-lace-satin-camisole-dress,,
期待どおりでした,シーンを選ばず着られそうです。サテンの光沢が上品でチープに見えません。171cmでL、着丈52cmは表記どおりでした。小物次第で印象を変えられます。また色違いも欲しくなりました。,5,2026-05-10 14:43:47 UTC,アカリ,autumn-lace-satin-camiso-2@example.invalid,,autumn-lace-satin-camisole-dress,,
雰囲気が可愛い,思ったより軽くて着やすいです。レトロな雰囲気が可愛いです。151cmでS、着丈51.5cm・肩幅49cmは表記どおりでした。ゆとりがあって締めつけ感がありません。色はグリーンを選びました。丈の短いトップスと相性が良いです。友達にも聞かれました。,5,2026-07-19 09:09:45 UTC,マリン,american-vintage-cropped-1@example.invalid,,american-vintage-cropped-loose-jacket,,
色味が可愛い,季節の変わり目に重宝しそうです。ヴィンテージ感のある色味が気に入りました。164cmでL、着丈53.5cm・肩幅51cmは表記どおりでした。ルーズなシルエットで体型を拾いません。色味が落ち着いているので合わせやすいです。リピートしたいと思える一枚です。,5,2026-05-09 05:51:48 UTC,リン,american-vintage-cropped-2@example.invalid,,american-vintage-cropped-loose-jacket,,
写真どおりでした,上下揃っているので迷わず着られます。158cmでM、着丈82cm・ウエスト68cmは表記どおりでした。体のラインがきれいに出ます。色はグレーを選びました。セットで着ると一気にまとまります。この価格でこの質感なら満足です。,5,2026-07-31 09:39:13 UTC,ヒナ,autumn-bud-slim-dress-se-1@example.invalid,,autumn-bud-slim-dress-set-up,,
可愛いです,色味が揃っていて統一感があります。161cmでM、着丈82cm・ウエスト68cmは表記どおりでした。体のラインがきれいに出ます。小物を足すと印象が変わります。長く着られそうです。,5,2026-04-11 23:36:17 UTC,ホノカ,autumn-bud-slim-dress-se-2@example.invalid,,autumn-bud-slim-dress-set-up,,
色味が可愛い,顔まわりが明るく見えます。チェック柄の色合いが落ち着いていました。157cmでSを着用してちょうど良かったです。色はグレーを選びました。羽織りものとの相性も良さそうです。リピートしたいと思える一枚です。,5,2026-08-08 04:51:42 UTC,ヒナ,luxury-plaid-t-shirt-1@example.invalid,,luxury-plaid-t-shirt,,
高見えします,合わせやすくて出番が多そうです。チェック柄の色合いが落ち着いていました。164cmでLを着用してちょうど良かったです。羽織りものとの相性も良さそうです。この価格でこの質感なら満足です。,5,2026-07-25 23:55:30 UTC,イロハ,luxury-plaid-t-shirt-2@example.invalid,,luxury-plaid-t-shirt,,
リピートしたいです,合わせやすくて出番が多そうです。163cmでM、着丈53cm・胸囲86cmは表記どおりでした。色はグレーを選びました。羽織りものとの相性も良さそうです。長く着られそうです。,5,2026-06-05 14:10:24 UTC,ミオ,slimming-collar-top-1@example.invalid,,slimming-collar-top,,
雰囲気が可愛い,顔まわりが明るく見えます。164cmでL、着丈54cm・胸囲90cmは表記どおりでした。スカートに合わせると女性らしくなります。リピートしたいと思える一枚です。,5,2026-05-01 03:36:37 UTC,リオ,slimming-collar-top-2@example.invalid,,slimming-collar-top,,
色味が可愛い,合わせやすくて出番が多そうです。165cmでMを着用してちょうど良かったです。色はネイビーブルーを選びました。スカートに合わせると女性らしくなります。この価格でこの質感なら満足です。,5,2026-04-03 09:41:44 UTC,マリン,gold-shoulder-top-1@example.invalid,,gold-shoulder-top,,
高見えします,形がきれいで一枚で決まります。158cmでMを着用してちょうど良かったです。羽織りものとの相性も良さそうです。期待どおりでした。,5,2026-03-28 11:12:32 UTC,ユイ,gold-shoulder-top-2@example.invalid,,gold-shoulder-top,,
雰囲気が可愛い,形がきれいで一枚で決まります。レースの繊細さが写真以上でした。164cmでLを着用してちょうど良かったです。色はピンク＆グレーを選びました。羽織りものとの相性も良さそうです。リピートしたいと思える一枚です。,5,2026-06-06 11:32:20 UTC,アンナ,lace-top-1@example.invalid,,lace-top,,
可愛いです,顔まわりが明るく見えます。レースの繊細さが写真以上でした。162cmでMを着用してちょうど良かったです。羽織りものとの相性も良さそうです。この価格でこの質感なら満足です。,5,2026-04-08 08:58:11 UTC,サキ,lace-top-2@example.invalid,,lace-top,,
写真どおりでした,顔まわりが明るく見えます。163cmでMを着用してちょうど良かったです。ゆとりがあって締めつけ感がありません。色はグレーを選びました。デニムに合わせるだけで決まりました。また色違いも欲しくなりました。,5,2026-08-05 20:09:47 UTC,ハルカ,autumn-oversized-hooded--1@example.invalid,,autumn-oversized-hooded-sweatshirt,,
雰囲気が可愛い,合わせやすくて出番が多そうです。158cmでMを着用してちょうど良かったです。オーバーサイズですが着られている感じにはなりません。デニムに合わせるだけで決まりました。買ってよかったです。,5,2026-05-08 06:29:58 UTC,ナオ,autumn-oversized-hooded--2@example.invalid,,autumn-oversized-hooded-sweatshirt,,
買ってよかった,合わせやすくて出番が多そうです。レースの繊細さが写真以上でした。167cmでLを着用してちょうど良かったです。色はブラックを選びました。羽織りものとの相性も良さそうです。また色違いも欲しくなりました。,5,2026-06-03 15:13:15 UTC,ツムギ,elegant-lace-top-1@example.invalid,,elegant-lace-top,,
使いやすいです,形がきれいで一枚で決まります。レースの繊細さが写真以上でした。163cmでMを着用してちょうど良かったです。デニムに合わせるだけで決まりました。また色違いも欲しくなりました。,5,2026-06-29 18:22:44 UTC,ニナ,elegant-lace-top-2@example.invalid,,elegant-lace-top,,
高見えします,顔まわりが明るく見えます。168cmでLを着用してちょうど良かったです。体のラインがきれいに出ます。色はグレーを選びました。羽織りものとの相性も良さそうです。友達にも聞かれました。,5,2026-05-13 06:44:34 UTC,サキ,autumn-slim-shirt-1@example.invalid,,autumn-slim-shirt,,
お気に入りになりました,合わせやすくて出番が多そうです。162cmでLを着用してちょうど良かったです。体のラインがきれいに出ます。羽織りものとの相性も良さそうです。友達にも聞かれました。,5,2026-07-22 21:12:55 UTC,ヒナ,autumn-slim-shirt-2@example.invalid,,autumn-slim-shirt,,
期待どおりでした,顔まわりが明るく見えます。158cmでSを着用してちょうど良かったです。色はコーヒーを選びました。デニムに合わせるだけで決まりました。この価格でこの質感なら満足です。,5,2026-06-17 15:26:21 UTC,ナギサ,sharp-shoulder-t-shirt-1@example.invalid,,sharp-shoulder-t-shirt,,
写真どおりでした,合わせやすくて出番が多そうです。156cmでMを着用してちょうど良かったです。スカートに合わせると女性らしくなります。リピートしたいと思える一枚です。,5,2026-05-21 17:26:17 UTC,カナ,sharp-shoulder-t-shirt-2@example.invalid,,sharp-shoulder-t-shirt,,
写真どおりでした,一枚で雰囲気が出ます。Aラインのシルエットがきれいに出ます。168cmでLを着用してちょうど良かったです。色はネイビーブルーを選びました。タイツを合わせれば秋冬もいけそうです。期待どおりでした。,5,2026-05-21 22:42:54 UTC,リオ,french-a-line-skirt-1@example.invalid,,french-a-line-skirt,,
雰囲気が可愛い,丈感がちょうど良かったです。Aラインのシルエットがきれいに出ます。156cmでMを着用してちょうど良かったです。タイツを合わせれば秋冬もいけそうです。出番が多くなりそうです。,5,2026-05-01 11:17:38 UTC,ヒヨリ,french-a-line-skirt-2@example.invalid,,french-a-line-skirt,,
色味が可愛い,合わせやすくて出番が多そうです。ストライプの幅がちょうど良いです。155cmでSを着用してちょうど良かったです。色はネイビーブルーを選びました。羽織りものとの相性も良さそうです。長く着られそうです。,5,2026-05-22 19:02:57 UTC,ユナ,autumn-striped-polo-shir-1@example.invalid,,autumn-striped-polo-shirt,,
可愛いです,形がきれいで一枚で決まります。ストライプの幅がちょうど良いです。162cmでLを着用してちょうど良かったです。デニムに合わせるだけで決まりました。長く着られそうです。,5,2026-08-09 01:00:23 UTC,ミナ,autumn-striped-polo-shir-2@example.invalid,,autumn-striped-polo-shirt,,
使いやすいです,羽織るだけで様になります。デニムの色落ち加減がちょうど良かったです。162cmでM、着丈50cm・胸囲114cmは表記どおりでした。丈の短いトップスと相性が良いです。期待どおりでした。,5,2026-04-16 16:32:06 UTC,ソラ,luxury-denim-cargo-jacke-1@example.invalid,,luxury-denim-cargo-jacket,,
写真どおりでした,思ったより軽くて着やすいです。デニムの色落ち加減がちょうど良かったです。156cmでM、着丈50cm・胸囲114cmは表記どおりでした。シンプルな中身でもこれ一枚で決まります。リピートしたいと思える一枚です。,5,2026-06-18 03:21:48 UTC,アンナ,luxury-denim-cargo-jacke-2@example.invalid,,luxury-denim-cargo-jacket,,
写真どおりでした,季節の変わり目に重宝しそうです。158cmでMを着用してちょうど良かったです。色はカーキを選びました。丈の短いトップスと相性が良いです。出番が多くなりそうです。,5,2026-06-13 01:45:46 UTC,アイ,knitted-jacket-shawl-1@example.invalid,,knitted-jacket-shawl,,
買ってよかった,思ったより軽くて着やすいです。155cmでSを着用してちょうど良かったです。色味が落ち着いているので合わせやすいです。買ってよかったです。,5,2026-04-20 21:48:13 UTC,レイ,knitted-jacket-shawl-2@example.invalid,,knitted-jacket-shawl,,
高見えします,形がきれいで一枚で決まります。チェック柄の色合いが落ち着いていました。150cmでS、着丈52cm・胸囲82cmは表記どおりでした。色はネイビーブルーを選びました。スカートに合わせると女性らしくなります。友達にも聞かれました。,5,2026-07-04 02:01:56 UTC,ミサキ,plaid-v-neck-top-1@example.invalid,,plaid-v-neck-top,,
雰囲気が可愛い,顔まわりが明るく見えます。チェック柄の色合いが落ち着いていました。156cmでM、着丈53cm・胸囲86cmは表記どおりでした。スカートに合わせると女性らしくなります。出番が多くなりそうです。,5,2026-04-06 08:10:53 UTC,ココ,plaid-v-neck-top-2@example.invalid,,plaid-v-neck-top,,
買ってよかった,腰まわりが楽でした。166cmで2XL、ウエスト86cm・総丈110cmは表記どおりでした。体のラインがきれいに出ます。色はブルーを選びました。スニーカーでラフに履いています。買ってよかったです。,5,2026-07-24 22:22:41 UTC,ミサキ,slim-evergreen-pants-1@example.invalid,,slim-evergreen-pants,,
お気に入りになりました,動きやすくて助かります。163cmでM、ウエスト74cm・総丈104cmは表記どおりでした。体のラインがきれいに出ます。ヒールを合わせると綺麗めになります。リピートしたいと思える一枚です。,5,2026-07-30 21:49:03 UTC,チヒロ,slim-evergreen-pants-2@example.invalid,,slim-evergreen-pants,,
雰囲気が可愛い,合わせやすくて出番が多そうです。チェック柄の色合いが落ち着いていました。172cmでL、肩幅37.5cmは表記どおりでした。色はネイビーブルーを選びました。羽織りものとの相性も良さそうです。友達にも聞かれました。,5,2026-06-15 22:31:59 UTC,ホノカ,blue-gray-plaid-shirt-1@example.invalid,,blue-gray-plaid-shirt,,
使いやすいです,形がきれいで一枚で決まります。チェック柄の色合いが落ち着いていました。165cmでM、肩幅36.5cmは表記どおりでした。羽織りものとの相性も良さそうです。出番が多くなりそうです。,5,2026-05-26 14:05:34 UTC,ヒヨリ,blue-gray-plaid-shirt-2@example.invalid,,blue-gray-plaid-shirt,,
可愛いです,顔まわりが明るく見えます。ストライプの幅がちょうど良いです。164cmでL、着丈73cm・肩幅51cmは表記どおりでした。色はアプリコットを選びました。羽織りものとの相性も良さそうです。買ってよかったです。,5,2026-07-08 08:50:15 UTC,ヒナ,french-stripe-sunscreen--1@example.invalid,,french-stripe-sunscreen-shirt,,
高見えします,合わせやすくて出番が多そうです。ストライプの幅がちょうど良いです。156cmでM、着丈72cm・肩幅50cmは表記どおりでした。羽織りものとの相性も良さそうです。買ってよかったです。,5,2026-06-18 05:46:54 UTC,イロハ,french-stripe-sunscreen--2@example.invalid,,french-stripe-sunscreen-shirt,,
期待どおりでした,色味が揃っていて統一感があります。レースの繊細さが写真以上でした。164cmでLを着用してちょうど良かったです。色はコーヒー＆カーキを選びました。セットで着ると一気にまとまります。この価格でこの質感なら満足です。,5,2026-06-16 04:49:53 UTC,ノア,french-lace-dress-set-1@example.invalid,,french-lace-dress-set,,
買ってよかった,セットでも単品でも使えます。レースの繊細さが写真以上でした。159cmでMを着用してちょうど良かったです。小物を足すと印象が変わります。期待どおりでした。,5,2026-06-25 22:15:45 UTC,ユイ,french-lace-dress-set-2@example.invalid,,french-lace-dress-set,,
高見えします,季節の変わり目に重宝しそうです。158cmでM、着丈62cm・胸囲110cmは表記どおりでした。色はブラウンを選びました。丈の短いトップスと相性が良いです。出番が多くなりそうです。,5,2026-05-09 11:21:15 UTC,ミサキ,american-leather-motorcy-1@example.invalid,,american-leather-motorcycle-jacket,,
雰囲気が可愛い,思ったより軽くて着やすいです。158cmでM、着丈62cm・胸囲110cmは表記どおりでした。丈の短いトップスと相性が良いです。期待どおりでした。,5,2026-04-19 01:06:13 UTC,ユナ,american-leather-motorcy-2@example.invalid,,american-leather-motorcycle-jacket,,
期待どおりでした,肌ざわりが良くてチクチクしません。編み地がしっかりしていて安っぽくありません。156cmでM、着丈56cm・胸囲85cmは表記どおりでした。色はレッドを選びました。パンツでもスカートでも合います。この価格でこの質感なら満足です。,5,2026-06-02 06:04:36 UTC,カレン,high-neck-off-shoulder-m-1@example.invalid,,high-neck-off-shoulder-monogram-sweater,,
買ってよかった,厚すぎず長い期間着られそうです。肩の出方がちょうど良いバランスでした。157cmでM、着丈56cm・胸囲85cmは表記どおりでした。ロングスカートと合わせるのが気に入っています。出番が多くなりそうです。,5,2026-03-20 08:20:28 UTC,ホノカ,high-neck-off-shoulder-m-2@example.invalid,,high-neck-off-shoulder-monogram-sweater,,
着心地が良いです,羽織るだけで様になります。168cmでL、着丈62cm・胸囲114cmは表記どおりでした。色はブラウンを選びました。シンプルな中身でもこれ一枚で決まります。また色違いも欲しくなりました。,5,2026-06-29 20:33:06 UTC,コハル,casual-temperament-blaze-1@example.invalid,,casual-temperament-blazer,,
色味が可愛い,季節の変わり目に重宝しそうです。171cmでL、着丈62cm・胸囲114cmは表記どおりでした。色味が落ち着いているので合わせやすいです。出番が多くなりそうです。,5,2026-05-02 04:56:07 UTC,フウカ,casual-temperament-blaze-2@example.invalid,,casual-temperament-blazer,,
写真どおりでした,季節の変わり目に重宝しそうです。リボンの位置が可愛くて気に入りました。152cmでS、着丈59cm・胸囲104cmは表記どおりでした。色はピンクを選びました。シンプルな中身でもこれ一枚で決まります。長く着られそうです。,5,2026-05-24 23:22:40 UTC,ノア,bow-detail-winter-short--1@example.invalid,,bow-detail-winter-short-jacket,,
丈感がちょうどいい,羽織るだけで様になります。リボンの位置が可愛くて気に入りました。163cmでL、着丈62cm・胸囲114cmは表記どおりでした。シンプルな中身でもこれ一枚で決まります。長く着られそうです。,5,2026-06-11 17:18:18 UTC,マイ,bow-detail-winter-short--2@example.invalid,,bow-detail-winter-short-jacket,,
色味が可愛い,厚すぎず長い期間着られそうです。ストライプの幅がちょうど良いです。151cmでS、着丈54cm・胸囲80cmは表記どおりでした。色はレッドを選びました。インナーを足して重ね着もできます。期待どおりでした。,5,2026-06-13 20:18:42 UTC,ノア,hooded-grab-striped-swea-1@example.invalid,,hooded-grab-striped-sweater,,
可愛いです,一枚で着ても様になります。編み地がしっかりしていて安っぽくありません。148cmでS、着丈54cm・胸囲80cmは表記どおりでした。パンツでもスカートでも合います。長く着られそうです。,5,2026-05-30 19:59:19 UTC,マイ,hooded-grab-striped-swea-2@example.invalid,,hooded-grab-striped-sweater,,
丈感がちょうどいい,季節の変わり目に重宝しそうです。155cmでM、着丈62cm・胸囲110cmは表記どおりでした。色はブラウンを選びました。シンプルな中身でもこれ一枚で決まります。友達にも聞かれました。,5,2026-07-22 20:32:00 UTC,ソラ,british-college-stitched-1@example.invalid,,british-college-stitched-trench-coat,,
お気に入りになりました,思ったより軽くて着やすいです。150cmでS、着丈59cm・胸囲104cmは表記どおりでした。シンプルな中身でもこれ一枚で決まります。期待どおりでした。,5,2026-03-09 12:04:37 UTC,モモ,british-college-stitched-2@example.invalid,,british-college-stitched-trench-coat,,
雰囲気が可愛い,丈感がちょうど良かったです。レースの繊細さが写真以上でした。156cmでS、着丈48cm・ウエスト66cmは表記どおりでした。色はホワイトを選びました。スニーカーでも綺麗めでも合わせられます。出番が多くなりそうです。,5,2026-03-28 00:37:37 UTC,アンナ,cake-lace-long-midi-skir-1@example.invalid,,cake-lace-long-midi-skirt,,
期待どおりでした,シルエットがきれいに落ちます。レースの繊細さが写真以上でした。162cmでL、着丈50cm・ウエスト74cmは表記どおりでした。スニーカーでも綺麗めでも合わせられます。出番が多くなりそうです。,5,2026-07-12 20:03:18 UTC,ミサキ,cake-lace-long-midi-skir-2@example.invalid,,cake-lace-long-midi-skirt,,
着心地が良いです,腰まわりが楽でした。デニムの色落ち加減がちょうど良かったです。163cmでL、着丈105cm・ウエスト76cmは表記どおりでした。色はブルーを選びました。スニーカーでラフに履いています。リピートしたいと思える一枚です。,5,2026-04-28 00:09:23 UTC,ニナ,bootcut-denim-flare-jean-1@example.invalid,,bootcut-denim-flare-jeans-pants,,
買ってよかった,カジュアルすぎず履けます。デニムの色落ち加減がちょうど良かったです。162cmでL、着丈105cm・ウエスト76cmは表記どおりでした。コンパクトなトップスと相性が良いです。期待どおりでした。,5,2026-07-01 21:34:58 UTC,アンナ,bootcut-denim-flare-jean-2@example.invalid,,bootcut-denim-flare-jeans-pants,,
着心地が良いです,シルエットがきれいに落ちます。花柄が派手すぎず上品でした。169cmでL、着丈50cm・ウエスト74cmは表記どおりでした。色はブラウンを選びました。タイツを合わせれば秋冬もいけそうです。リピートしたいと思える一枚です。,5,2026-03-31 22:01:40 UTC,アンナ,elegant-floral-mini-skir-1@example.invalid,,elegant-floral-mini-skirt,,
写真どおりでした,丈感がちょうど良かったです。花柄が派手すぎず上品でした。162cmでL、着丈50cm・ウエスト74cmは表記どおりでした。スニーカーでも綺麗めでも合わせられます。長く着られそうです。,5,2026-04-15 04:01:18 UTC,チヒロ,elegant-floral-mini-skir-2@example.invalid,,elegant-floral-mini-skirt,,
色味が可愛い,季節の変わり目に重宝しそうです。チェック柄の色合いが落ち着いていました。155cmでM、着丈62cm・胸囲110cmは表記どおりでした。色はレッドを選びました。シンプルな中身でもこれ一枚で決まります。また色違いも欲しくなりました。,5,2026-03-07 07:39:45 UTC,アンナ,checked-shearling-hood-j-1@example.invalid,,checked-shearling-hood-jacket,,
可愛いです,羽織るだけで様になります。チェック柄の色合いが落ち着いていました。164cmでM、着丈62cm・胸囲110cmは表記どおりでした。色味が落ち着いているので合わせやすいです。リピートしたいと思える一枚です。,5,2026-07-04 04:32:57 UTC,キョウカ,checked-shearling-hood-j-2@example.invalid,,checked-shearling-hood-jacket,,
着心地が良いです,羽織るだけで様になります。161cmでM、着丈62cm・胸囲110cmは表記どおりでした。ゆとりがあって締めつけ感がありません。色はホワイトを選びました。丈の短いトップスと相性が良いです。期待どおりでした。,5,2026-07-16 07:13:11 UTC,ミナ,ball-fluff-loose-wool-co-1@example.invalid,,ball-fluff-loose-wool-coat,,
使いやすいです,思ったより軽くて着やすいです。158cmでS、着丈59cm・胸囲104cmは表記どおりでした。ルーズなシルエットで体型を拾いません。色味が落ち着いているので合わせやすいです。友達にも聞かれました。,5,2026-05-15 15:54:03 UTC,カナ,ball-fluff-loose-wool-co-2@example.invalid,,ball-fluff-loose-wool-coat,,
丈感がちょうどいい,思ったより軽くて着やすいです。166cmでL、着丈62cm・胸囲114cmは表記どおりでした。色はブラックを選びました。丈の短いトップスと相性が良いです。この価格でこの質感なら満足です。,5,2026-03-30 23:03:55 UTC,イロハ,wool-high-neck-puffer-ja-1@example.invalid,,wool-high-neck-puffer-jacket,,
着心地が良いです,羽織るだけで様になります。151cmでS、着丈59cm・胸囲104cmは表記どおりでした。色味が落ち着いているので合わせやすいです。出番が多くなりそうです。,5,2026-05-26 07:30:42 UTC,トワ,wool-high-neck-puffer-ja-2@example.invalid,,wool-high-neck-puffer-jacket,,
写真どおりでした,思ったより軽くて着やすいです。リボンの位置が可愛くて気に入りました。155cmでS、着丈59cm・胸囲104cmは表記どおりでした。色はホワイトを選びました。丈の短いトップスと相性が良いです。友達にも聞かれました。,5,2026-04-17 23:00:04 UTC,カレン,bow-button-cropped-jacke-1@example.invalid,,bow-button-cropped-jacket,,
雰囲気が可愛い,季節の変わり目に重宝しそうです。リボンの位置が可愛くて気に入りました。157cmでM、着丈62cm・胸囲110cmは表記どおりでした。色味が落ち着いているので合わせやすいです。また色違いも欲しくなりました。,5,2026-06-12 21:13:34 UTC,カナ,bow-button-cropped-jacke-2@example.invalid,,bow-button-cropped-jacket,,
色味が可愛い,肌ざわりが良くてチクチクしません。編み地がしっかりしていて安っぽくありません。166cmでL、着丈56cm・胸囲88cmは表記どおりでした。色はレッドを選びました。ロングスカートと合わせるのが気に入っています。友達にも聞かれました。,5,2026-07-02 22:20:28 UTC,ミオ,slatted-shoulder-sweater-1@example.invalid,,slatted-shoulder-sweater,,
お気に入りになりました,厚すぎず長い期間着られそうです。編み地がしっかりしていて安っぽくありません。163cmでL、着丈56cm・胸囲88cmは表記どおりでした。ロングスカートと合わせるのが気に入っています。期待どおりでした。,5,2026-05-02 15:34:34 UTC,アカリ,slatted-shoulder-sweater-2@example.invalid,,slatted-shoulder-sweater,,
着心地が良いです,思ったより軽くて着やすいです。編み地がしっかりしていて安っぽくありません。156cmでS、着丈59cm・胸囲104cmは表記どおりでした。色はピンクを選びました。丈の短いトップスと相性が良いです。長く着られそうです。,5,2026-04-21 21:36:16 UTC,ユキ,retro-soft-knit-cardigan-1@example.invalid,,retro-soft-knit-cardigan-sweater,,
色味が可愛い,季節の変わり目に重宝しそうです。レトロな雰囲気が可愛いです。167cmでL、着丈62cm・胸囲114cmは表記どおりでした。シンプルな中身でもこれ一枚で決まります。期待どおりでした。,5,2026-07-02 03:18:45 UTC,ミク,retro-soft-knit-cardigan-2@example.invalid,,retro-soft-knit-cardigan-sweater,,
使いやすいです,厚すぎず長い期間着られそうです。編み地がしっかりしていて安っぽくありません。156cmでS、着丈54cm・胸囲80cmは表記どおりでした。色はレッドを選びました。ロングスカートと合わせるのが気に入っています。期待どおりでした。,5,2026-06-20 12:05:45 UTC,マオ,casual-trend-knit-sweats-1@example.invalid,,casual-trend-knit-sweatshirt,,
高見えします,一枚で着ても様になります。編み地がしっかりしていて安っぽくありません。155cmでM、着丈56cm・胸囲85cmは表記どおりでした。ロングスカートと合わせるのが気に入っています。期待どおりでした。,5,2026-07-09 01:50:24 UTC,チヒロ,casual-trend-knit-sweats-2@example.invalid,,casual-trend-knit-sweatshirt,,
高見えします,形がきれいで一枚で決まります。150cmでS、着丈52cm・胸囲82cmは表記どおりでした。色はホワイトを選びました。スカートに合わせると女性らしくなります。この価格でこの質感なら満足です。,5,2026-03-28 16:14:34 UTC,マオ,high-neck-black-trim-lon-1@example.invalid,,high-neck-black-trim-long-sleeve-top,,
着心地が良いです,合わせやすくて出番が多そうです。162cmでM、着丈53cm・胸囲86cmは表記どおりでした。スカートに合わせると女性らしくなります。友達にも聞かれました。,5,2026-03-04 01:36:46 UTC,ホノカ,high-neck-black-trim-lon-2@example.invalid,,high-neck-black-trim-long-sleeve-top,,
雰囲気が可愛い,形がきれいで一枚で決まります。168cmでL、着丈56cm・胸囲88cmは表記どおりでした。色はブラウンを選びました。スカートに合わせると女性らしくなります。買ってよかったです。,5,2026-07-09 05:04:55 UTC,マナ,contrasting-multi-tie-lo-1@example.invalid,,contrasting-multi-tie-logo-hooded-sweatshirt,,
リピートしたいです,合わせやすくて出番が多そうです。152cmでS、着丈54cm・胸囲80cmは表記どおりでした。羽織りものとの相性も良さそうです。この価格でこの質感なら満足です。,5,2026-06-07 19:47:07 UTC,アカリ,contrasting-multi-tie-lo-2@example.invalid,,contrasting-multi-tie-logo-hooded-sweatshirt,,
雰囲気が可愛い,思ったより軽くて着やすいです。レースの繊細さが写真以上でした。156cmでM、着丈49cm・ウエスト70cmは表記どおりでした。色はブラウンを選びました。シンプルな中身でもこれ一枚で決まります。リピートしたいと思える一枚です。,5,2026-05-06 04:57:43 UTC,アヤ,vintage-suede-saede-jack-1@example.invalid,,vintage-suede-saede-jacket-lace-skirt-set-up,,
リピートしたいです,羽織るだけで様になります。ヴィンテージ感のある色味が気に入りました。172cmでL、着丈50cm・ウエスト74cmは表記どおりでした。丈の短いトップスと相性が良いです。長く着られそうです。,5,2026-05-09 16:39:13 UTC,ヒヨリ,vintage-suede-saede-jack-2@example.invalid,,vintage-suede-saede-jacket-lace-skirt-set-up,,
お気に入りになりました,丈感がちょうど良かったです。163cmでM、着丈49cm・ウエスト70cmは表記どおりでした。色はブラウンを選びました。スニーカーでも綺麗めでも合わせられます。友達にも聞かれました。,5,2026-07-04 00:27:42 UTC,レイ,brown-strappy-grain-flee-1@example.invalid,,brown-strappy-grain-fleece-skirt,,
写真どおりでした,一枚で雰囲気が出ます。151cmでS、着丈48cm・ウエスト66cmは表記どおりでした。タイツを合わせれば秋冬もいけそうです。友達にも聞かれました。,5,2026-06-27 23:29:31 UTC,リコ,brown-strappy-grain-flee-2@example.invalid,,brown-strappy-grain-fleece-skirt,,
着心地が良いです,厚すぎず長い期間着られそうです。編み地がしっかりしていて安っぽくありません。148cmでS、着丈54cm・胸囲80cmは表記どおりでした。色はレッドを選びました。ロングスカートと合わせるのが気に入っています。友達にも聞かれました。,5,2026-04-12 10:46:51 UTC,ミナ,soft-waxy-premium-design-1@example.invalid,,soft-waxy-premium-design-knitwear-top,,
期待どおりでした,肌ざわりが良くてチクチクしません。編み地がしっかりしていて安っぽくありません。171cmでL、着丈56cm・胸囲88cmは表記どおりでした。インナーを足して重ね着もできます。買ってよかったです。,5,2026-03-25 12:40:07 UTC,コハル,soft-waxy-premium-design-2@example.invalid,,soft-waxy-premium-design-knitwear-top,,
リピートしたいです,肌ざわりが良くてチクチクしません。レースの繊細さが写真以上でした。171cmでL、着丈56cm・胸囲88cmは表記どおりでした。ゆとりがあって締めつけ感がありません。色はホワイトを選びました。インナーを足して重ね着もできます。出番が多くなりそうです。,5,2026-03-19 10:09:11 UTC,ルナ,lace-collar-knitwear-slo-1@example.invalid,,lace-collar-knitwear-slouchy-top,,
写真どおりでした,厚すぎず長い期間着られそうです。編み地がしっかりしていて安っぽくありません。165cmでL、着丈56cm・胸囲88cmは表記どおりでした。ゆとりがあって締めつけ感がありません。インナーを足して重ね着もできます。長く着られそうです。,5,2026-04-02 13:07:30 UTC,マイ,lace-collar-knitwear-slo-2@example.invalid,,lace-collar-knitwear-slouchy-top,,
着心地が良いです,セットでも単品でも使えます。ストライプの幅がちょうど良いです。169cmでL、着丈50cm・ウエスト74cmは表記どおりでした。色はグレーを選びました。トップスだけ単品でも使えそうです。期待どおりでした。,5,2026-07-14 03:53:22 UTC,フウカ,preppy-puff-sleeve-strip-1@example.invalid,,preppy-puff-sleeve-striped-skirt-set-up,,
丈感がちょうどいい,色味が揃っていて統一感があります。パフスリーブのふくらみが可愛いです。170cmでL、着丈50cm・ウエスト74cmは表記どおりでした。小物を足すと印象が変わります。長く着られそうです。,5,2026-04-27 07:49:54 UTC,ヒナ,preppy-puff-sleeve-strip-2@example.invalid,,preppy-puff-sleeve-striped-skirt-set-up,,
リピートしたいです,思ったより軽くて着やすいです。編み地がしっかりしていて安っぽくありません。162cmでL、着丈62cm・胸囲114cmは表記どおりでした。色はピンクを選びました。丈の短いトップスと相性が良いです。期待どおりでした。,5,2026-04-24 04:00:44 UTC,ユナ,high-neck-wool-sweater-c-1@example.invalid,,high-neck-wool-sweater-cardigan,,
可愛いです,季節の変わり目に重宝しそうです。編み地がしっかりしていて安っぽくありません。148cmでS、着丈59cm・胸囲104cmは表記どおりでした。色味が落ち着いているので合わせやすいです。友達にも聞かれました。,5,2026-07-12 16:27:55 UTC,サキ,high-neck-wool-sweater-c-2@example.invalid,,high-neck-wool-sweater-cardigan,,
リピートしたいです,季節の変わり目に重宝しそうです。162cmでL、着丈62cm・胸囲114cmは表記どおりでした。色はグレーを選びました。色味が落ち着いているので合わせやすいです。期待どおりでした。,5,2026-03-24 17:19:30 UTC,マオ,slouchy-sparkling-hooded-1@example.invalid,,slouchy-sparkling-hooded-cardigan,,
高見えします,羽織るだけで様になります。148cmでS、着丈59cm・胸囲104cmは表記どおりでした。シンプルな中身でもこれ一枚で決まります。買ってよかったです。,5,2026-03-13 16:36:48 UTC,ホノカ,slouchy-sparkling-hooded-2@example.invalid,,slouchy-sparkling-hooded-cardigan,,
使いやすいです,肌ざわりが良くてチクチクしません。ストライプの幅がちょうど良いです。152cmでS、着丈54cm・胸囲80cmは表記どおりでした。ゆとりがあって締めつけ感がありません。色はホワイトを選びました。パンツでもスカートでも合います。長く着られそうです。,5,2026-05-25 13:43:12 UTC,ハルカ,loose-striped-midi-knitw-1@example.invalid,,loose-striped-midi-knitwear-top,,
リピートしたいです,厚すぎず長い期間着られそうです。編み地がしっかりしていて安っぽくありません。163cmでL、着丈56cm・胸囲88cmは表記どおりでした。ゆとりがあって締めつけ感がありません。ロングスカートと合わせるのが気に入っています。リピートしたいと思える一枚です。,5,2026-04-02 17:31:34 UTC,キョウカ,loose-striped-midi-knitw-2@example.invalid,,loose-striped-midi-knitwear-top,,
写真どおりでした,合わせやすくて出番が多そうです。ストライプの幅がちょうど良いです。166cmでL、着丈54cm・胸囲90cmは表記どおりでした。ゆとりがあって締めつけ感がありません。色はピンクを選びました。デニムに合わせるだけで決まりました。長く着られそうです。,5,2026-04-02 10:15:57 UTC,ツムギ,loose-striped-polo-jerse-1@example.invalid,,loose-striped-polo-jersey-t-shirt,,
高見えします,顔まわりが明るく見えます。ストライプの幅がちょうど良いです。165cmでM、着丈53cm・胸囲86cmは表記どおりでした。ゆとりがあって締めつけ感がありません。羽織りものとの相性も良さそうです。買ってよかったです。,5,2026-04-30 01:48:26 UTC,マナ,loose-striped-polo-jerse-2@example.invalid,,loose-striped-polo-jersey-t-shirt,,
写真どおりでした,一枚で着ても様になります。編み地がしっかりしていて安っぽくありません。157cmでS、着丈54cm・胸囲80cmは表記どおりでした。色はブルーを選びました。ロングスカートと合わせるのが気に入っています。また色違いも欲しくなりました。,5,2026-03-25 07:08:47 UTC,スミレ,leaky-shoulder-destructi-1@example.invalid,,leaky-shoulder-destruction-tassel-sweater,,
期待どおりでした,厚すぎず長い期間着られそうです。編み地がしっかりしていて安っぽくありません。153cmでS、着丈54cm・胸囲80cmは表記どおりでした。インナーを足して重ね着もできます。この価格でこの質感なら満足です。,5,2026-04-15 16:20:24 UTC,フウカ,leaky-shoulder-destructi-2@example.invalid,,leaky-shoulder-destruction-tassel-sweater,,
着心地が良いです,一枚で着ても様になります。編み地がしっかりしていて安っぽくありません。161cmでM、着丈56cm・胸囲85cmは表記どおりでした。色はレッドを選びました。パンツでもスカートでも合います。友達にも聞かれました。,5,2026-05-31 08:59:00 UTC,サラ,neck-tie-twist-sweater-k-1@example.invalid,,neck-tie-twist-sweater-knit-top,,
高見えします,厚すぎず長い期間着られそうです。編み地がしっかりしていて安っぽくありません。164cmでL、着丈56cm・胸囲88cmは表記どおりでした。ロングスカートと合わせるのが気に入っています。リピートしたいと思える一枚です。,5,2026-06-29 07:35:49 UTC,コハル,neck-tie-twist-sweater-k-2@example.invalid,,neck-tie-twist-sweater-knit-top,,
高見えします,思ったより軽くて着やすいです。167cmでL、着丈54cm・胸囲90cmは表記どおりでした。色はアプリコットを選びました。丈の短いトップスと相性が良いです。また色違いも欲しくなりました。,5,2026-04-15 05:33:56 UTC,アイ,cropped-mink-fur-premium-1@example.invalid,,cropped-mink-fur-premium-temperament-set-up,,
色味が可愛い,季節の変わり目に重宝しそうです。158cmでM、着丈53cm・胸囲86cmは表記どおりでした。色味が落ち着いているので合わせやすいです。また色違いも欲しくなりました。,5,2026-06-01 07:30:17 UTC,フウカ,cropped-mink-fur-premium-2@example.invalid,,cropped-mink-fur-premium-temperament-set-up,,
色味が可愛い,一枚で着ても様になります。編み地がしっかりしていて安っぽくありません。161cmでM、着丈82cm・ウエスト70cmは表記どおりでした。色はベルトを選びました。ロングスカートと合わせるのが気に入っています。出番が多くなりそうです。,5,2026-06-11 13:06:22 UTC,キョウカ,fringed-knit-belted-laye-1@example.invalid,,fringed-knit-belted-layer-dress,,
リピートしたいです,肌ざわりが良くてチクチクしません。編み地がしっかりしていて安っぽくありません。164cmでL、着丈84cm・ウエスト74cmは表記どおりでした。パンツでもスカートでも合います。買ってよかったです。,5,2026-04-23 21:18:07 UTC,ココ,fringed-knit-belted-laye-2@example.invalid,,fringed-knit-belted-layer-dress,,
雰囲気が可愛い,シルエットがきれいに落ちます。レースの繊細さが写真以上でした。162cmでM、着丈49cm・ウエスト70cmは表記どおりでした。色はブラックを選びました。シンプルなトップスを合わせるだけで成立します。また色違いも欲しくなりました。,5,2026-06-12 07:27:37 UTC,アカリ,premium-bow-lace-skirt-1@example.invalid,,premium-bow-lace-skirt,,
高見えします,丈感がちょうど良かったです。リボンの位置が可愛くて気に入りました。157cmでM、着丈49cm・ウエスト70cmは表記どおりでした。スニーカーでも綺麗めでも合わせられます。リピートしたいと思える一枚です。,5,2026-04-25 16:58:29 UTC,スミレ,premium-bow-lace-skirt-2@example.invalid,,premium-bow-lace-skirt,,
お気に入りになりました,丈感がちょうど良かったです。チェック柄の色合いが落ち着いていました。151cmでS、着丈48cm・ウエスト66cmは表記どおりでした。色はグレーを選びました。タイツを合わせれば秋冬もいけそうです。出番が多くなりそうです。,5,2026-05-18 14:18:02 UTC,ココ,fake-two-piece-plaid-ski-1@example.invalid,,fake-two-piece-plaid-skirt,,
雰囲気が可愛い,シルエットがきれいに落ちます。チェック柄の色合いが落ち着いていました。148cmでS、着丈48cm・ウエスト66cmは表記どおりでした。タイツを合わせれば秋冬もいけそうです。友達にも聞かれました。,5,2026-03-15 12:44:02 UTC,ナナ,fake-two-piece-plaid-ski-2@example.invalid,,fake-two-piece-plaid-skirt,,
期待どおりでした,一枚で雰囲気が出ます。167cmでL、着丈50cm・ウエスト74cmは表記どおりでした。色はカーキを選びました。シンプルなトップスを合わせるだけで成立します。リピートしたいと思える一枚です。,5,2026-03-09 12:56:50 UTC,サヤ,temperament-khaki-blue-f-1@example.invalid,,temperament-khaki-blue-fashion-skirt,,
買ってよかった,丈感がちょうど良かったです。167cmでL、着丈50cm・ウエスト74cmは表記どおりでした。スニーカーでも綺麗めでも合わせられます。また色違いも欲しくなりました。,5,2026-07-15 16:12:43 UTC,アイ,temperament-khaki-blue-f-2@example.invalid,,temperament-khaki-blue-fashion-skirt,,
お気に入りになりました,一枚で着ても様になります。編み地がしっかりしていて安っぽくありません。149cmでS、着丈54cm・胸囲80cmは表記どおりでした。色はグレーを選びました。パンツでもスカートでも合います。買ってよかったです。,5,2026-03-31 15:14:51 UTC,ユイ,college-style-fur-sleeve-1@example.invalid,,college-style-fur-sleeve-sweater,,
着心地が良いです,肌ざわりが良くてチクチクしません。編み地がしっかりしていて安っぽくありません。157cmでM、着丈56cm・胸囲85cmは表記どおりでした。パンツでもスカートでも合います。出番が多くなりそうです。,5,2026-05-16 13:35:28 UTC,サラ,college-style-fur-sleeve-2@example.invalid,,college-style-fur-sleeve-sweater,,
お気に入りになりました,合わせやすくて出番が多そうです。164cmでL、着丈56cm・胸囲88cmは表記どおりでした。ゆとりがあって締めつけ感がありません。色はパープルを選びました。スカートに合わせると女性らしくなります。リピートしたいと思える一枚です。,5,2026-05-24 12:23:07 UTC,マリン,fall-winter-loose-casual-1@example.invalid,,fall-winter-loose-casual-hoodie-top,,
リピートしたいです,顔まわりが明るく見えます。158cmでM、着丈56cm・胸囲85cmは表記どおりでした。ゆとりがあって締めつけ感がありません。スカートに合わせると女性らしくなります。友達にも聞かれました。,5,2026-06-01 18:37:28 UTC,モモ,fall-winter-loose-casual-2@example.invalid,,fall-winter-loose-casual-hoodie-top,,
可愛いです,合わせやすくて出番が多そうです。153cmでS、着丈54cm・胸囲80cmは表記どおりでした。色はブラックを選びました。スカートに合わせると女性らしくなります。この価格でこの質感なら満足です。,5,2026-06-29 10:14:04 UTC,アンナ,american-style-polo-swea-1@example.invalid,,american-style-polo-sweatshirt,,
使いやすいです,形がきれいで一枚で決まります。162cmでM、着丈56cm・胸囲85cmは表記どおりでした。デニムに合わせるだけで決まりました。また色違いも欲しくなりました。,5,2026-03-01 18:03:29 UTC,セナ,american-style-polo-swea-2@example.invalid,,american-style-polo-sweatshirt,,
雰囲気が可愛い,一枚で着ても様になります。ストライプの幅がちょうど良いです。169cmでL、着丈56cm・胸囲88cmは表記どおりでした。色はピンクを選びました。ロングスカートと合わせるのが気に入っています。この価格でこの質感なら満足です。,5,2026-07-03 02:55:54 UTC,ナギサ,irregular-striped-vest-s-1@example.invalid,,irregular-striped-vest-sweater,,
期待どおりでした,肌ざわりが良くてチクチクしません。編み地がしっかりしていて安っぽくありません。171cmでL、着丈56cm・胸囲88cmは表記どおりでした。インナーを足して重ね着もできます。期待どおりでした。,5,2026-07-12 21:19:11 UTC,ハルカ,irregular-striped-vest-s-2@example.invalid,,irregular-striped-vest-sweater,,
雰囲気が可愛い,合わせやすくて出番が多そうです。172cmでL、着丈54cm・胸囲90cmは表記どおりでした。色はホワイトを選びました。スカートに合わせると女性らしくなります。期待どおりでした。,5,2026-04-03 06:34:52 UTC,ユキ,premium-couple-wear-whit-1@example.invalid,,premium-couple-wear-white-shirt,,
高見えします,顔まわりが明るく見えます。157cmでM、着丈53cm・胸囲86cmは表記どおりでした。デニムに合わせるだけで決まりました。この価格でこの質感なら満足です。,5,2026-04-15 07:09:28 UTC,フウカ,premium-couple-wear-whit-2@example.invalid,,premium-couple-wear-white-shirt,,
リピートしたいです,シルエットがきれいに落ちます。157cmでS、着丈48cm・ウエスト66cmは表記どおりでした。色はグレーを選びました。スニーカーでも綺麗めでも合わせられます。友達にも聞かれました。,5,2026-07-25 07:26:33 UTC,アカリ,gray-sequin-fashion-shor-1@example.invalid,,gray-sequin-fashion-short-skirt,,
写真どおりでした,丈感がちょうど良かったです。158cmでS、着丈48cm・ウエスト66cmは表記どおりでした。タイツを合わせれば秋冬もいけそうです。出番が多くなりそうです。,5,2026-06-15 03:37:50 UTC,ルナ,gray-sequin-fashion-shor-2@example.invalid,,gray-sequin-fashion-short-skirt,,
高見えします,顔まわりが明るく見えます。刺繍が丁寧で高見えします。161cmでM、着丈53cm・胸囲86cmは表記どおりでした。色はグレーを選びました。羽織りものとの相性も良さそうです。長く着られそうです。,5,2026-08-05 09:02:22 UTC,キョウカ,premium-embroidered-flee-1@example.invalid,,premium-embroidered-fleece-casual-top,,
丈感がちょうどいい,合わせやすくて出番が多そうです。刺繍が丁寧で高見えします。158cmでM、着丈53cm・胸囲86cmは表記どおりでした。デニムに合わせるだけで決まりました。長く着られそうです。,5,2026-07-08 17:01:04 UTC,エマ,premium-embroidered-flee-2@example.invalid,,premium-embroidered-fleece-casual-top,,
色味が可愛い,一枚で雰囲気が出ます。プリーツがしっかりついていて動くたびにきれいです。165cmでM、着丈49cm・ウエスト70cmは表記どおりでした。色はブラウンを選びました。スニーカーでも綺麗めでも合わせられます。期待どおりでした。,5,2026-03-13 06:48:24 UTC,ナギサ,autumn-temperament-pleat-1@example.invalid,,autumn-temperament-pleated-skirt,,
着心地が良いです,シルエットがきれいに落ちます。プリーツがしっかりついていて動くたびにきれいです。158cmでS、着丈48cm・ウエスト66cmは表記どおりでした。タイツを合わせれば秋冬もいけそうです。友達にも聞かれました。,5,2026-08-02 03:40:13 UTC,シオリ,autumn-temperament-pleat-2@example.invalid,,autumn-temperament-pleated-skirt,,
丈感がちょうどいい,肌ざわりが良くてチクチクしません。編み地がしっかりしていて安っぽくありません。160cmでM、着丈56cm・胸囲85cmは表記どおりでした。ゆとりがあって締めつけ感がありません。色はグレーを選びました。パンツでもスカートでも合います。リピートしたいと思える一枚です。,5,2026-06-15 15:21:58 UTC,ホノカ,slouchy-premium-knit-swe-1@example.invalid,,slouchy-premium-knit-sweater,,
使いやすいです,厚すぎず長い期間着られそうです。編み地がしっかりしていて安っぽくありません。161cmでM、着丈56cm・胸囲85cmは表記どおりでした。ゆとりがあって締めつけ感がありません。ロングスカートと合わせるのが気に入っています。この価格でこの質感なら満足です。,5,2026-07-11 16:13:08 UTC,キョウカ,slouchy-premium-knit-swe-2@example.invalid,,slouchy-premium-knit-sweater,,
期待どおりでした,一枚で雰囲気が出ます。リボンの位置が可愛くて気に入りました。153cmでS、着丈48cm・ウエスト66cmは表記どおりでした。色はブラウンを選びました。スニーカーでも綺麗めでも合わせられます。友達にも聞かれました。,5,2026-07-30 05:02:35 UTC,ノア,denim-ribbon-skirt-1@example.invalid,,denim-ribbon-skirt,,
着心地が良いです,丈感がちょうど良かったです。デニムの色落ち加減がちょうど良かったです。157cmでS、着丈48cm・ウエスト66cmは表記どおりでした。タイツを合わせれば秋冬もいけそうです。友達にも聞かれました。,5,2026-04-23 15:21:41 UTC,ユキ,denim-ribbon-skirt-2@example.invalid,,denim-ribbon-skirt,,
期待どおりでした,厚すぎず長い期間着られそうです。編み地がしっかりしていて安っぽくありません。161cmでM、着丈56cm・胸囲85cmは表記どおりでした。色はブラックを選びました。ロングスカートと合わせるのが気に入っています。友達にも聞かれました。,5,2026-03-15 13:15:32 UTC,イロハ,fake-two-piece-knit-swea-1@example.invalid,,fake-two-piece-knit-sweater,,
リピートしたいです,一枚で着ても様になります。編み地がしっかりしていて安っぽくありません。150cmでS、着丈54cm・胸囲80cmは表記どおりでした。ロングスカートと合わせるのが気に入っています。この価格でこの質感なら満足です。,5,2026-04-23 14:05:58 UTC,ユナ,fake-two-piece-knit-swea-2@example.invalid,,fake-two-piece-knit-sweater,,
色味が可愛い,一枚で着ても様になります。編み地がしっかりしていて安っぽくありません。166cmでL、着丈56cm・胸囲88cmは表記どおりでした。色はピンクを選びました。ロングスカートと合わせるのが気に入っています。また色違いも欲しくなりました。,5,2026-07-01 09:27:18 UTC,ノア,rose-wool-knit-sweater-1@example.invalid,,rose-wool-knit-sweater,,
雰囲気が可愛い,肌ざわりが良くてチクチクしません。編み地がしっかりしていて安っぽくありません。159cmでM、着丈56cm・胸囲85cmは表記どおりでした。ロングスカートと合わせるのが気に入っています。この価格でこの質感なら満足です。,5,2026-08-02 09:12:12 UTC,ナオ,rose-wool-knit-sweater-2@example.invalid,,rose-wool-knit-sweater,,
雰囲気が可愛い,丈感がちょうど良かったです。152cmでS、着丈48cm・ウエスト66cmは表記どおりでした。色はホワイトを選びました。シンプルなトップスを合わせるだけで成立します。出番が多くなりそうです。,5,2026-04-19 18:34:36 UTC,ソラ,embellished-autumn-skirt-1@example.invalid,,embellished-autumn-skirt,,
色味が可愛い,一枚で雰囲気が出ます。161cmでM、着丈49cm・ウエスト70cmは表記どおりでした。タイツを合わせれば秋冬もいけそうです。長く着られそうです。,5,2026-06-27 03:46:47 UTC,セナ,embellished-autumn-skirt-2@example.invalid,,embellished-autumn-skirt,,
買ってよかった,一枚で雰囲気が出ます。デニムの色落ち加減がちょうど良かったです。164cmでM、着丈49cm・ウエスト70cmは表記どおりでした。色はブルーを選びました。タイツを合わせれば秋冬もいけそうです。リピートしたいと思える一枚です。,5,2026-04-30 17:55:54 UTC,ミク,vintage-irregular-denim--1@example.invalid,,vintage-irregular-denim-skirt,,
可愛いです,丈感がちょうど良かったです。レトロな雰囲気が可愛いです。170cmでL、着丈50cm・ウエスト74cmは表記どおりでした。スニーカーでも綺麗めでも合わせられます。また色違いも欲しくなりました。,5,2026-08-09 16:26:10 UTC,サキ,vintage-irregular-denim--2@example.invalid,,vintage-irregular-denim-skirt,,
リピートしたいです,カジュアルすぎず履けます。レトロな雰囲気が可愛いです。167cmでL、着丈108cm・ウエスト76cmは表記どおりでした。ゆとりがあって締めつけ感がありません。色はブラックを選びました。ヒールを合わせると綺麗めになります。買ってよかったです。,5,2026-07-14 05:50:08 UTC,ユイ,american-retro-wide-leg--1@example.invalid,,american-retro-wide-leg-pants,,
雰囲気が可愛い,腰まわりが楽でした。レトロな雰囲気が可愛いです。157cmでM、着丈106cm・ウエスト72cmは表記どおりでした。ゆとりがあって締めつけ感がありません。スニーカーでラフに履いています。長く着られそうです。,5,2026-05-13 18:09:18 UTC,ツムギ,american-retro-wide-leg--2@example.invalid,,american-retro-wide-leg-pants,,
高見えします,形がきれいで一枚で決まります。151cmでS、着丈52cm・胸囲82cmは表記どおりでした。色はレッドを選びました。デニムに合わせるだけで決まりました。また色違いも欲しくなりました。,5,2026-04-12 04:43:44 UTC,シオリ,casual-long-sleeve-top-1@example.invalid,,casual-long-sleeve-top,,
着心地が良いです,顔まわりが明るく見えます。162cmでM、着丈53cm・胸囲86cmは表記どおりでした。デニムに合わせるだけで決まりました。リピートしたいと思える一枚です。,5,2026-03-12 19:41:55 UTC,カナ,casual-long-sleeve-top-2@example.invalid,,casual-long-sleeve-top,,
雰囲気が可愛い,形がきれいで一枚で決まります。156cmでM、着丈56cm・胸囲85cmは表記どおりでした。色はグレーを選びました。スカートに合わせると女性らしくなります。友達にも聞かれました。,5,2026-07-27 09:24:38 UTC,セナ,cute-bunny-hooded-sweats-1@example.invalid,,cute-bunny-hooded-sweatshirt,,
丈感がちょうどいい,合わせやすくて出番が多そうです。159cmでM、着丈56cm・胸囲85cmは表記どおりでした。スカートに合わせると女性らしくなります。リピートしたいと思える一枚です。,5,2026-03-14 07:46:41 UTC,ユナ,cute-bunny-hooded-sweats-2@example.invalid,,cute-bunny-hooded-sweatshirt,,
期待どおりでした,一枚で着ても様になります。編み地がしっかりしていて安っぽくありません。169cmでL、着丈56cm・胸囲88cmは表記どおりでした。ゆとりがあって締めつけ感がありません。色はピンクを選びました。パンツでもスカートでも合います。出番が多くなりそうです。,5,2026-05-22 09:16:41 UTC,コハル,loose-preppy-knit-vest-1@example.invalid,,loose-preppy-knit-vest,,
可愛いです,厚すぎず長い期間着られそうです。編み地がしっかりしていて安っぽくありません。152cmでS、着丈54cm・胸囲80cmは表記どおりでした。ゆとりがあって締めつけ感がありません。パンツでもスカートでも合います。期待どおりでした。,5,2026-03-30 14:15:00 UTC,ミク,loose-preppy-knit-vest-2@example.invalid,,loose-preppy-knit-vest,,
色味が可愛い,腰まわりが楽でした。170cmでL、着丈105cm・ウエスト76cmは表記どおりでした。色はブルーを選びました。スニーカーでラフに履いています。長く着られそうです。,5,2026-07-08 08:44:26 UTC,マナ,button-wash-straight-leg-1@example.invalid,,button-wash-straight-leg-pants,,
高見えします,動きやすくて助かります。168cmでL、着丈105cm・ウエスト76cmは表記どおりでした。ヒールを合わせると綺麗めになります。出番が多くなりそうです。,5,2026-03-23 12:49:48 UTC,ヒナ,button-wash-straight-leg-2@example.invalid,,button-wash-straight-leg-pants,,
お気に入りになりました,肌ざわりが良くてチクチクしません。編み地がしっかりしていて安っぽくありません。168cmでL、着丈56cm・胸囲88cmは表記どおりでした。ゆとりがあって締めつけ感がありません。色はパープルを選びました。パンツでもスカートでも合います。また色違いも欲しくなりました。,5,2026-04-16 21:28:02 UTC,ヒナ,long-sleeve-loose-knit-t-1@example.invalid,,long-sleeve-loose-knit-tops,,
期待どおりでした,一枚で着ても様になります。編み地がしっかりしていて安っぽくありません。161cmでM、着丈56cm・胸囲85cmは表記どおりでした。ゆとりがあって締めつけ感がありません。インナーを足して重ね着もできます。長く着られそうです。,5,2026-06-11 11:29:50 UTC,ユメ,long-sleeve-loose-knit-t-2@example.invalid,,long-sleeve-loose-knit-tops,,
丈感がちょうどいい,動きやすくて助かります。デニムの色落ち加減がちょうど良かったです。158cmでM、着丈103cm・ウエスト72cmは表記どおりでした。色はホワイトを選びました。ヒールを合わせると綺麗めになります。期待どおりでした。,5,2026-04-04 23:55:53 UTC,ヒヨリ,deconstructs-patchwork-d-1@example.invalid,,deconstructs-patchwork-dirty-jeans-pants,,
お気に入りになりました,腰まわりが楽でした。デニムの色落ち加減がちょうど良かったです。158cmでS、着丈101cm・ウエスト68cmは表記どおりでした。スニーカーでラフに履いています。友達にも聞かれました。,5,2026-05-01 07:36:22 UTC,ユイ,deconstructs-patchwork-d-2@example.invalid,,deconstructs-patchwork-dirty-jeans-pants,,
雰囲気が可愛い,季節の変わり目に重宝しそうです。157cmでM、着丈62cm・胸囲110cmは表記どおりでした。色はブラウンを選びました。シンプルな中身でもこれ一枚で決まります。リピートしたいと思える一枚です。,5,2026-03-11 10:28:13 UTC,エマ,maillard-roll-neck-plush-1@example.invalid,,maillard-roll-neck-plush-jacket,,
使いやすいです,思ったより軽くて着やすいです。172cmでL、着丈62cm・胸囲114cmは表記どおりでした。色味が落ち着いているので合わせやすいです。リピートしたいと思える一枚です。,5,2026-06-25 06:47:35 UTC,ツムギ,maillard-roll-neck-plush-2@example.invalid,,maillard-roll-neck-plush-jacket,,
リピートしたいです,羽織るだけで様になります。164cmでM、着丈62cm・胸囲110cmは表記どおりでした。色はブラックを選びました。色味が落ち着いているので合わせやすいです。買ってよかったです。,5,2026-06-01 23:59:16 UTC,ココ,distressed-spray-painted-1@example.invalid,,distressed-spray-painted-zipper-short-jacket,,
買ってよかった,季節の変わり目に重宝しそうです。168cmでL、着丈62cm・胸囲114cmは表記どおりでした。丈の短いトップスと相性が良いです。長く着られそうです。,5,2026-03-09 21:43:41 UTC,リコ,distressed-spray-painted-2@example.invalid,,distressed-spray-painted-zipper-short-jacket,,
リピートしたいです,スタイルよく見えます。デニムの色落ち加減がちょうど良かったです。155cmでM、着丈82cm・ウエスト70cmは表記どおりでした。色はブルーを選びました。小物次第で印象を変えられます。友達にも聞かれました。,5,2026-07-12 05:49:08 UTC,コハル,vintage-denim-short-slip-1@example.invalid,,vintage-denim-short-slip-dress,,
色味が可愛い,一枚で着られるので楽です。レトロな雰囲気が可愛いです。151cmでS、着丈81cm・ウエスト66cmは表記どおりでした。小物次第で印象を変えられます。長く着られそうです。,5,2026-06-06 22:40:37 UTC,ルナ,vintage-denim-short-slip-2@example.invalid,,vintage-denim-short-slip-dress,,
リピートしたいです,シーンを選ばず着られそうです。肩の出方がちょうど良いバランスでした。158cmでM、着丈82cm・ウエスト70cmは表記どおりでした。色はブラウンを選びました。小物次第で印象を変えられます。出番が多くなりそうです。,5,2026-04-22 07:16:19 UTC,ルナ,off-shoulder-onepiece-1@example.invalid,,off-shoulder-onepiece,,
可愛いです,一枚で着られるので楽です。肩の出方がちょうど良いバランスでした。152cmでS、着丈81cm・ウエスト66cmは表記どおりでした。小物次第で印象を変えられます。友達にも聞かれました。,5,2026-05-09 03:11:20 UTC,サキ,off-shoulder-onepiece-2@example.invalid,,off-shoulder-onepiece,,
お気に入りになりました,季節の変わり目に重宝しそうです。ドット柄の大きさがちょうど良いです。153cmでS、着丈59cm・胸囲104cmは表記どおりでした。色はブラックを選びました。シンプルな中身でもこれ一枚で決まります。長く着られそうです。,5,2026-07-29 22:19:41 UTC,ユナ,dot-cardigan-1@example.invalid,,dot-cardigan,,
色味が可愛い,思ったより軽くて着やすいです。ドット柄の大きさがちょうど良いです。163cmでL、着丈62cm・胸囲114cmは表記どおりでした。丈の短いトップスと相性が良いです。買ってよかったです。,5,2026-07-27 16:28:04 UTC,ツムギ,dot-cardigan-2@example.invalid,,dot-cardigan,,
丈感がちょうどいい,顔まわりが明るく見えます。レースの繊細さが写真以上でした。170cmでL、着丈54cm・胸囲90cmは表記どおりでした。色はダークグレーを選びました。スカートに合わせると女性らしくなります。長く着られそうです。,5,2026-07-25 17:06:05 UTC,ツムギ,ブリティッシュナシラブレターフレンチレース半袖シ-1@example.invalid,,ブリティッシュナシラブレターフレンチレース半袖シャツレディース夏vネック痩身薄型通勤日焼け止めトップ,,
写真どおりでした,合わせやすくて出番が多そうです。レースの繊細さが写真以上でした。162cmでM、着丈53cm・胸囲86cmは表記どおりでした。デニムに合わせるだけで決まりました。この価格でこの質感なら満足です。,5,2026-07-03 23:14:11 UTC,ユイ,ブリティッシュナシラブレターフレンチレース半袖シ-2@example.invalid,,ブリティッシュナシラブレターフレンチレース半袖シャツレディース夏vネック痩身薄型通勤日焼け止めトップ,,
高見えします,肌ざわりが良くてチクチクしません。編み地がしっかりしていて安っぽくありません。165cmでM、着丈56cm・胸囲85cmは表記どおりでした。色はアプリコットを選びました。パンツでもスカートでも合います。出番が多くなりそうです。,5,2026-08-05 03:02:28 UTC,キョウカ,korean-one-shoulder-crop-1@example.invalid,,korean-one-shoulder-cropped-knit-top,,
お気に入りになりました,厚すぎず長い期間着られそうです。編み地がしっかりしていて安っぽくありません。156cmでS、着丈54cm・胸囲80cmは表記どおりでした。ロングスカートと合わせるのが気に入っています。友達にも聞かれました。,5,2026-04-07 07:22:00 UTC,カレン,korean-one-shoulder-crop-2@example.invalid,,korean-one-shoulder-cropped-knit-top,,
期待どおりでした,スタイルよく見えます。156cmでM、着丈82cm・ウエスト70cmは表記どおりでした。色はダークブラウンを選びました。羽織りものを足せば長く着られそうです。長く着られそうです。,5,2026-06-24 19:38:32 UTC,アオイ,velvet-wrap-hip-slip-dre-1@example.invalid,,velvet-wrap-hip-slip-dress-set-up,,
高見えします,一枚で着られるので楽です。155cmでS、着丈81cm・ウエスト66cmは表記どおりでした。小物次第で印象を変えられます。長く着られそうです。,5,2026-07-24 12:21:00 UTC,ミナ,velvet-wrap-hip-slip-dre-2@example.invalid,,velvet-wrap-hip-slip-dress-set-up,,
使いやすいです,動きやすくて助かります。デニムの色落ち加減がちょうど良かったです。166cmでL、着丈105cm・ウエスト76cmは表記どおりでした。ゆとりがあって締めつけ感がありません。色はブラックを選びました。ヒールを合わせると綺麗めになります。また色違いも欲しくなりました。,5,2026-03-05 08:56:55 UTC,ホノカ,santa-monica-wide-jeans-1@example.invalid,,santa-monica-wide-jeans,,
可愛いです,腰まわりが楽でした。デニムの色落ち加減がちょうど良かったです。161cmでM、着丈103cm・ウエスト72cmは表記どおりでした。ゆとりがあって締めつけ感がありません。ヒールを合わせると綺麗めになります。買ってよかったです。,5,2026-07-02 21:09:54 UTC,モモ,santa-monica-wide-jeans-2@example.invalid,,santa-monica-wide-jeans,,
写真どおりでした,顔まわりが明るく見えます。158cmでS、着丈52cm・胸囲82cmは表記どおりでした。色はブルーを選びました。スカートに合わせると女性らしくなります。リピートしたいと思える一枚です。,5,2026-03-16 22:55:53 UTC,ココ,chic-summer-tee-1@example.invalid,,chic-summer-tee,,
丈感がちょうどいい,形がきれいで一枚で決まります。149cmでS、着丈52cm・胸囲82cmは表記どおりでした。デニムに合わせるだけで決まりました。また色違いも欲しくなりました。,5,2026-06-08 20:33:25 UTC,ナギサ,chic-summer-tee-2@example.invalid,,chic-summer-tee,,
買ってよかった,形がきれいで一枚で決まります。156cmでMを着用してちょうど良かったです。色はピンクを選びました。羽織りものとの相性も良さそうです。期待どおりでした。,5,2026-05-16 02:49:35 UTC,ツムギ,whisper-pink-tops-1@example.invalid,,whisper-pink-tops,,
丈感がちょうどいい,顔まわりが明るく見えます。155cmでMを着用してちょうど良かったです。デニムに合わせるだけで決まりました。友達にも聞かれました。,5,2026-03-22 05:14:41 UTC,ハルカ,whisper-pink-tops-2@example.invalid,,whisper-pink-tops,,
可愛いです,合わせやすくて出番が多そうです。171cmでLを着用してちょうど良かったです。体のラインがきれいに出ます。色はオフホワイトを選びました。スカートに合わせると女性らしくなります。また色違いも欲しくなりました。,5,2026-06-25 23:50:39 UTC,イロハ,autumn-waist-slimming-lo-1@example.invalid,,autumn-waist-slimming-long-sleeved-tops,,
リピートしたいです,顔まわりが明るく見えます。158cmでMを着用してちょうど良かったです。体のラインがきれいに出ます。羽織りものとの相性も良さそうです。長く着られそうです。,5,2026-04-25 20:45:58 UTC,チヒロ,autumn-waist-slimming-lo-2@example.invalid,,autumn-waist-slimming-long-sleeved-tops,,
丈感がちょうどいい,形がきれいで一枚で決まります。153cmでS、着丈37cm・ウエスト75cmは表記どおりでした。色はホワイトを選びました。羽織りものとの相性も良さそうです。期待どおりでした。,5,2026-07-24 11:37:25 UTC,ユメ,london-one-shoulder-shir-1@example.invalid,,london-one-shoulder-shirt,,
着心地が良いです,顔まわりが明るく見えます。156cmでS、着丈37cm・ウエスト75cmは表記どおりでした。羽織りものとの相性も良さそうです。また色違いも欲しくなりました。,5,2026-04-13 17:31:18 UTC,マリン,london-one-shoulder-shir-2@example.invalid,,london-one-shoulder-shirt,,
高見えします,合わせやすくて出番が多そうです。150cmでS、着丈48cm・ウエスト67cmは表記どおりでした。色はホワイトを選びました。羽織りものとの相性も良さそうです。長く着られそうです。,5,2026-03-30 15:32:42 UTC,ナギサ,autumn-navy-top-1@example.invalid,,autumn-navy-top,,
買ってよかった,顔まわりが明るく見えます。157cmでM、着丈49cm・ウエスト71cmは表記どおりでした。デニムに合わせるだけで決まりました。買ってよかったです。,5,2026-04-07 17:52:50 UTC,マナ,autumn-navy-top-2@example.invalid,,autumn-navy-top,,
雰囲気が可愛い,一枚で雰囲気が出ます。プリーツがしっかりついていて動くたびにきれいです。154cmでS、着丈48cm・ウエスト66cmは表記どおりでした。色はグレーを選びました。スニーカーでも綺麗めでも合わせられます。出番が多くなりそうです。,5,2026-06-14 08:28:16 UTC,マナ,buff-gray-a-line-pleated-1@example.invalid,,buff-gray-a-line-pleated-skirt,,
可愛いです,丈感がちょうど良かったです。Aラインのシルエットがきれいに出ます。162cmでM、着丈49cm・ウエスト70cmは表記どおりでした。シンプルなトップスを合わせるだけで成立します。長く着られそうです。,5,2026-07-13 14:11:37 UTC,ツムギ,buff-gray-a-line-pleated-2@example.invalid,,buff-gray-a-line-pleated-skirt,,
期待どおりでした,上下揃っているので迷わず着られます。レースの繊細さが写真以上でした。162cmでM、着丈49cm・ウエスト70cmは表記どおりでした。色はレッドを選びました。トップスだけ単品でも使えそうです。また色違いも欲しくなりました。,5,2026-06-19 05:21:19 UTC,エマ,one-shoulder-lace-top-an-1@example.invalid,,one-shoulder-lace-top-and-skirt-set-up,,
雰囲気が可愛い,セットでも単品でも使えます。レースの繊細さが写真以上でした。158cmでS、着丈48cm・ウエスト66cmは表記どおりでした。セットで着ると一気にまとまります。リピートしたいと思える一枚です。,5,2026-08-05 06:02:32 UTC,サヤ,one-shoulder-lace-top-an-2@example.invalid,,one-shoulder-lace-top-and-skirt-set-up,,
丈感がちょうどいい,形がきれいで一枚で決まります。レースの繊細さが写真以上でした。158cmでM、着丈53cm・胸囲86cmは表記どおりでした。色はブラックを選びました。スカートに合わせると女性らしくなります。また色違いも欲しくなりました。,5,2026-03-16 03:40:20 UTC,コハル,sultry-off-shoulder-lace-1@example.invalid,,sultry-off-shoulder-lace-top,,
写真どおりでした,顔まわりが明るく見えます。肩の出方がちょうど良いバランスでした。149cmでS、着丈52cm・胸囲82cmは表記どおりでした。羽織りものとの相性も良さそうです。期待どおりでした。,5,2026-03-19 08:14:39 UTC,サキ,sultry-off-shoulder-lace-2@example.invalid,,sultry-off-shoulder-lace-top,,
着心地が良いです,合わせやすくて出番が多そうです。レースの繊細さが写真以上でした。162cmでM、着丈53cm・胸囲86cmは表記どおりでした。色はブラックを選びました。スカートに合わせると女性らしくなります。期待どおりでした。,5,2026-08-07 04:47:41 UTC,ソラ,slightly-transparent-lac-1@example.invalid,,slightly-transparent-lace-t-shirt,,
リピートしたいです,顔まわりが明るく見えます。透け感は控えめでインナー次第で調整できます。169cmでL、着丈54cm・胸囲90cmは表記どおりでした。デニムに合わせるだけで決まりました。リピートしたいと思える一枚です。,5,2026-07-09 17:16:06 UTC,ニナ,slightly-transparent-lac-2@example.invalid,,slightly-transparent-lace-t-shirt,,
リピートしたいです,一枚で着ても様になります。レースの繊細さが写真以上でした。162cmでM、着丈53cm・胸囲86cmは表記どおりでした。色はホワイトを選びました。インナーを足して重ね着もできます。期待どおりでした。,5,2026-07-18 17:09:14 UTC,キョウカ,the-design-is-sweet-age--1@example.invalid,,the-design-is-sweet-age-reducing-one-shoulder-korean-lace-flower-base-shirt-long-sleeved-thin-off-the-shoulder-top-womens-spring-and-autumn,,
着心地が良いです,厚すぎず長い期間着られそうです。編み地がしっかりしていて安っぽくありません。158cmでM、着丈53cm・胸囲86cmは表記どおりでした。ロングスカートと合わせるのが気に入っています。出番が多くなりそうです。,5,2026-06-25 11:47:36 UTC,ユキ,the-design-is-sweet-age--2@example.invalid,,the-design-is-sweet-age-reducing-one-shoulder-korean-lace-flower-base-shirt-long-sleeved-thin-off-the-shoulder-top-womens-spring-and-autumn,,
買ってよかった,厚すぎず長い期間着られそうです。編み地がしっかりしていて安っぽくありません。162cmでM、着丈56cm・胸囲85cmは表記どおりでした。色はアプリコットを選びました。パンツでもスカートでも合います。買ってよかったです。,5,2026-03-12 13:09:44 UTC,リン,vintage-halter-knit-swea-1@example.invalid,,vintage-halter-knit-sweater,,
使いやすいです,肌ざわりが良くてチクチクしません。ホルターネックで首まわりがすっきり見えます。165cmでM、着丈56cm・胸囲85cmは表記どおりでした。ロングスカートと合わせるのが気に入っています。買ってよかったです。,5,2026-04-01 22:14:42 UTC,ユメ,vintage-halter-knit-swea-2@example.invalid,,vintage-halter-knit-sweater,,
買ってよかった,顔まわりが明るく見えます。レースの繊細さが写真以上でした。167cmでL、着丈54cm・胸囲90cmは表記どおりでした。色はレッドを選びました。デニムに合わせるだけで決まりました。また色違いも欲しくなりました。,5,2026-03-16 13:45:34 UTC,リン,red-lace-one-shoulder-to-1@example.invalid,,red-lace-one-shoulder-top,,
期待どおりでした,形がきれいで一枚で決まります。レースの繊細さが写真以上でした。163cmでM、着丈53cm・胸囲86cmは表記どおりでした。羽織りものとの相性も良さそうです。期待どおりでした。,5,2026-04-18 01:52:31 UTC,モモ,red-lace-one-shoulder-to-2@example.invalid,,red-lace-one-shoulder-top,,
お気に入りになりました,羽織るだけで様になります。チェック柄の色合いが落ち着いていました。155cmでM、着丈49cm・ウエスト70cmは表記どおりでした。色はアプリコットレッドを選びました。色味が落ち着いているので合わせやすいです。長く着られそうです。,5,2026-04-28 14:59:48 UTC,コハル,high-end-woolen-jacket-c-1@example.invalid,,high-end-woolen-jacket-checkered-skirt-set-up,,
色味が可愛い,季節の変わり目に重宝しそうです。チェック柄の色合いが落ち着いていました。164cmでM、着丈49cm・ウエスト70cmは表記どおりでした。色味が落ち着いているので合わせやすいです。また色違いも欲しくなりました。,5,2026-05-12 19:01:30 UTC,ユキ,high-end-woolen-jacket-c-2@example.invalid,,high-end-woolen-jacket-checkered-skirt-set-up,,
色味が可愛い,上下揃っているので迷わず着られます。158cmでS、着丈48cm・ウエスト66cmは表記どおりでした。色はピンクを選びました。トップスだけ単品でも使えそうです。この価格でこの質感なら満足です。,5,2026-04-28 11:50:55 UTC,ユナ,small-fragrance-pink-ski-1@example.invalid,,small-fragrance-pink-skirt-set-up,,
お気に入りになりました,色味が揃っていて統一感があります。155cmでM、着丈49cm・ウエスト70cmは表記どおりでした。小物を足すと印象が変わります。また色違いも欲しくなりました。,5,2026-05-28 21:43:38 UTC,マナ,small-fragrance-pink-ski-2@example.invalid,,small-fragrance-pink-skirt-set-up,,
写真どおりでした,シルエットがきれいに落ちます。レースの繊細さが写真以上でした。156cmでS、着丈48cm・ウエスト66cmは表記どおりでした。色はアプリコットを選びました。タイツを合わせれば秋冬もいけそうです。長く着られそうです。,5,2026-08-02 01:18:58 UTC,サヤ,french-rose-lace-mini-sk-1@example.invalid,,french-rose-lace-mini-skirt,,
色味が可愛い,丈感がちょうど良かったです。花柄が派手すぎず上品でした。159cmでM、着丈49cm・ウエスト70cmは表記どおりでした。タイツを合わせれば秋冬もいけそうです。友達にも聞かれました。,5,2026-07-09 05:18:29 UTC,トワ,french-rose-lace-mini-sk-2@example.invalid,,french-rose-lace-mini-skirt,,
可愛いです,動きやすくて助かります。チェック柄の色合いが落ち着いていました。155cmでS、着丈96cm・ウエスト72cmは表記どおりでした。色はグレーを選びました。ヒールを合わせると綺麗めになります。リピートしたいと思える一枚です。,5,2026-05-26 10:10:33 UTC,ソラ,double-waisted-plaid-str-1@example.invalid,,double-waisted-plaid-straight-pants-1,,
お気に入りになりました,カジュアルすぎず履けます。チェック柄の色合いが落ち着いていました。156cmでM、着丈99cm・ウエスト76cmは表記どおりでした。スニーカーでラフに履いています。この価格でこの質感なら満足です。,5,2026-03-28 23:48:30 UTC,ミオ,double-waisted-plaid-str-2@example.invalid,,double-waisted-plaid-straight-pants-1,,
期待どおりでした,一枚で雰囲気が出ます。155cmでM、着丈95cm・ウエスト70cmは表記どおりでした。色はブラックを選びました。タイツを合わせれば秋冬もいけそうです。出番が多くなりそうです。,5,2026-07-03 13:06:48 UTC,エマ,functional-irregular-hem-1@example.invalid,,functional-irregular-hem-black-skirt,,
可愛いです,丈感がちょうど良かったです。156cmでM、着丈95cm・ウエスト70cmは表記どおりでした。シンプルなトップスを合わせるだけで成立します。出番が多くなりそうです。,5,2026-05-03 22:12:22 UTC,サラ,functional-irregular-hem-2@example.invalid,,functional-irregular-hem-black-skirt,,
着心地が良いです,動きやすくて助かります。149cmでS、ウエスト73cm・胸囲85cmは表記どおりでした。ゆとりがあって締めつけ感がありません。色はグレーを選びました。スニーカーでラフに履いています。また色違いも欲しくなりました。,5,2026-03-06 22:01:28 UTC,ナナ,lazy-girl-shorts-1@example.invalid,,lazy-girl-shorts,,
買ってよかった,カジュアルすぎず履けます。167cmでL、ウエスト81cm・胸囲93cmは表記どおりでした。ゆとりがあって締めつけ感がありません。スニーカーでラフに履いています。買ってよかったです。,5,2026-03-12 10:53:06 UTC,カナ,lazy-girl-shorts-2@example.invalid,,lazy-girl-shorts,,
写真どおりでした,合わせやすくて出番が多そうです。チェック柄の色合いが落ち着いていました。171cmでL、着丈66cm・胸囲82cmは表記どおりでした。体のラインがきれいに出ます。色はブラックを選びました。スカートに合わせると女性らしくなります。期待どおりでした。,5,2026-08-02 10:14:40 UTC,ユキ,luxury-slim-plaid-mesh-t-1@example.invalid,,luxury-slim-plaid-mesh-tee,,
買ってよかった,顔まわりが明るく見えます。透け感は控えめでインナー次第で調整できます。162cmでM、着丈65cm・胸囲78cmは表記どおりでした。体のラインがきれいに出ます。スカートに合わせると女性らしくなります。友達にも聞かれました。,5,2026-07-17 01:00:08 UTC,トワ,luxury-slim-plaid-mesh-t-2@example.invalid,,luxury-slim-plaid-mesh-tee,,
買ってよかった,合わせやすくて出番が多そうです。ストライプの幅がちょうど良いです。162cmでL、着丈53.5cmは表記どおりでした。色はホワイトを選びました。デニムに合わせるだけで決まりました。期待どおりでした。,5,2026-06-30 16:48:15 UTC,ヒナ,big-v-striped-white-long-1@example.invalid,,big-v-striped-white-long-sleeve-top,,
期待どおりでした,顔まわりが明るく見えます。ストライプの幅がちょうど良いです。172cmでL、着丈53.5cmは表記どおりでした。デニムに合わせるだけで決まりました。リピートしたいと思える一枚です。,5,2026-07-11 18:17:42 UTC,アカリ,big-v-striped-white-long-2@example.invalid,,big-v-striped-white-long-sleeve-top,,
期待どおりでした,思ったより軽くて着やすいです。ストライプの幅がちょうど良いです。154cmでS、着丈51.5cmは表記どおりでした。色はブラウンを選びました。丈の短いトップスと相性が良いです。期待どおりでした。,5,2026-03-15 07:44:27 UTC,カレン,striped-knit-multi-butto-1@example.invalid,,striped-knit-multi-button-cardigan,,
着心地が良いです,季節の変わり目に重宝しそうです。編み地がしっかりしていて安っぽくありません。161cmでM、着丈52.5cmは表記どおりでした。シンプルな中身でもこれ一枚で決まります。長く着られそうです。,5,2026-05-05 00:16:09 UTC,ナナ,striped-knit-multi-butto-2@example.invalid,,striped-knit-multi-button-cardigan,,
色味が可愛い,厚すぎず長い期間着られそうです。編み地がしっかりしていて安っぽくありません。168cmでL、着丈40cm・胸囲78cmは表記どおりでした。色はグレーを選びました。パンツでもスカートでも合います。期待どおりでした。,5,2026-07-15 21:03:16 UTC,ホノカ,lazy-gray-wool-sweater-1@example.invalid,,lazy-gray-wool-sweater,,
期待どおりでした,肌ざわりが良くてチクチクしません。編み地がしっかりしていて安っぽくありません。172cmでL、着丈40cm・胸囲78cmは表記どおりでした。ロングスカートと合わせるのが気に入っています。また色違いも欲しくなりました。,5,2026-07-17 04:07:12 UTC,モモ,lazy-gray-wool-sweater-2@example.invalid,,lazy-gray-wool-sweater,,
お気に入りになりました,形がきれいで一枚で決まります。160cmでM、着丈59cm・胸囲78cmは表記どおりでした。色はグレーを選びました。羽織りものとの相性も良さそうです。また色違いも欲しくなりました。,5,2026-05-08 13:19:39 UTC,サヤ,patchwork-v-neck-long-sl-1@example.invalid,,patchwork-v-neck-long-sleeved-t-shirt,,
使いやすいです,合わせやすくて出番が多そうです。166cmでL、着丈60cm・胸囲82cmは表記どおりでした。羽織りものとの相性も良さそうです。リピートしたいと思える一枚です。,5,2026-06-22 18:04:07 UTC,ミク,patchwork-v-neck-long-sl-2@example.invalid,,patchwork-v-neck-long-sleeved-t-shirt,,
色味が可愛い,シーンを選ばず着られそうです。プリーツがしっかりついていて動くたびにきれいです。161cmでM、着丈114cm・胸囲79cmは表記どおりでした。色はブラックを選びました。そのままでも十分様になります。買ってよかったです。,5,2026-07-11 21:03:48 UTC,アンナ,slanted-pleated-french-w-1@example.invalid,,slanted-pleated-french-waist-long-sleeve-midi-dress,,
雰囲気が可愛い,一枚で着られるので楽です。プリーツがしっかりついていて動くたびにきれいです。155cmでM、着丈114cm・胸囲79cmは表記どおりでした。そのままでも十分様になります。期待どおりでした。,5,2026-03-16 11:42:56 UTC,ユキ,slanted-pleated-french-w-2@example.invalid,,slanted-pleated-french-waist-long-sleeve-midi-dress,,
雰囲気が可愛い,形がきれいで一枚で決まります。ドット柄の大きさがちょうど良いです。155cmでS、着丈51cm・胸囲86cmは表記どおりでした。色はブラックを選びました。羽織りものとの相性も良さそうです。出番が多くなりそうです。,5,2026-03-10 01:00:42 UTC,サラ,unique-polka-dot-hooded--1@example.invalid,,unique-polka-dot-hooded-long-sleeve-t-shirt,,
お気に入りになりました,顔まわりが明るく見えます。ドット柄の大きさがちょうど良いです。157cmでS、着丈51cm・胸囲86cmは表記どおりでした。デニムに合わせるだけで決まりました。リピートしたいと思える一枚です。,5,2026-06-21 01:58:50 UTC,ナナ,unique-polka-dot-hooded--2@example.invalid,,unique-polka-dot-hooded-long-sleeve-t-shirt,,
お気に入りになりました,スタイルよく見えます。155cmでM、着丈51cm・胸囲72cmは表記どおりでした。色はブルーを選びました。羽織りものを足せば長く着られそうです。この価格でこの質感なら満足です。,5,2026-07-04 16:13:49 UTC,エマ,autumn-blue-patchwork-dr-1@example.invalid,,autumn-blue-patchwork-dress,,
期待どおりでした,一枚で着られるので楽です。153cmでS、着丈50cmは表記どおりでした。そのままでも十分様になります。この価格でこの質感なら満足です。,5,2026-04-29 03:58:00 UTC,トワ,autumn-blue-patchwork-dr-2@example.invalid,,autumn-blue-patchwork-dress,,
高見えします,形がきれいで一枚で決まります。チェック柄の色合いが落ち着いていました。152cmでS、ウエスト90cm・胸囲86cmは表記どおりでした。色はダークブラウンを選びました。デニムに合わせるだけで決まりました。出番が多くなりそうです。,5,2026-04-07 15:17:22 UTC,ナギサ,plaid-short-sleeve-shirt-1@example.invalid,,plaid-short-sleeve-shirt,,
雰囲気が可愛い,合わせやすくて出番が多そうです。チェック柄の色合いが落ち着いていました。158cmでS、ウエスト90cm・胸囲86cmは表記どおりでした。スカートに合わせると女性らしくなります。リピートしたいと思える一枚です。,5,2026-07-21 05:03:29 UTC,サキ,plaid-short-sleeve-shirt-2@example.invalid,,plaid-short-sleeve-shirt,,
可愛いです,厚すぎず長い期間着られそうです。レースの繊細さが写真以上でした。169cmでL、着丈45cm・ウエスト70cmは表記どおりでした。色はピンクを選びました。パンツでもスカートでも合います。友達にも聞かれました。,5,2026-05-29 12:52:57 UTC,ナギサ,summer-lace-knit-camisol-1@example.invalid,,summer-lace-knit-camisole,,
高見えします,肌ざわりが良くてチクチクしません。編み地がしっかりしていて安っぽくありません。157cmでS、着丈43cm・ウエスト62cmは表記どおりでした。ロングスカートと合わせるのが気に入っています。また色違いも欲しくなりました。,5,2026-04-01 16:43:02 UTC,ミサキ,summer-lace-knit-camisol-2@example.invalid,,summer-lace-knit-camisole,,
写真どおりでした,合わせやすくて出番が多そうです。レトロな雰囲気が可愛いです。150cmでS、ウエスト62cm・肩幅30cmは表記どおりでした。体のラインがきれいに出ます。色はブルーを選びました。デニムに合わせるだけで決まりました。この価格でこの質感なら満足です。,5,2026-07-11 06:17:34 UTC,アンナ,slim-retro-tee-1@example.invalid,,slim-retro-tee,,
丈感がちょうどいい,形がきれいで一枚で決まります。ヴィンテージ感のある色味が気に入りました。155cmでM、ウエスト66cm・胸囲70cmは表記どおりでした。ほどよくフィットしてきれいに見えます。羽織りものとの相性も良さそうです。買ってよかったです。,5,2026-03-11 22:20:15 UTC,フウカ,slim-retro-tee-2@example.invalid,,slim-retro-tee,,
買ってよかった,形がきれいで一枚で決まります。153cmでS、胸囲114cm・肩幅48cmは表記どおりでした。色はブルーを選びました。デニムに合わせるだけで決まりました。期待どおりでした。,5,2026-04-14 22:01:48 UTC,ナギサ,bold-summer-tee-1@example.invalid,,bold-summer-tee,,
リピートしたいです,顔まわりが明るく見えます。157cmでS、胸囲114cm・肩幅48cmは表記どおりでした。羽織りものとの相性も良さそうです。買ってよかったです。,5,2026-03-24 19:23:49 UTC,ミナ,bold-summer-tee-2@example.invalid,,bold-summer-tee,,
可愛いです,顔まわりが明るく見えます。レースの繊細さが写真以上でした。167cmでL、肩幅41cmは表記どおりでした。色はブルーを選びました。デニムに合わせるだけで決まりました。期待どおりでした。,5,2026-05-20 18:11:53 UTC,トワ,stripe-lace-shirt-1@example.invalid,,stripe-lace-shirt,,
着心地が良いです,形がきれいで一枚で決まります。ストライプの幅がちょうど良いです。162cmでM、胸囲112cm・肩幅40cmは表記どおりでした。スカートに合わせると女性らしくなります。期待どおりでした。,5,2026-07-03 23:52:39 UTC,キョウカ,stripe-lace-shirt-2@example.invalid,,stripe-lace-shirt,,
雰囲気が可愛い,重ね着の幅が広がりました。リボンの位置が可愛くて気に入りました。165cmでL、ウエスト80cm・胸囲78cmは表記どおりでした。色はピンクを選びました。カーディガンと重ねても可愛いです。長く着られそうです。,5,2026-05-19 15:26:56 UTC,ニナ,retro-chic-bow-tank-top-1@example.invalid,,retro-chic-bow-tank-top,,
使いやすいです,肩紐の位置がちょうど良かったです。レトロな雰囲気が可愛いです。172cmでL、ウエスト80cm・胸囲78cmは表記どおりでした。カーディガンと重ねても可愛いです。友達にも聞かれました。,5,2026-03-16 06:54:34 UTC,ホノカ,retro-chic-bow-tank-top-2@example.invalid,,retro-chic-bow-tank-top,,
買ってよかった,形がきれいで一枚で決まります。チェック柄の色合いが落ち着いていました。157cmでM、着丈53cm・胸囲86cmは表記どおりでした。色はブルーを選びました。スカートに合わせると女性らしくなります。買ってよかったです。,5,2026-06-26 12:04:47 UTC,リン,summer-plaid-t-shirt-1@example.invalid,,summer-plaid-t-shirt,,
色味が可愛い,合わせやすくて出番が多そうです。チェック柄の色合いが落ち着いていました。150cmでS、着丈52cm・胸囲82cmは表記どおりでした。デニムに合わせるだけで決まりました。リピートしたいと思える一枚です。,5,2026-07-06 06:51:06 UTC,キョウカ,summer-plaid-t-shirt-2@example.invalid,,summer-plaid-t-shirt,,
期待どおりでした,形がきれいで一枚で決まります。ドット柄の大きさがちょうど良いです。159cmでM、着丈53cm・胸囲86cmは表記どおりでした。色はホワイトを選びました。デニムに合わせるだけで決まりました。買ってよかったです。,5,2026-04-30 04:21:18 UTC,リコ,retro-polka-dot-tee-1@example.invalid,,retro-polka-dot-tee,,
色味が可愛い,顔まわりが明るく見えます。レトロな雰囲気が可愛いです。165cmでM、着丈53cm・胸囲86cmは表記どおりでした。デニムに合わせるだけで決まりました。リピートしたいと思える一枚です。,5,2026-04-27 23:27:02 UTC,キョウカ,retro-polka-dot-tee-2@example.invalid,,retro-polka-dot-tee,,
期待どおりでした,形がきれいで一枚で決まります。チェック柄の色合いが落ち着いていました。172cmでL、ウエスト78cm・胸囲82cmは表記どおりでした。色はブルーを選びました。デニムに合わせるだけで決まりました。買ってよかったです。,5,2026-03-05 01:57:22 UTC,カレン,blue-plaid-v-neck-tee-1@example.invalid,,blue-plaid-v-neck-tee,,
着心地が良いです,合わせやすくて出番が多そうです。チェック柄の色合いが落ち着いていました。172cmでL、ウエスト78cm・胸囲82cmは表記どおりでした。羽織りものとの相性も良さそうです。買ってよかったです。,5,2026-03-28 05:29:56 UTC,モモ,blue-plaid-v-neck-tee-2@example.invalid,,blue-plaid-v-neck-tee,,
写真どおりでした,顔まわりが明るく見えます。155cmでS、胸囲96cm・肩幅39cmは表記どおりでした。色はブルーを選びました。スカートに合わせると女性らしくなります。この価格でこの質感なら満足です。,5,2026-03-22 20:47:49 UTC,ルナ,summer-doll-collar-shirt-1@example.invalid,,summer-doll-collar-shirt,,
使いやすいです,形がきれいで一枚で決まります。152cmでS、胸囲96cm・肩幅39cmは表記どおりでした。デニムに合わせるだけで決まりました。リピートしたいと思える一枚です。,5,2026-04-13 18:26:48 UTC,シオリ,summer-doll-collar-shirt-2@example.invalid,,summer-doll-collar-shirt,,
使いやすいです,形がきれいで一枚で決まります。レースの繊細さが写真以上でした。169cmでL、胸囲78cm・肩幅48cmは表記どおりでした。体のラインがきれいに出ます。色はブルーを選びました。スカートに合わせると女性らしくなります。友達にも聞かれました。,5,2026-05-31 00:11:32 UTC,ミナ,vintage-lace-slim-fit-te-1@example.invalid,,vintage-lace-slim-fit-tee,,
雰囲気が可愛い,合わせやすくて出番が多そうです。ヴィンテージ感のある色味が気に入りました。153cmでS、胸囲70cm・肩幅44cmは表記どおりでした。ほどよくフィットしてきれいに見えます。羽織りものとの相性も良さそうです。リピートしたいと思える一枚です。,5,2026-03-30 17:07:05 UTC,イロハ,vintage-lace-slim-fit-te-2@example.invalid,,vintage-lace-slim-fit-tee,,
高見えします,シルエットがきれいに落ちます。プリーツがしっかりついていて動くたびにきれいです。148cmでS、ウエスト66cmは表記どおりでした。色はブルーを選びました。スニーカーでも綺麗めでも合わせられます。期待どおりでした。,5,2026-03-19 08:00:57 UTC,ヒナ,high-waisted-tie-dye-ple-1@example.invalid,,high-waisted-tie-dye-pleated-skirt,,
リピートしたいです,丈感がちょうど良かったです。ハイウエストで脚が長く見えます。155cmでS、ウエスト66cmは表記どおりでした。タイツを合わせれば秋冬もいけそうです。リピートしたいと思える一枚です。,5,2026-03-09 14:38:30 UTC,アカリ,high-waisted-tie-dye-ple-2@example.invalid,,high-waisted-tie-dye-pleated-skirt,,
お気に入りになりました,シルエットがきれいに落ちます。レースの繊細さが写真以上でした。162cmでL、着丈50cm・ウエスト74cmは表記どおりでした。色はホワイトを選びました。スニーカーでも綺麗めでも合わせられます。この価格でこの質感なら満足です。,5,2026-05-13 05:32:26 UTC,ホノカ,summer-lace-midi-skirt-1@example.invalid,,summer-lace-midi-skirt,,
期待どおりでした,一枚で雰囲気が出ます。透け感は控えめでインナー次第で調整できます。153cmでS、着丈48cm・ウエスト66cmは表記どおりでした。シンプルなトップスを合わせるだけで成立します。この価格でこの質感なら満足です。,5,2026-07-02 10:42:06 UTC,リコ,summer-lace-midi-skirt-2@example.invalid,,summer-lace-midi-skirt,,
雰囲気が可愛い,顔まわりが明るく見えます。リボンの位置が可愛くて気に入りました。160cmでM、胸囲84cm・肩幅35cmは表記どおりでした。色はブルーを選びました。デニムに合わせるだけで決まりました。買ってよかったです。,5,2026-06-16 16:34:22 UTC,カレン,retro-blue-bow-blouse-1@example.invalid,,retro-blue-bow-blouse,,
丈感がちょうどいい,形がきれいで一枚で決まります。レトロな雰囲気が可愛いです。155cmでM、胸囲84cm・肩幅35cmは表記どおりでした。羽織りものとの相性も良さそうです。期待どおりでした。,5,2026-06-21 19:26:38 UTC,ヒナ,retro-blue-bow-blouse-2@example.invalid,,retro-blue-bow-blouse,,
高見えします,一枚で着られるので楽です。チェック柄の色合いが落ち着いていました。163cmでL、胸囲100cm・肩幅28cmは表記どおりでした。色はピンクを選びました。羽織りものを足せば長く着られそうです。出番が多くなりそうです。,5,2026-03-02 17:13:00 UTC,エマ,pink-plaid-doll-dress-1@example.invalid,,pink-plaid-doll-dress,,
色味が可愛い,スタイルよく見えます。チェック柄の色合いが落ち着いていました。161cmでM、胸囲96cmは表記どおりでした。羽織りものを足せば長く着られそうです。出番が多くなりそうです。,5,2026-05-04 18:52:42 UTC,ココ,pink-plaid-doll-dress-2@example.invalid,,pink-plaid-doll-dress,,
期待どおりでした,動きやすくて助かります。デニムの色落ち加減がちょうど良かったです。172cmでL、ウエスト72cmは表記どおりでした。ゆとりがあって締めつけ感がありません。色はデニムブルーを選びました。スニーカーでラフに履いています。長く着られそうです。,5,2026-06-22 23:00:50 UTC,ハルカ,summer-wide-leg-jeans-1@example.invalid,,summer-wide-leg-jeans,,
買ってよかった,腰まわりが楽でした。デニムの色落ち加減がちょうど良かったです。164cmでM、ウエスト68cmは表記どおりでした。ゆとりがあって締めつけ感がありません。スニーカーでラフに履いています。リピートしたいと思える一枚です。,5,2026-05-11 19:43:01 UTC,アオイ,summer-wide-leg-jeans-2@example.invalid,,summer-wide-leg-jeans,,
着心地が良いです,丈感がちょうど良かったです。ドット柄の大きさがちょうど良いです。158cmでS、ウエスト66cmは表記どおりでした。色はグレーを選びました。シンプルなトップスを合わせるだけで成立します。長く着られそうです。,5,2026-05-04 13:56:54 UTC,ルナ,starry-polka-dot-skirt-1@example.invalid,,starry-polka-dot-skirt,,
使いやすいです,一枚で雰囲気が出ます。ドット柄の大きさがちょうど良いです。160cmでM、ウエスト70cmは表記どおりでした。シンプルなトップスを合わせるだけで成立します。買ってよかったです。,5,2026-05-29 11:01:58 UTC,ホノカ,starry-polka-dot-skirt-2@example.invalid,,starry-polka-dot-skirt,,
写真どおりでした,顔まわりが明るく見えます。チェック柄の色合いが落ち着いていました。172cmでL、肩幅49cmは表記どおりでした。色はグリーンを選びました。スカートに合わせると女性らしくなります。買ってよかったです。,5,2026-06-09 03:22:51 UTC,アイ,plaid-doll-collar-shirt-1@example.invalid,,plaid-doll-collar-shirt,,
買ってよかった,合わせやすくて出番が多そうです。チェック柄の色合いが落ち着いていました。158cmでM、肩幅48cmは表記どおりでした。スカートに合わせると女性らしくなります。長く着られそうです。,5,2026-04-20 03:33:04 UTC,ナギサ,plaid-doll-collar-shirt-2@example.invalid,,plaid-doll-collar-shirt,,
使いやすいです,肩紐の位置がちょうど良かったです。156cmでS、着丈50cmは表記どおりでした。色はパープルを選びました。シャツを羽織って抜け感を出しています。出番が多くなりそうです。,5,2026-04-19 02:38:05 UTC,シオリ,chic-asymmetrical-polo-t-1@example.invalid,,chic-asymmetrical-polo-tank,,
色味が可愛い,一枚でもインナーとしても使えます。155cmでM、着丈52cmは表記どおりでした。シャツを羽織って抜け感を出しています。この価格でこの質感なら満足です。,5,2026-04-29 07:02:46 UTC,ヒナ,chic-asymmetrical-polo-t-2@example.invalid,,chic-asymmetrical-polo-tank,,
写真どおりでした,丈感がちょうど良かったです。チェック柄の色合いが落ち着いていました。162cmでM、着丈49cm・ウエスト70cmは表記どおりでした。色はグリーンを選びました。タイツを合わせれば秋冬もいけそうです。この価格でこの質感なら満足です。,5,2026-07-29 02:18:37 UTC,マイ,summer-green-plaid-skirt-1@example.invalid,,summer-green-plaid-skirt,,
買ってよかった,シルエットがきれいに落ちます。チェック柄の色合いが落ち着いていました。170cmでL、着丈50cm・ウエスト74cmは表記どおりでした。タイツを合わせれば秋冬もいけそうです。期待どおりでした。,5,2026-04-03 20:52:34 UTC,ユメ,summer-green-plaid-skirt-2@example.invalid,,summer-green-plaid-skirt,,
買ってよかった,スタイルよく見えます。チェック柄の色合いが落ち着いていました。164cmでL、着丈84cm・ウエスト74cmは表記どおりでした。色はブルーを選びました。羽織りものを足せば長く着られそうです。買ってよかったです。,5,2026-03-17 20:04:54 UTC,マナ,vintage-checkered-square-1@example.invalid,,vintage-checkered-square-neck-dress,,
お気に入りになりました,シーンを選ばず着られそうです。ヴィンテージ感のある色味が気に入りました。166cmでL、着丈84cm・ウエスト74cmは表記どおりでした。そのままでも十分様になります。また色違いも欲しくなりました。,5,2026-04-08 11:16:36 UTC,ユメ,vintage-checkered-square-2@example.invalid,,vintage-checkered-square-neck-dress,,
雰囲気が可愛い,動きやすくて助かります。デニムの色落ち加減がちょうど良かったです。162cmでM、ウエスト72cmは表記どおりでした。色はデニムブルーを選びました。コンパクトなトップスと相性が良いです。出番が多くなりそうです。,5,2026-07-09 16:51:20 UTC,ノア,vintage-blue-high-waiste-1@example.invalid,,vintage-blue-high-waisted-wide-leg-jeans,,
使いやすいです,腰まわりが楽でした。ハイウエストで脚が長く見えます。169cmでL、ウエスト76cmは表記どおりでした。スニーカーでラフに履いています。買ってよかったです。,5,2026-04-26 21:26:34 UTC,スミレ,vintage-blue-high-waiste-2@example.invalid,,vintage-blue-high-waisted-wide-leg-jeans,,
使いやすいです,丈感がちょうど良かったです。チェック柄の色合いが落ち着いていました。169cmでL、着丈50cm・ウエスト74cmは表記どおりでした。色はグリーンチェックを選びました。タイツを合わせれば秋冬もいけそうです。リピートしたいと思える一枚です。,5,2026-03-01 22:00:47 UTC,マナ,american-retro-hight-wai-1@example.invalid,,american-retro-hight-waist-plaid-skirt,,
色味が可愛い,シルエットがきれいに落ちます。ハイウエストで脚が長く見えます。166cmでL、着丈50cm・ウエスト74cmは表記どおりでした。シンプルなトップスを合わせるだけで成立します。出番が多くなりそうです。,5,2026-03-03 19:27:34 UTC,カレン,american-retro-hight-wai-2@example.invalid,,american-retro-hight-waist-plaid-skirt,,
期待どおりでした,一枚で雰囲気が出ます。チェック柄の色合いが落ち着いていました。156cmでM、着丈49cm・ウエスト70cmは表記どおりでした。色はピンクを選びました。タイツを合わせれば秋冬もいけそうです。また色違いも欲しくなりました。,5,2026-06-07 19:45:10 UTC,リン,retro-high-waist-plaid-s-1@example.invalid,,retro-high-waist-plaid-skirt,,
可愛いです,丈感がちょうど良かったです。ハイウエストで脚が長く見えます。162cmでM、着丈49cm・ウエスト70cmは表記どおりでした。タイツを合わせれば秋冬もいけそうです。買ってよかったです。,5,2026-08-07 10:10:13 UTC,ホノカ,retro-high-waist-plaid-s-2@example.invalid,,retro-high-waist-plaid-skirt,,
可愛いです,シルエットがきれいに落ちます。チェック柄の色合いが落ち着いていました。155cmでM、着丈49cm・ウエスト70cmは表記どおりでした。色はブルーを選びました。シンプルなトップスを合わせるだけで成立します。この価格でこの質感なら満足です。,5,2026-06-25 10:19:24 UTC,アオイ,american-retro-high-wais-1@example.invalid,,american-retro-high-waist-blue-plaid-skirt-1,,
雰囲気が可愛い,丈感がちょうど良かったです。ハイウエストで脚が長く見えます。157cmでS、着丈48cm・ウエスト66cmは表記どおりでした。スニーカーでも綺麗めでも合わせられます。出番が多くなりそうです。,5,2026-08-05 20:23:47 UTC,チヒロ,american-retro-high-wais-2@example.invalid,,american-retro-high-waist-blue-plaid-skirt-1,,
着心地が良いです,一枚で雰囲気が出ます。チェック柄の色合いが落ち着いていました。163cmでL、着丈50cm・ウエスト74cmは表記どおりでした。色はブルーを選びました。シンプルなトップスを合わせるだけで成立します。この価格でこの質感なら満足です。,5,2026-07-05 05:43:16 UTC,エマ,american-retro-high-wais-1@example.invalid,,american-retro-high-waist-blue-plaid-skirt,,
高見えします,丈感がちょうど良かったです。ハイウエストで脚が長く見えます。170cmでL、着丈50cm・ウエスト74cmは表記どおりでした。スニーカーでも綺麗めでも合わせられます。長く着られそうです。,5,2026-07-25 15:48:16 UTC,カナ,american-retro-high-wais-2@example.invalid,,american-retro-high-waist-blue-plaid-skirt,,
使いやすいです,羽織るだけで様になります。ストライプの幅がちょうど良いです。167cmでL、着丈62cm・胸囲114cmは表記どおりでした。色はブラックを選びました。丈の短いトップスと相性が良いです。長く着られそうです。,5,2026-07-09 01:08:54 UTC,ナギサ,stripes-soft-waxy-thick--1@example.invalid,,stripes-soft-waxy-thick-lazy-knitted-sweater-coat,,
雰囲気が可愛い,季節の変わり目に重宝しそうです。編み地がしっかりしていて安っぽくありません。155cmでM、着丈62cm・胸囲110cmは表記どおりでした。シンプルな中身でもこれ一枚で決まります。出番が多くなりそうです。,5,2026-08-01 11:35:38 UTC,トワ,stripes-soft-waxy-thick--2@example.invalid,,stripes-soft-waxy-thick-lazy-knitted-sweater-coat,,
着心地が良いです,スタイルよく見えます。164cmでL、着丈82cm・胸囲90cmは表記どおりでした。色はライトブルーを選びました。そのままでも十分様になります。長く着られそうです。,5,2026-04-15 10:43:24 UTC,カレン,summer-chic-tie-waist-ca-1@example.invalid,,summer-chic-tie-waist-camisole-dress,,
写真どおりでした,シーンを選ばず着られそうです。155cmでM、着丈81cm・胸囲86cmは表記どおりでした。羽織りものを足せば長く着られそうです。長く着られそうです。,5,2026-06-10 06:09:27 UTC,スミレ,summer-chic-tie-waist-ca-2@example.invalid,,summer-chic-tie-waist-camisole-dress,,
リピートしたいです,厚すぎず長い期間着られそうです。ストライプの幅がちょうど良いです。154cmでS、着丈50cmは表記どおりでした。色はオレンジを選びました。パンツでもスカートでも合います。また色違いも欲しくなりました。,5,2026-04-01 05:56:59 UTC,ミク,retro-striped-knit-top-1@example.invalid,,retro-striped-knit-top,,
雰囲気が可愛い,肌ざわりが良くてチクチクしません。編み地がしっかりしていて安っぽくありません。169cmでL、着丈52cmは表記どおりでした。パンツでもスカートでも合います。リピートしたいと思える一枚です。,5,2026-04-02 00:59:54 UTC,リン,retro-striped-knit-top-2@example.invalid,,retro-striped-knit-top,,
リピートしたいです,一枚で着ても様になります。編み地がしっかりしていて安っぽくありません。150cmでS、着丈48cm・胸囲74cmは表記どおりでした。体のラインがきれいに出ます。色はイエローを選びました。パンツでもスカートでも合います。出番が多くなりそうです。,5,2026-07-10 02:12:08 UTC,アイ,slim-fit-knitted-vest-1@example.invalid,,slim-fit-knitted-vest,,
買ってよかった,厚すぎず長い期間着られそうです。編み地がしっかりしていて安っぽくありません。164cmでM、着丈50cm・胸囲78cmは表記どおりでした。ほどよくフィットしてきれいに見えます。ロングスカートと合わせるのが気に入っています。友達にも聞かれました。,5,2026-03-24 16:03:41 UTC,レイ,slim-fit-knitted-vest-2@example.invalid,,slim-fit-knitted-vest,,
高見えします,合わせやすくて出番が多そうです。レトロな雰囲気が可愛いです。149cmでS、着丈50cm・胸囲72cmは表記どおりでした。体のラインがきれいに出ます。色はブルーを選びました。スカートに合わせると女性らしくなります。また色違いも欲しくなりました。,5,2026-04-14 20:18:56 UTC,マリン,slim-retro-star-tee-1@example.invalid,,slim-retro-star-tee,,
期待どおりでした,顔まわりが明るく見えます。レトロな雰囲気が可愛いです。153cmでS、着丈50cm・胸囲72cmは表記どおりでした。ほどよくフィットしてきれいに見えます。羽織りものとの相性も良さそうです。買ってよかったです。,5,2026-05-07 02:39:53 UTC,ソラ,slim-retro-star-tee-2@example.invalid,,slim-retro-star-tee,,
使いやすいです,顔まわりが明るく見えます。ホルターネックで首まわりがすっきり見えます。161cmでM、胸囲70cmは表記どおりでした。体のラインがきれいに出ます。色はブルーを選びました。スカートに合わせると女性らしくなります。リピートしたいと思える一枚です。,5,2026-05-10 20:36:47 UTC,ナオ,retro-slim-halter-top-1@example.invalid,,retro-slim-halter-top,,
丈感がちょうどいい,形がきれいで一枚で決まります。レトロな雰囲気が可愛いです。165cmでM、胸囲70cmは表記どおりでした。体のラインがきれいに出ます。スカートに合わせると女性らしくなります。長く着られそうです。,5,2026-04-09 12:58:38 UTC,アイ,retro-slim-halter-top-2@example.invalid,,retro-slim-halter-top,,
お気に入りになりました,合わせやすくて出番が多そうです。レースの繊細さが写真以上でした。156cmでS、胸囲112cmは表記どおりでした。色はブルーを選びました。羽織りものとの相性も良さそうです。この価格でこの質感なら満足です。,5,2026-05-06 11:02:22 UTC,ココ,vintage-blue-plaid-lace--1@example.invalid,,vintage-blue-plaid-lace-trim-top,,
可愛いです,顔まわりが明るく見えます。チェック柄の色合いが落ち着いていました。162cmでLを着用してちょうど良かったです。デニムに合わせるだけで決まりました。長く着られそうです。,5,2026-06-30 13:58:30 UTC,ナギサ,vintage-blue-plaid-lace--2@example.invalid,,vintage-blue-plaid-lace-trim-top,,
お気に入りになりました,顔まわりが明るく見えます。チェック柄の色合いが落ち着いていました。149cmでS、胸囲78cm・肩幅33cmは表記どおりでした。体のラインがきれいに出ます。色はブラックを選びました。スカートに合わせると女性らしくなります。友達にも聞かれました。,5,2026-03-13 06:01:24 UTC,チヒロ,vintage-checkered-slim-s-1@example.invalid,,vintage-checkered-slim-short-top,,
使いやすいです,形がきれいで一枚で決まります。ヴィンテージ感のある色味が気に入りました。156cmでM、胸囲82cm・肩幅34cmは表記どおりでした。ほどよくフィットしてきれいに見えます。スカートに合わせると女性らしくなります。リピートしたいと思える一枚です。,5,2026-07-25 04:51:02 UTC,ホノカ,vintage-checkered-slim-s-2@example.invalid,,vintage-checkered-slim-short-top,,
リピートしたいです,スタイルよく見えます。チェック柄の色合いが落ち着いていました。158cmでM、ウエスト72cm・胸囲80cmは表記どおりでした。色はパープルを選びました。小物次第で印象を変えられます。リピートしたいと思える一枚です。,5,2026-03-23 00:38:59 UTC,スミレ,purple-plaid-puff-sleeve-1@example.invalid,,purple-plaid-puff-sleeve-dress,,
お気に入りになりました,一枚で着られるので楽です。パフスリーブのふくらみが可愛いです。158cmでS、ウエスト68cm・胸囲76cmは表記どおりでした。そのままでも十分様になります。長く着られそうです。,5,2026-03-13 12:12:52 UTC,アンナ,purple-plaid-puff-sleeve-2@example.invalid,,purple-plaid-puff-sleeve-dress,,
写真どおりでした,一枚で着られるので楽です。花柄が派手すぎず上品でした。154cmでS、胸囲82cm・肩幅29cmは表記どおりでした。色はパープルを選びました。小物次第で印象を変えられます。出番が多くなりそうです。,5,2026-04-20 10:30:33 UTC,ナギサ,retro-floral-purple-cami-1@example.invalid,,retro-floral-purple-camisole-dress,,
買ってよかった,スタイルよく見えます。レトロな雰囲気が可愛いです。165cmでL、胸囲90cm・肩幅31cmは表記どおりでした。そのままでも十分様になります。この価格でこの質感なら満足です。,5,2026-04-05 07:24:53 UTC,ソラ,retro-floral-purple-cami-2@example.invalid,,retro-floral-purple-camisole-dress,,
高見えします,顔まわりが明るく見えます。154cmでS、胸囲114cm・肩幅50cmは表記どおりでした。色はホワイトを選びました。スカートに合わせると女性らしくなります。リピートしたいと思える一枚です。,5,2026-08-02 17:18:22 UTC,リコ,white-short-sleeve-top-1@example.invalid,,white-short-sleeve-top,,
可愛いです,形がきれいで一枚で決まります。167cmでL、肩幅52cmは表記どおりでした。スカートに合わせると女性らしくなります。この価格でこの質感なら満足です。,5,2026-05-17 12:22:56 UTC,リオ,white-short-sleeve-top-2@example.invalid,,white-short-sleeve-top,,
丈感がちょうどいい,カジュアルすぎず履けます。レトロな雰囲気が可愛いです。164cmでL、ウエスト74cmは表記どおりでした。ゆとりがあって締めつけ感がありません。色はブラックを選びました。スニーカーでラフに履いています。買ってよかったです。,5,2026-03-13 07:56:00 UTC,ニナ,retro-draped-wide-leg-sw-1@example.invalid,,retro-draped-wide-leg-sweatpants,,
期待どおりでした,腰まわりが楽でした。レトロな雰囲気が可愛いです。162cmでL、ウエスト74cmは表記どおりでした。ゆとりがあって締めつけ感がありません。スニーカーでラフに履いています。リピートしたいと思える一枚です。,5,2026-05-13 17:39:38 UTC,ユナ,retro-draped-wide-leg-sw-2@example.invalid,,retro-draped-wide-leg-sweatpants,,
期待どおりでした,スタイルよく見えます。レースの繊細さが写真以上でした。161cmでF、ウエスト70cm・総丈42cmは表記どおりでした。そのままでも十分様になります。また色違いも欲しくなりました。,5,2026-07-16 04:37:29 UTC,ミナ,irregular-pleated-lace-d-1@example.invalid,,irregular-pleated-lace-dress,,
お気に入りになりました,シーンを選ばず着られそうです。プリーツがしっかりついていて動くたびにきれいです。162cmでF、ウエスト70cm・総丈42cmは表記どおりでした。小物次第で印象を変えられます。長く着られそうです。,5,2026-06-28 11:26:13 UTC,ユナ,irregular-pleated-lace-d-2@example.invalid,,irregular-pleated-lace-dress,,
お気に入りになりました,シーンを選ばず着られそうです。チェック柄の色合いが落ち着いていました。152cmでS、ウエスト66cm・胸囲76cmは表記どおりでした。色はイエローを選びました。羽織りものを足せば長く着られそうです。リピートしたいと思える一枚です。,5,2026-04-01 12:28:34 UTC,ニナ,vintage-yellow-plaid-hal-1@example.invalid,,vintage-yellow-plaid-halter-dress,,
高見えします,一枚で着られるので楽です。ホルターネックで首まわりがすっきり見えます。148cmでS、ウエスト66cm・胸囲76cmは表記どおりでした。羽織りものを足せば長く着られそうです。この価格でこの質感なら満足です。,5,2026-05-18 08:19:17 UTC,マイ,vintage-yellow-plaid-hal-2@example.invalid,,vintage-yellow-plaid-halter-dress,,
可愛いです,スタイルよく見えます。チェック柄の色合いが落ち着いていました。163cmでM、ウエスト72cm・胸囲82cmは表記どおりでした。色はレッドを選びました。羽織りものを足せば長く着られそうです。買ってよかったです。,5,2026-04-03 13:04:48 UTC,マオ,chic-plaid-halter-dress-1@example.invalid,,chic-plaid-halter-dress,,
色味が可愛い,シーンを選ばず着られそうです。ホルターネックで首まわりがすっきり見えます。169cmでL、ウエスト76cm・胸囲86cmは表記どおりでした。そのままでも十分様になります。この価格でこの質感なら満足です。,5,2026-04-17 09:14:57 UTC,リコ,chic-plaid-halter-dress-2@example.invalid,,chic-plaid-halter-dress,,
期待どおりでした,一枚で着られるので楽です。チェック柄の色合いが落ち着いていました。161cmでM、着丈69cm・ウエスト66cmは表記どおりでした。色はピンクを選びました。小物次第で印象を変えられます。買ってよかったです。,5,2026-04-30 21:18:13 UTC,フウカ,summer-chic-plaid-dress-1@example.invalid,,summer-chic-plaid-dress,,
お気に入りになりました,スタイルよく見えます。チェック柄の色合いが落ち着いていました。156cmでS、着丈68cm・ウエスト62cmは表記どおりでした。小物次第で印象を変えられます。買ってよかったです。,5,2026-07-29 21:17:40 UTC,ナオ,summer-chic-plaid-dress-2@example.invalid,,summer-chic-plaid-dress,,
高見えします,顔まわりが明るく見えます。158cmでM、着丈51cm・胸囲79cmは表記どおりでした。体のラインがきれいに出ます。色はイエローを選びました。羽織りものとの相性も良さそうです。また色違いも欲しくなりました。,5,2026-03-24 23:25:15 UTC,カレン,summer-slim-fit-polo-tee-1@example.invalid,,summer-slim-fit-polo-tee,,
可愛いです,合わせやすくて出番が多そうです。169cmでL、着丈53cm・胸囲82cmは表記どおりでした。ほどよくフィットしてきれいに見えます。スカートに合わせると女性らしくなります。出番が多くなりそうです。,5,2026-07-22 01:23:45 UTC,モモ,summer-slim-fit-polo-tee-2@example.invalid,,summer-slim-fit-polo-tee,,
期待どおりでした,カジュアルすぎず履けます。リボンの位置が可愛くて気に入りました。162cmでL、肩幅40cmは表記どおりでした。色はダークグレーを選びました。ヒールを合わせると綺麗めになります。買ってよかったです。,5,2026-07-31 02:52:22 UTC,マイ,chic-bow-waist-trousers-1@example.invalid,,chic-bow-waist-trousers,,
買ってよかった,動きやすくて助かります。リボンの位置が可愛くて気に入りました。168cmでL、肩幅40cmは表記どおりでした。スニーカーでラフに履いています。出番が多くなりそうです。,5,2026-07-08 21:43:29 UTC,イロハ,chic-bow-waist-trousers-2@example.invalid,,chic-bow-waist-trousers,,
使いやすいです,形がきれいで一枚で決まります。プリーツがしっかりついていて動くたびにきれいです。153cmでS、肩幅32cmは表記どおりでした。色はホワイトを選びました。デニムに合わせるだけで決まりました。出番が多くなりそうです。,5,2026-04-06 10:12:13 UTC,リコ,vintage-chain-pleated-te-1@example.invalid,,vintage-chain-pleated-tee,,
買ってよかった,合わせやすくて出番が多そうです。ヴィンテージ感のある色味が気に入りました。168cmでL、胸囲74cm・肩幅34cmは表記どおりでした。デニムに合わせるだけで決まりました。買ってよかったです。,5,2026-04-02 05:12:21 UTC,アイ,vintage-chain-pleated-te-2@example.invalid,,vintage-chain-pleated-tee,,
買ってよかった,丈感がちょうど良かったです。ドット柄の大きさがちょうど良いです。168cmでL、着丈54cm・ウエスト85cmは表記どおりでした。色はブラックを選びました。タイツを合わせれば秋冬もいけそうです。長く着られそうです。,5,2026-03-15 04:02:31 UTC,イロハ,polka-dot-a-line-skirt-1@example.invalid,,polka-dot-a-line-skirt,,
使いやすいです,シルエットがきれいに落ちます。Aラインのシルエットがきれいに出ます。168cmでL、着丈54cm・ウエスト85cmは表記どおりでした。シンプルなトップスを合わせるだけで成立します。リピートしたいと思える一枚です。,5,2026-03-17 16:42:11 UTC,エマ,polka-dot-a-line-skirt-2@example.invalid,,polka-dot-a-line-skirt,,
買ってよかった,合わせやすくて出番が多そうです。チェック柄の色合いが落ち着いていました。157cmでS、着丈52cm・胸囲82cmは表記どおりでした。色はピンクを選びました。デニムに合わせるだけで決まりました。期待どおりでした。,5,2026-03-03 12:19:58 UTC,エマ,vintage-pink-plaid-top-1@example.invalid,,vintage-pink-plaid-top,,
使いやすいです,顔まわりが明るく見えます。ヴィンテージ感のある色味が気に入りました。151cmでS、着丈52cm・胸囲82cmは表記どおりでした。スカートに合わせると女性らしくなります。期待どおりでした。,5,2026-03-08 12:04:47 UTC,ニナ,vintage-pink-plaid-top-2@example.invalid,,vintage-pink-plaid-top,,
雰囲気が可愛い,顔まわりが明るく見えます。ホルターネックで首まわりがすっきり見えます。164cmでL、胸囲112cmは表記どおりでした。色はグリーンを選びました。デニムに合わせるだけで決まりました。期待どおりでした。,5,2026-06-15 20:27:44 UTC,イロハ,halter-bubble-top-1@example.invalid,,halter-bubble-top,,
着心地が良いです,形がきれいで一枚で決まります。ホルターネックで首まわりがすっきり見えます。167cmでL、胸囲112cmは表記どおりでした。スカートに合わせると女性らしくなります。出番が多くなりそうです。,5,2026-06-05 01:06:29 UTC,ミサキ,halter-bubble-top-2@example.invalid,,halter-bubble-top,,
色味が可愛い,シーンを選ばず着られそうです。チェック柄の色合いが落ち着いていました。152cmでS、肩幅32cmは表記どおりでした。色はブルーを選びました。羽織りものを足せば長く着られそうです。買ってよかったです。,5,2026-07-27 06:38:51 UTC,キョウカ,blue-plaid-puff-sleeve-d-1@example.invalid,,blue-plaid-puff-sleeve-dress,,
可愛いです,スタイルよく見えます。パフスリーブのふくらみが可愛いです。150cmでS、肩幅32cmは表記どおりでした。羽織りものを足せば長く着られそうです。友達にも聞かれました。,5,2026-05-16 20:13:59 UTC,ナオ,blue-plaid-puff-sleeve-d-2@example.invalid,,blue-plaid-puff-sleeve-dress,,
高見えします,シーンを選ばず着られそうです。チェック柄の色合いが落ち着いていました。155cmでS、胸囲82cm・肩幅28cmは表記どおりでした。色はブルーを選びました。小物次第で印象を変えられます。友達にも聞かれました。,5,2026-07-19 10:09:38 UTC,マオ,blue-plaid-halter-dress-1@example.invalid,,blue-plaid-halter-dress,,
リピートしたいです,一枚で着られるので楽です。ホルターネックで首まわりがすっきり見えます。160cmでM、胸囲86cm・肩幅29cmは表記どおりでした。そのままでも十分様になります。買ってよかったです。,5,2026-04-27 10:19:14 UTC,リオ,blue-plaid-halter-dress-2@example.invalid,,blue-plaid-halter-dress,,
雰囲気が可愛い,一枚で雰囲気が出ます。ハイウエストで脚が長く見えます。151cmでS、ウエスト64cmは表記どおりでした。色はグリーンを選びました。タイツを合わせれば秋冬もいけそうです。買ってよかったです。,5,2026-06-01 02:00:43 UTC,レイ,high-waist-bubble-skirt-1@example.invalid,,high-waist-bubble-skirt,,
着心地が良いです,シルエットがきれいに落ちます。ハイウエストで脚が長く見えます。159cmでM、ウエスト68cm・総丈35cmは表記どおりでした。スニーカーでも綺麗めでも合わせられます。また色違いも欲しくなりました。,5,2026-04-16 18:59:04 UTC,サキ,high-waist-bubble-skirt-2@example.invalid,,high-waist-bubble-skirt,,
買ってよかった,一枚で雰囲気が出ます。ドット柄の大きさがちょうど良いです。170cmでL、着丈50cm・ウエスト74cmは表記どおりでした。色はダークグレーを選びました。タイツを合わせれば秋冬もいけそうです。期待どおりでした。,5,2026-03-17 18:08:19 UTC,アイ,retro-polka-dot-high-wai-1@example.invalid,,retro-polka-dot-high-waist-skirt,,
期待どおりでした,丈感がちょうど良かったです。ハイウエストで脚が長く見えます。163cmでL、着丈50cm・ウエスト74cmは表記どおりでした。シンプルなトップスを合わせるだけで成立します。出番が多くなりそうです。,5,2026-03-03 10:45:12 UTC,リコ,retro-polka-dot-high-wai-2@example.invalid,,retro-polka-dot-high-waist-skirt,,
写真どおりでした,腰まわりが楽でした。165cmでL、ウエスト74cmは表記どおりでした。色はライトベージュを選びました。スニーカーでラフに履いています。出番が多くなりそうです。,5,2026-05-15 09:53:57 UTC,シオリ,sense-apricot-pants-1@example.invalid,,sense-apricot-pants,,
お気に入りになりました,動きやすくて助かります。150cmでS、ウエスト66cmは表記どおりでした。スニーカーでラフに履いています。この価格でこの質感なら満足です。,5,2026-06-01 06:16:32 UTC,ホノカ,sense-apricot-pants-2@example.invalid,,sense-apricot-pants,,
高見えします,顔まわりが明るく見えます。レースの繊細さが写真以上でした。149cmでS、胸囲76cm・肩幅35cmは表記どおりでした。ほどよくフィットしてきれいに見えます。色はブルーバイオレットを選びました。羽織りものとの相性も良さそうです。リピートしたいと思える一枚です。,5,2026-07-20 05:49:03 UTC,モモ,lace-patchwork-fitted-tw-1@example.invalid,,lace-patchwork-fitted-two-layer-t-shirt,,
使いやすいです,合わせやすくて出番が多そうです。レースの繊細さが写真以上でした。171cmでL、胸囲84cm・肩幅37cmは表記どおりでした。ほどよくフィットしてきれいに見えます。羽織りものとの相性も良さそうです。この価格でこの質感なら満足です。,5,2026-03-29 21:07:47 UTC,ノア,lace-patchwork-fitted-tw-2@example.invalid,,lace-patchwork-fitted-two-layer-t-shirt,,
写真どおりでした,顔まわりが明るく見えます。158cmでS、胸囲72cm・肩幅45cmは表記どおりでした。色はブルーを選びました。スカートに合わせると女性らしくなります。また色違いも欲しくなりました。,5,2026-04-10 02:19:42 UTC,フウカ,summer-swing-tee-1@example.invalid,,summer-swing-tee,,
お気に入りになりました,合わせやすくて出番が多そうです。156cmでS、胸囲72cm・肩幅45cmは表記どおりでした。デニムに合わせるだけで決まりました。友達にも聞かれました。,5,2026-07-27 00:24:36 UTC,マリン,summer-swing-tee-2@example.invalid,,summer-swing-tee,,
高見えします,羽織るだけで様になります。編み地がしっかりしていて安っぽくありません。158cmでS、胸囲82cm・肩幅36cmは表記どおりでした。色はイエローを選びました。色味が落ち着いているので合わせやすいです。リピートしたいと思える一枚です。,5,2026-03-16 12:55:40 UTC,コハル,retro-knitted-cardigan-1@example.invalid,,retro-knitted-cardigan,,
買ってよかった,思ったより軽くて着やすいです。レトロな雰囲気が可愛いです。160cmでM、胸囲86cm・肩幅37cmは表記どおりでした。色味が落ち着いているので合わせやすいです。出番が多くなりそうです。,5,2026-06-06 02:57:25 UTC,ユメ,retro-knitted-cardigan-2@example.invalid,,retro-knitted-cardigan,,
リピートしたいです,一枚で着られるので楽です。リボンの位置が可愛くて気に入りました。149cmでS、着丈84cm・胸囲86cmは表記どおりでした。色はダークブルーを選びました。小物次第で印象を変えられます。また色違いも欲しくなりました。,5,2026-06-25 22:00:54 UTC,マイ,summer-bow-dark-blue-sle-1@example.invalid,,summer-bow-dark-blue-sleeveless-dress,,
色味が可愛い,シーンを選ばず着られそうです。リボンの位置が可愛くて気に入りました。166cmでL、着丈86cm・胸囲94cmは表記どおりでした。羽織りものを足せば長く着られそうです。この価格でこの質感なら満足です。,5,2026-05-15 06:09:45 UTC,サラ,summer-bow-dark-blue-sle-2@example.invalid,,summer-bow-dark-blue-sleeveless-dress,,
リピートしたいです,合わせやすくて出番が多そうです。チェック柄の色合いが落ち着いていました。157cmでS、胸囲84cmは表記どおりでした。色はブルーを選びました。羽織りものとの相性も良さそうです。長く着られそうです。,5,2026-05-24 14:42:13 UTC,ミサキ,blue-plaid-halterneck-ve-1@example.invalid,,blue-plaid-halterneck-vest,,
着心地が良いです,形がきれいで一枚で決まります。ホルターネックで首まわりがすっきり見えます。166cmでL、胸囲92cmは表記どおりでした。羽織りものとの相性も良さそうです。長く着られそうです。,5,2026-07-22 10:26:55 UTC,アヤ,blue-plaid-halterneck-ve-2@example.invalid,,blue-plaid-halterneck-vest,,
色味が可愛い,腰まわりが楽でした。デニムの色落ち加減がちょうど良かったです。170cmでL、ウエスト72cmは表記どおりでした。色はダークブルーを選びました。スニーカーでラフに履いています。期待どおりでした。,5,2026-03-27 10:03:08 UTC,ルナ,american-retro-butterfly-1@example.invalid,,american-retro-butterfly-blue-high-waisted-wide-leg-jeans,,
高見えします,カジュアルすぎず履けます。ハイウエストで脚が長く見えます。166cmでL、ウエスト72cmは表記どおりでした。コンパクトなトップスと相性が良いです。買ってよかったです。,5,2026-03-09 16:54:54 UTC,ハルカ,american-retro-butterfly-2@example.invalid,,american-retro-butterfly-blue-high-waisted-wide-leg-jeans,,
リピートしたいです,顔まわりが明るく見えます。164cmでM、着丈52cm・ウエスト64cmは表記どおりでした。体のラインがきれいに出ます。色はグリーンを選びました。デニムに合わせるだけで決まりました。期待どおりでした。,5,2026-06-15 21:08:22 UTC,リン,summer-twist-slim-top-po-1@example.invalid,,summer-twist-slim-top-polo-t-shirt,,
お気に入りになりました,合わせやすくて出番が多そうです。155cmでM、着丈52cm・ウエスト64cmは表記どおりでした。ほどよくフィットしてきれいに見えます。羽織りものとの相性も良さそうです。期待どおりでした。,5,2026-07-19 00:24:01 UTC,レイ,summer-twist-slim-top-po-2@example.invalid,,summer-twist-slim-top-polo-t-shirt,,
写真どおりでした,動きやすくて助かります。ハイウエストで脚が長く見えます。163cmでM、ウエスト72cmは表記どおりでした。色はダークグレーを選びました。ヒールを合わせると綺麗めになります。この価格でこの質感なら満足です。,5,2026-07-10 23:17:21 UTC,フウカ,american-retro-high-wais-1@example.invalid,,american-retro-high-waist-cargo-trousers,,
高見えします,腰まわりが楽でした。レトロな雰囲気が可愛いです。157cmでS、ウエスト68cmは表記どおりでした。コンパクトなトップスと相性が良いです。期待どおりでした。,5,2026-05-19 23:44:40 UTC,カレン,american-retro-high-wais-2@example.invalid,,american-retro-high-waist-cargo-trousers,,
使いやすいです,シーンを選ばず着られそうです。164cmでL、着丈86cm・胸囲94cmは表記どおりでした。色はグリーンを選びました。羽織りものを足せば長く着られそうです。出番が多くなりそうです。,5,2026-04-23 11:37:31 UTC,カナ,green-bud-sleeveless-dre-1@example.invalid,,green-bud-sleeveless-dress,,
リピートしたいです,一枚で着られるので楽です。168cmでL、着丈86cm・胸囲94cmは表記どおりでした。そのままでも十分様になります。長く着られそうです。,5,2026-06-05 10:31:38 UTC,ヒヨリ,green-bud-sleeveless-dre-2@example.invalid,,green-bud-sleeveless-dress,,
写真どおりでした,シルエットがきれいに落ちます。チェック柄の色合いが落ち着いていました。158cmでS、着丈48cm・ウエスト66cmは表記どおりでした。色はイエローを選びました。タイツを合わせれば秋冬もいけそうです。また色違いも欲しくなりました。,5,2026-04-03 06:09:40 UTC,ホノカ,retro-color-plaid-skirt-1@example.invalid,,retro-color-plaid-skirt,,
お気に入りになりました,丈感がちょうど良かったです。レトロな雰囲気が可愛いです。158cmでM、着丈49cm・ウエスト70cmは表記どおりでした。タイツを合わせれば秋冬もいけそうです。友達にも聞かれました。,5,2026-07-24 23:51:43 UTC,アイ,retro-color-plaid-skirt-2@example.invalid,,retro-color-plaid-skirt,,
丈感がちょうどいい,顔まわりが明るく見えます。ヴィンテージ感のある色味が気に入りました。165cmでL、着丈54cm・胸囲90cmは表記どおりでした。色はホワイトを選びました。羽織りものとの相性も良さそうです。買ってよかったです。,5,2026-07-10 05:50:54 UTC,スミレ,american-vintage-thick-l-1@example.invalid,,american-vintage-thick-long-sleeve-top,,
写真どおりでした,合わせやすくて出番が多そうです。ヴィンテージ感のある色味が気に入りました。165cmでL、着丈54cm・胸囲90cmは表記どおりでした。スカートに合わせると女性らしくなります。リピートしたいと思える一枚です。,5,2026-04-03 04:42:20 UTC,ミナ,american-vintage-thick-l-2@example.invalid,,american-vintage-thick-long-sleeve-top,,
着心地が良いです,顔まわりが明るく見えます。レトロな雰囲気が可愛いです。156cmでS、着丈52cm・胸囲82cmは表記どおりでした。色はイエローを選びました。デニムに合わせるだけで決まりました。買ってよかったです。,5,2026-03-18 17:02:05 UTC,モモ,american-retro-long-slee-1@example.invalid,,american-retro-long-sleeved-t-shirt,,
色味が可愛い,形がきれいで一枚で決まります。レトロな雰囲気が可愛いです。157cmでS、着丈52cm・胸囲82cmは表記どおりでした。スカートに合わせると女性らしくなります。友達にも聞かれました。,5,2026-03-02 07:25:55 UTC,ハルカ,american-retro-long-slee-2@example.invalid,,american-retro-long-sleeved-t-shirt,,
着心地が良いです,合わせやすくて出番が多そうです。レトロな雰囲気が可愛いです。169cmでL、着丈54cm・胸囲90cmは表記どおりでした。色はホワイトを選びました。羽織りものとの相性も良さそうです。友達にも聞かれました。,5,2026-06-01 00:13:21 UTC,ソラ,american-vintage-polo-lo-1@example.invalid,,american-vintage-polo-long-sleeve-shirt,,
高見えします,顔まわりが明るく見えます。ヴィンテージ感のある色味が気に入りました。159cmでM、着丈53cm・胸囲86cmは表記どおりでした。デニムに合わせるだけで決まりました。出番が多くなりそうです。,5,2026-05-06 16:37:25 UTC,ナオ,american-vintage-polo-lo-2@example.invalid,,american-vintage-polo-long-sleeve-shirt,,
期待どおりでした,スタイルよく見えます。デニムの色落ち加減がちょうど良かったです。165cmでM、着丈82cm・ウエスト70cmは表記どおりでした。色はデニムブルーを選びました。羽織りものを足せば長く着られそうです。出番が多くなりそうです。,5,2026-07-28 14:55:09 UTC,カナ,american-retro-three-dim-1@example.invalid,,american-retro-three-dimensional-denim-dress,,
着心地が良いです,シーンを選ばず着られそうです。レトロな雰囲気が可愛いです。168cmでL、着丈84cm・ウエスト74cmは表記どおりでした。小物次第で印象を変えられます。リピートしたいと思える一枚です。,5,2026-04-09 12:50:33 UTC,コハル,american-retro-three-dim-2@example.invalid,,american-retro-three-dimensional-denim-dress,,
リピートしたいです,形がきれいで一枚で決まります。ヴィンテージ感のある色味が気に入りました。163cmでL、着丈54cm・胸囲90cmは表記どおりでした。色はホワイトを選びました。デニムに合わせるだけで決まりました。この価格でこの質感なら満足です。,5,2026-03-04 09:18:55 UTC,カレン,american-vintage-fake-tw-1@example.invalid,,american-vintage-fake-two-piece-set-long-sleeve-top,,
お気に入りになりました,顔まわりが明るく見えます。ヴィンテージ感のある色味が気に入りました。149cmでS、着丈52cm・胸囲82cmは表記どおりでした。スカートに合わせると女性らしくなります。長く着られそうです。,5,2026-04-26 15:10:58 UTC,ユイ,american-vintage-fake-tw-2@example.invalid,,american-vintage-fake-two-piece-set-long-sleeve-top,,
色味が可愛い,合わせやすくて出番が多そうです。チェック柄の色合いが落ち着いていました。168cmでL、着丈54cm・胸囲90cmは表記どおりでした。色はダークブラウンを選びました。羽織りものとの相性も良さそうです。また色違いも欲しくなりました。,5,2026-05-10 07:35:14 UTC,トワ,american-retro-casual-lo-1@example.invalid,,american-retro-casual-love-plaid-long-sleeve-shirt,,
雰囲気が可愛い,顔まわりが明るく見えます。レトロな雰囲気が可愛いです。162cmでM、着丈53cm・胸囲86cmは表記どおりでした。スカートに合わせると女性らしくなります。長く着られそうです。,5,2026-06-07 00:01:05 UTC,ナナ,american-retro-casual-lo-2@example.invalid,,american-retro-casual-love-plaid-long-sleeve-shirt,,
高見えします,形がきれいで一枚で決まります。レトロな雰囲気が可愛いです。151cmでS、着丈52cm・胸囲82cmは表記どおりでした。色はブルーを選びました。羽織りものとの相性も良さそうです。期待どおりでした。,5,2026-07-14 12:08:48 UTC,マオ,american-vintage-polo-u--1@example.invalid,,american-vintage-polo-u-neck-long-sleeve-t-shirt,,
丈感がちょうどいい,合わせやすくて出番が多そうです。ヴィンテージ感のある色味が気に入りました。152cmでS、着丈52cm・胸囲82cmは表記どおりでした。スカートに合わせると女性らしくなります。買ってよかったです。,5,2026-03-01 02:44:15 UTC,ミク,american-vintage-polo-u--2@example.invalid,,american-vintage-polo-u-neck-long-sleeve-t-shirt,,
買ってよかった,動きやすくて助かります。ハイウエストで脚が長く見えます。164cmでL、着丈105cm・ウエスト76cmは表記どおりでした。色はブラックを選びました。スニーカーでラフに履いています。この価格でこの質感なら満足です。,5,2026-07-05 22:04:27 UTC,エマ,american-retro-high-wais-1@example.invalid,,american-retro-high-waisted-straight-leg-pants,,
写真どおりでした,腰まわりが楽でした。レトロな雰囲気が可愛いです。157cmでM、着丈103cm・ウエスト72cmは表記どおりでした。スニーカーでラフに履いています。また色違いも欲しくなりました。,5,2026-03-08 03:43:17 UTC,ミナ,american-retro-high-wais-2@example.invalid,,american-retro-high-waisted-straight-leg-pants,,
買ってよかった,顔まわりが明るく見えます。153cmでS、着丈52cm・胸囲82cmは表記どおりでした。体のラインがきれいに出ます。色はアプリコットを選びました。スカートに合わせると女性らしくなります。出番が多くなりそうです。,5,2026-08-08 00:57:34 UTC,ミナ,texture-slim-tie-long-sl-1@example.invalid,,texture-slim-tie-long-sleeve-shirt,,
高見えします,形がきれいで一枚で決まります。168cmでL、着丈54cm・胸囲90cmは表記どおりでした。体のラインがきれいに出ます。羽織りものとの相性も良さそうです。リピートしたいと思える一枚です。,5,2026-08-05 20:59:08 UTC,シオリ,texture-slim-tie-long-sl-2@example.invalid,,texture-slim-tie-long-sleeve-shirt,,
使いやすいです,丈感がちょうど良かったです。フリルのボリュームがちょうど良いです。149cmでS、着丈48cm・ウエスト66cmは表記どおりでした。色はホワイトを選びました。タイツを合わせれば秋冬もいけそうです。この価格でこの質感なら満足です。,5,2026-03-24 07:48:34 UTC,ミオ,high-waist-fungus-a-line-1@example.invalid,,high-waist-fungus-a-line-skirt-shorts,,
写真どおりでした,一枚で雰囲気が出ます。ハイウエストで脚が長く見えます。155cmでS、着丈48cm・ウエスト66cmは表記どおりでした。タイツを合わせれば秋冬もいけそうです。友達にも聞かれました。,5,2026-07-31 23:05:50 UTC,ツムギ,high-waist-fungus-a-line-2@example.invalid,,high-waist-fungus-a-line-skirt-shorts,,
着心地が良いです,季節の変わり目に重宝しそうです。レトロな雰囲気が可愛いです。151cmでS、着丈59cm・胸囲104cmは表記どおりでした。ゆとりがあって締めつけ感がありません。色はブラックを選びました。色味が落ち着いているので合わせやすいです。この価格でこの質感なら満足です。,5,2026-07-18 20:06:31 UTC,ミサキ,loose-drawstring-retro-j-1@example.invalid,,loose-drawstring-retro-jacket,,
期待どおりでした,思ったより軽くて着やすいです。ヴィンテージ感のある色味が気に入りました。165cmでM、着丈62cm・胸囲110cmは表記どおりでした。ルーズなシルエットで体型を拾いません。シンプルな中身でもこれ一枚で決まります。リピートしたいと思える一枚です。,5,2026-07-23 07:25:43 UTC,カナ,loose-drawstring-retro-j-2@example.invalid,,loose-drawstring-retro-jacket,,
写真どおりでした,カジュアルすぎず履けます。164cmでM、着丈103cm・ウエスト72cmは表記どおりでした。ゆとりがあって締めつけ感がありません。色はグレーを選びました。コンパクトなトップスと相性が良いです。リピートしたいと思える一枚です。,5,2026-04-27 16:16:21 UTC,マリン,american-style-wide-leg--1@example.invalid,,american-style-wide-leg-pants,,
お気に入りになりました,腰まわりが楽でした。152cmでS、着丈101cm・ウエスト68cmは表記どおりでした。ゆとりがあって締めつけ感がありません。スニーカーでラフに履いています。長く着られそうです。,5,2026-06-09 08:07:59 UTC,ユキ,american-style-wide-leg--2@example.invalid,,american-style-wide-leg-pants,,
買ってよかった,形がきれいで一枚で決まります。155cmでS、着丈52cm・胸囲82cmは表記どおりでした。色はグレーを選びました。羽織りものとの相性も良さそうです。期待どおりでした。,5,2026-03-30 09:24:13 UTC,アカリ,drawstring-quick-dry-hal-1@example.invalid,,drawstring-quick-dry-halterneck-top,,
お気に入りになりました,合わせやすくて出番が多そうです。156cmでS、着丈52cm・胸囲82cmは表記どおりでした。スカートに合わせると女性らしくなります。長く着られそうです。,5,2026-05-25 17:27:37 UTC,ホノカ,drawstring-quick-dry-hal-2@example.invalid,,drawstring-quick-dry-halterneck-top,,
買ってよかった,一枚で雰囲気が出ます。168cmでL、着丈50cm・ウエスト74cmは表記どおりでした。色はグレーを選びました。タイツを合わせれば秋冬もいけそうです。期待どおりでした。,5,2026-04-24 02:39:08 UTC,チヒロ,gray-elastic-waist-skirt-1@example.invalid,,gray-elastic-waist-skirt,,
雰囲気が可愛い,シルエットがきれいに落ちます。149cmでS、着丈48cm・ウエスト66cmは表記どおりでした。タイツを合わせれば秋冬もいけそうです。長く着られそうです。,5,2026-06-21 12:17:59 UTC,ユキ,gray-elastic-waist-skirt-2@example.invalid,,gray-elastic-waist-skirt,,
写真どおりでした,形がきれいで一枚で決まります。リボンの位置が可愛くて気に入りました。169cmでL、着丈56cm・胸囲88cmは表記どおりでした。色はブルーを選びました。デニムに合わせるだけで決まりました。友達にも聞かれました。,5,2026-07-03 08:29:10 UTC,マリン,retro-sleeveless-bow-ves-1@example.invalid,,retro-sleeveless-bow-vest,,
雰囲気が可愛い,顔まわりが明るく見えます。レトロな雰囲気が可愛いです。163cmでM、着丈56cm・胸囲85cmは表記どおりでした。羽織りものとの相性も良さそうです。長く着られそうです。,5,2026-06-17 09:34:41 UTC,シオリ,retro-sleeveless-bow-ves-2@example.invalid,,retro-sleeveless-bow-vest,,
買ってよかった,顔まわりが明るく見えます。162cmでL、着丈54cm・胸囲90cmは表記どおりでした。色はホワイトを選びました。羽織りものとの相性も良さそうです。この価格でこの質感なら満足です。,5,2026-05-20 16:16:07 UTC,モモ,quick-dry-sports-v-neck--1@example.invalid,,quick-dry-sports-v-neck-t-shirt,,
使いやすいです,形がきれいで一枚で決まります。163cmでL、着丈54cm・胸囲90cmは表記どおりでした。デニムに合わせるだけで決まりました。友達にも聞かれました。,5,2026-04-05 20:09:10 UTC,マナ,quick-dry-sports-v-neck--2@example.invalid,,quick-dry-sports-v-neck-t-shirt,,
買ってよかった,顔まわりが明るく見えます。レトロな雰囲気が可愛いです。162cmでL、着丈54cm・胸囲90cmは表記どおりでした。色はホワイトを選びました。デニムに合わせるだけで決まりました。この価格でこの質感なら満足です。,5,2026-07-12 08:45:45 UTC,ミオ,retro-design-white-balle-1@example.invalid,,retro-design-white-ballet-shirt,,
期待どおりでした,形がきれいで一枚で決まります。レトロな雰囲気が可愛いです。162cmでL、着丈54cm・胸囲90cmは表記どおりでした。羽織りものとの相性も良さそうです。期待どおりでした。,5,2026-03-18 22:36:46 UTC,エマ,retro-design-white-balle-2@example.invalid,,retro-design-white-ballet-shirt,,
可愛いです,合わせやすくて出番が多そうです。レースの繊細さが写真以上でした。165cmでM、着丈53cm・胸囲86cmは表記どおりでした。体のラインがきれいに出ます。色はピンクを選びました。スカートに合わせると女性らしくなります。この価格でこの質感なら満足です。,5,2026-05-07 20:43:49 UTC,レイ,butterfly-lace-slim-long-1@example.invalid,,butterfly-lace-slim-long-sleeve-top,,
雰囲気が可愛い,形がきれいで一枚で決まります。レースの繊細さが写真以上でした。164cmでM、着丈53cm・胸囲86cmは表記どおりでした。体のラインがきれいに出ます。スカートに合わせると女性らしくなります。長く着られそうです。,5,2026-05-04 08:24:03 UTC,カレン,butterfly-lace-slim-long-2@example.invalid,,butterfly-lace-slim-long-sleeve-top,,
着心地が良いです,形がきれいで一枚で決まります。レースの繊細さが写真以上でした。162cmでL、着丈54cm・胸囲90cmは表記どおりでした。ゆとりがあって締めつけ感がありません。色はブルーを選びました。スカートに合わせると女性らしくなります。買ってよかったです。,5,2026-03-21 06:22:15 UTC,ナギサ,blue-plaid-lace-stitch-l-1@example.invalid,,blue-plaid-lace-stitch-loose-shirt,,
色味が可愛い,合わせやすくて出番が多そうです。チェック柄の色合いが落ち着いていました。167cmでL、着丈54cm・胸囲90cmは表記どおりでした。ルーズなシルエットで体型を拾いません。羽織りものとの相性も良さそうです。長く着られそうです。,5,2026-03-10 05:01:45 UTC,ソラ,blue-plaid-lace-stitch-l-2@example.invalid,,blue-plaid-lace-stitch-loose-shirt,,
リピートしたいです,肌ざわりが良くてチクチクしません。リボンの位置が可愛くて気に入りました。158cmでS、着丈54cm・胸囲80cmは表記どおりでした。色はピンクを選びました。インナーを足して重ね着もできます。この価格でこの質感なら満足です。,5,2026-06-12 09:12:01 UTC,セナ,halterneck-bow-knitted-b-1@example.invalid,,halterneck-bow-knitted-base-layer,,
可愛いです,一枚で着ても様になります。編み地がしっかりしていて安っぽくありません。167cmでL、着丈56cm・胸囲88cmは表記どおりでした。ロングスカートと合わせるのが気に入っています。期待どおりでした。,5,2026-05-12 04:40:33 UTC,アンナ,halterneck-bow-knitted-b-2@example.invalid,,halterneck-bow-knitted-base-layer,,
色味が可愛い,カジュアルすぎず履けます。レースの繊細さが写真以上でした。164cmでM、着丈103cm・ウエスト72cmは表記どおりでした。色はブルーを選びました。コンパクトなトップスと相性が良いです。リピートしたいと思える一枚です。,5,2026-05-26 23:22:50 UTC,ユメ,retro-plaid-lace-stitche-1@example.invalid,,retro-plaid-lace-stitched-pants,,
使いやすいです,腰まわりが楽でした。チェック柄の色合いが落ち着いていました。153cmでS、着丈101cm・ウエスト68cmは表記どおりでした。スニーカーでラフに履いています。期待どおりでした。,5,2026-06-30 18:40:30 UTC,ヒナ,retro-plaid-lace-stitche-2@example.invalid,,retro-plaid-lace-stitched-pants,,
雰囲気が可愛い,丈感がちょうど良かったです。デニムの色落ち加減がちょうど良かったです。155cmでS、着丈48cm・ウエスト66cmは表記どおりでした。色はデニムブルーを選びました。スニーカーでも綺麗めでも合わせられます。長く着られそうです。,5,2026-03-06 03:04:30 UTC,リコ,irregular-design-blue-de-1@example.invalid,,irregular-design-blue-denim-skirt,,
色味が可愛い,シルエットがきれいに落ちます。デニムの色落ち加減がちょうど良かったです。155cmでS、着丈48cm・ウエスト66cmは表記どおりでした。タイツを合わせれば秋冬もいけそうです。リピートしたいと思える一枚です。,5,2026-07-12 20:10:00 UTC,ニナ,irregular-design-blue-de-2@example.invalid,,irregular-design-blue-denim-skirt,,
お気に入りになりました,厚すぎず長い期間着られそうです。編み地がしっかりしていて安っぽくありません。161cmでM、着丈56cm・胸囲85cmは表記どおりでした。体のラインがきれいに出ます。色はグレーを選びました。ロングスカートと合わせるのが気に入っています。出番が多くなりそうです。,5,2026-07-29 21:05:54 UTC,イロハ,butterfly-design-slim-kn-1@example.invalid,,butterfly-design-slim-knitted-shirt,,
可愛いです,一枚で着ても様になります。編み地がしっかりしていて安っぽくありません。151cmでS、着丈54cm・胸囲80cmは表記どおりでした。体のラインがきれいに出ます。インナーを足して重ね着もできます。また色違いも欲しくなりました。,5,2026-03-20 04:48:29 UTC,ニナ,butterfly-design-slim-kn-2@example.invalid,,butterfly-design-slim-knitted-shirt,,
色味が可愛い,肌ざわりが良くてチクチクしません。編み地がしっかりしていて安っぽくありません。151cmでS、着丈54cm・胸囲80cmは表記どおりでした。色はブルーを選びました。インナーを足して重ね着もできます。また色違いも欲しくなりました。,5,2026-04-02 09:34:22 UTC,フウカ,warm-fluffy-doll-collar--1@example.invalid,,warm-fluffy-doll-collar-sweater,,
高見えします,一枚で着ても様になります。編み地がしっかりしていて安っぽくありません。165cmでL、着丈56cm・胸囲88cmは表記どおりでした。パンツでもスカートでも合います。買ってよかったです。,5,2026-03-14 17:42:51 UTC,リオ,warm-fluffy-doll-collar--2@example.invalid,,warm-fluffy-doll-collar-sweater,,
期待どおりでした,腰まわりが楽でした。デニムの色落ち加減がちょうど良かったです。160cmでM、着丈103cm・ウエスト72cmは表記どおりでした。色はデニムブルーを選びました。ヒールを合わせると綺麗めになります。リピートしたいと思える一枚です。,5,2026-05-27 21:07:19 UTC,ヒナ,denim-overalls-1@example.invalid,,denim-overalls,,
買ってよかった,カジュアルすぎず履けます。デニムの色落ち加減がちょうど良かったです。158cmでM、着丈103cm・ウエスト72cmは表記どおりでした。ヒールを合わせると綺麗めになります。長く着られそうです。,5,2026-06-11 18:39:27 UTC,ユナ,denim-overalls-2@example.invalid,,denim-overalls,,
リピートしたいです,思っていたより丁寧な作りでした。編み地がしっかりしていて安っぽくありません。154cmでFを着用してちょうど良かったです。色はLを選びました。小物次第で印象を変えられます。買ってよかったです。,5,2026-07-15 22:16:53 UTC,マイ,original-design-cold-pro-1@example.invalid,,original-design-cold-proof-velvet-knit-hat,,
可愛いです,雰囲気が出て気に入りました。編み地がしっかりしていて安っぽくありません。152cmでFを着用してちょうど良かったです。小物次第で印象を変えられます。この価格でこの質感なら満足です。,5,2026-07-11 06:34:47 UTC,ユイ,original-design-cold-pro-2@example.invalid,,original-design-cold-proof-velvet-knit-hat,,
使いやすいです,顔まわりが明るく見えます。リボンの位置が可愛くて気に入りました。162cmでM、着丈53cm・胸囲86cmは表記どおりでした。ゆとりがあって締めつけ感がありません。色はブラックを選びました。羽織りものとの相性も良さそうです。また色違いも欲しくなりました。,5,2026-04-09 11:03:54 UTC,リコ,bow-knot-plaid-oversized-1@example.invalid,,bow-knot-plaid-oversized-shirt,,
お気に入りになりました,合わせやすくて出番が多そうです。チェック柄の色合いが落ち着いていました。172cmでL、着丈54cm・胸囲90cmは表記どおりでした。オーバーサイズですが着られている感じにはなりません。デニムに合わせるだけで決まりました。友達にも聞かれました。,5,2026-05-26 05:15:51 UTC,スミレ,bow-knot-plaid-oversized-2@example.invalid,,bow-knot-plaid-oversized-shirt,,
着心地が良いです,合わせやすくて出番が多そうです。チェック柄の色合いが落ち着いていました。157cmでS、着丈52cm・胸囲82cmは表記どおりでした。色はグリーンを選びました。デニムに合わせるだけで決まりました。この価格でこの質感なら満足です。,5,2026-05-28 03:28:19 UTC,シオリ,plaid-bubble-sleeve-blou-1@example.invalid,,plaid-bubble-sleeve-blouse,,
色味が可愛い,形がきれいで一枚で決まります。チェック柄の色合いが落ち着いていました。165cmでM、着丈53cm・胸囲86cmは表記どおりでした。スカートに合わせると女性らしくなります。買ってよかったです。,5,2026-07-29 10:00:27 UTC,ヒヨリ,plaid-bubble-sleeve-blou-2@example.invalid,,plaid-bubble-sleeve-blouse,,
使いやすいです,丈感がちょうど良かったです。チェック柄の色合いが落ち着いていました。169cmでL、着丈50cm・ウエスト74cmは表記どおりでした。色はレッドを選びました。タイツを合わせれば秋冬もいけそうです。買ってよかったです。,5,2026-05-03 12:15:29 UTC,ミサキ,american-retro-red-plaid-1@example.invalid,,american-retro-red-plaid-skirt,,
お気に入りになりました,一枚で雰囲気が出ます。レトロな雰囲気が可愛いです。160cmでM、着丈49cm・ウエスト70cmは表記どおりでした。スニーカーでも綺麗めでも合わせられます。友達にも聞かれました。,5,2026-06-23 15:48:38 UTC,ナオ,american-retro-red-plaid-2@example.invalid,,american-retro-red-plaid-skirt,,
丈感がちょうどいい,一枚で着ても様になります。編み地がしっかりしていて安っぽくありません。172cmでL、着丈56cm・胸囲88cmは表記どおりでした。色はブラックを選びました。インナーを足して重ね着もできます。出番が多くなりそうです。,5,2026-06-14 22:00:31 UTC,ルナ,american-retro-knitted-s-1@example.invalid,,american-retro-knitted-shirt,,
雰囲気が可愛い,肌ざわりが良くてチクチクしません。レトロな雰囲気が可愛いです。151cmでS、着丈54cm・胸囲80cmは表記どおりでした。パンツでもスカートでも合います。出番が多くなりそうです。,5,2026-04-07 09:11:32 UTC,ソラ,american-retro-knitted-s-2@example.invalid,,american-retro-knitted-shirt,,
着心地が良いです,顔まわりが明るく見えます。透け感は控えめでインナー次第で調整できます。165cmでM、着丈53cm・胸囲86cmは表記どおりでした。色はアプリコットを選びました。デニムに合わせるだけで決まりました。この価格でこの質感なら満足です。,5,2026-03-13 05:14:34 UTC,リオ,spring-semi-sheer-long-s-1@example.invalid,,spring-semi-sheer-long-shirt,,
高見えします,形がきれいで一枚で決まります。透け感は控えめでインナー次第で調整できます。156cmでM、着丈53cm・胸囲86cmは表記どおりでした。デニムに合わせるだけで決まりました。長く着られそうです。,5,2026-07-25 06:17:06 UTC,カレン,spring-semi-sheer-long-s-2@example.invalid,,spring-semi-sheer-long-shirt,,
写真どおりでした,動きやすくて助かります。ハイウエストで脚が長く見えます。166cmでL、ウエスト76cmは表記どおりでした。色はホワイトを選びました。ヒールを合わせると綺麗めになります。期待どおりでした。,5,2026-04-27 17:01:02 UTC,アンナ,retro-white-high-waist-w-1@example.invalid,,retro-white-high-waist-wide-leg-pants,,
可愛いです,カジュアルすぎず履けます。レトロな雰囲気が可愛いです。162cmでL、ウエスト76cmは表記どおりでした。ヒールを合わせると綺麗めになります。この価格でこの質感なら満足です。,5,2026-03-31 02:11:53 UTC,リオ,retro-white-high-waist-w-2@example.invalid,,retro-white-high-waist-wide-leg-pants,,
可愛いです,一枚で着ても様になります。編み地がしっかりしていて安っぽくありません。166cmでL、着丈56cm・胸囲88cmは表記どおりでした。色はブルーを選びました。インナーを足して重ね着もできます。リピートしたいと思える一枚です。,5,2026-06-09 20:14:15 UTC,リン,retro-polo-collar-zipper-1@example.invalid,,retro-polo-collar-zipper-knit-shirt,,
色味が可愛い,厚すぎず長い期間着られそうです。レトロな雰囲気が可愛いです。164cmでM、着丈56cm・胸囲85cmは表記どおりでした。インナーを足して重ね着もできます。出番が多くなりそうです。,5,2026-07-09 15:03:59 UTC,ミク,retro-polo-collar-zipper-2@example.invalid,,retro-polo-collar-zipper-knit-shirt,,
お気に入りになりました,動きやすくて助かります。チェック柄の色合いが落ち着いていました。157cmでS、着丈101cm・ウエスト68cmは表記どおりでした。色はブルーを選びました。スニーカーでラフに履いています。友達にも聞かれました。,5,2026-04-02 09:14:26 UTC,シオリ,vintage-check-blue-brown-1@example.invalid,,vintage-check-blue-brown-pants,,
可愛いです,カジュアルすぎず履けます。レトロな雰囲気が可愛いです。164cmでM、着丈103cm・ウエスト72cmは表記どおりでした。スニーカーでラフに履いています。リピートしたいと思える一枚です。,5,2026-04-05 11:30:30 UTC,スミレ,vintage-check-blue-brown-2@example.invalid,,vintage-check-blue-brown-pants,,
丈感がちょうどいい,羽織るだけで様になります。チェック柄の色合いが落ち着いていました。151cmでS、着丈59cm・胸囲104cmは表記どおりでした。色はダークブルーを選びました。シンプルな中身でもこれ一枚で決まります。リピートしたいと思える一枚です。,5,2026-05-03 02:44:27 UTC,マナ,thickened-velvet-blue-ch-1@example.invalid,,thickened-velvet-blue-check-cotton-jacket,,
雰囲気が可愛い,季節の変わり目に重宝しそうです。チェック柄の色合いが落ち着いていました。156cmでS、着丈59cm・胸囲104cmは表記どおりでした。シンプルな中身でもこれ一枚で決まります。この価格でこの質感なら満足です。,5,2026-07-13 00:49:42 UTC,アンナ,thickened-velvet-blue-ch-2@example.invalid,,thickened-velvet-blue-check-cotton-jacket,,
丈感がちょうどいい,思ったより軽くて着やすいです。リボンの位置が可愛くて気に入りました。150cmでS、着丈59cm・胸囲104cmは表記どおりでした。色はブラックを選びました。シンプルな中身でもこれ一枚で決まります。買ってよかったです。,5,2026-07-01 02:00:49 UTC,ツムギ,premium-bow-black-pu-lea-1@example.invalid,,premium-bow-black-pu-leather-jacket,,
着心地が良いです,羽織るだけで様になります。リボンの位置が可愛くて気に入りました。152cmでS、着丈59cm・胸囲104cmは表記どおりでした。色味が落ち着いているので合わせやすいです。リピートしたいと思える一枚です。,5,2026-05-06 13:09:11 UTC,サヤ,premium-bow-black-pu-lea-2@example.invalid,,premium-bow-black-pu-leather-jacket,,
高見えします,一枚で着ても様になります。編み地がしっかりしていて安っぽくありません。159cmでM、着丈56cm・胸囲85cmは表記どおりでした。色はアプリコットを選びました。インナーを足して重ね着もできます。期待どおりでした。,5,2026-08-06 15:00:25 UTC,アイ,retro-v-neck-sweater-1@example.invalid,,retro-v-neck-sweater,,
買ってよかった,厚すぎず長い期間着られそうです。レトロな雰囲気が可愛いです。163cmでM、着丈56cm・胸囲85cmは表記どおりでした。ロングスカートと合わせるのが気に入っています。この価格でこの質感なら満足です。,5,2026-07-07 07:57:08 UTC,ナオ,retro-v-neck-sweater-2@example.invalid,,retro-v-neck-sweater,,
雰囲気が可愛い,形がきれいで一枚で決まります。158cmでS、着丈52cm・胸囲82cmは表記どおりでした。色はグレーを選びました。スカートに合わせると女性らしくなります。買ってよかったです。,5,2026-05-06 11:59:25 UTC,ユメ,american-polo-neck-t-shi-1@example.invalid,,american-polo-neck-t-shirt,,
使いやすいです,顔まわりが明るく見えます。172cmでL、着丈54cm・胸囲90cmは表記どおりでした。デニムに合わせるだけで決まりました。長く着られそうです。,5,2026-07-05 19:15:46 UTC,サキ,american-polo-neck-t-shi-2@example.invalid,,american-polo-neck-t-shirt,,
雰囲気が可愛い,カジュアルすぎず履けます。166cmでL、着丈105cm・ウエスト76cmは表記どおりでした。ゆとりがあって締めつけ感がありません。色はグレーを選びました。コンパクトなトップスと相性が良いです。この価格でこの質感なら満足です。,5,2026-05-12 02:43:43 UTC,イロハ,drape-tie-straight-leg-s-1@example.invalid,,drape-tie-straight-leg-sweatpants,,
使いやすいです,動きやすくて助かります。155cmでM、着丈103cm・ウエスト72cmは表記どおりでした。ゆとりがあって締めつけ感がありません。スニーカーでラフに履いています。また色違いも欲しくなりました。,5,2026-07-11 22:53:05 UTC,ナオ,drape-tie-straight-leg-s-2@example.invalid,,drape-tie-straight-leg-sweatpants,,
丈感がちょうどいい,一枚で着ても様になります。編み地がしっかりしていて安っぽくありません。152cmでS、着丈54cm・胸囲80cmは表記どおりでした。体のラインがきれいに出ます。色はブラックを選びました。インナーを足して重ね着もできます。買ってよかったです。,5,2026-05-01 06:48:06 UTC,ニナ,slim-turtleneck-knitted--1@example.invalid,,slim-turtleneck-knitted-top,,
買ってよかった,肌ざわりが良くてチクチクしません。編み地がしっかりしていて安っぽくありません。152cmでS、着丈54cm・胸囲80cmは表記どおりでした。体のラインがきれいに出ます。インナーを足して重ね着もできます。この価格でこの質感なら満足です。,5,2026-07-29 23:01:34 UTC,アヤ,slim-turtleneck-knitted--2@example.invalid,,slim-turtleneck-knitted-top,,
色味が可愛い,動きやすくて助かります。デニムの色落ち加減がちょうど良かったです。156cmでM、着丈103cm・ウエスト72cmは表記どおりでした。体のラインがきれいに出ます。色はデニムブルーを選びました。スニーカーでラフに履いています。また色違いも欲しくなりました。,5,2026-05-29 20:56:27 UTC,サヤ,washed-slim-straight-leg-1@example.invalid,,washed-slim-straight-leg-jeans,,
雰囲気が可愛い,腰まわりが楽でした。デニムの色落ち加減がちょうど良かったです。168cmでL、着丈105cm・ウエスト76cmは表記どおりでした。体のラインがきれいに出ます。スニーカーでラフに履いています。この価格でこの質感なら満足です。,5,2026-07-22 15:30:29 UTC,トワ,washed-slim-straight-leg-2@example.invalid,,washed-slim-straight-leg-jeans,,
雰囲気が可愛い,合わせやすくて出番が多そうです。チェック柄の色合いが落ち着いていました。160cmでM、着丈53cm・胸囲86cmは表記どおりでした。色はブルーを選びました。羽織りものとの相性も良さそうです。リピートしたいと思える一枚です。,5,2026-05-04 09:15:42 UTC,アオイ,american-retro-blue-chec-1@example.invalid,,american-retro-blue-check-shirt,,
お気に入りになりました,形がきれいで一枚で決まります。レトロな雰囲気が可愛いです。148cmでS、着丈52cm・胸囲82cmは表記どおりでした。デニムに合わせるだけで決まりました。また色違いも欲しくなりました。,5,2026-06-03 19:48:44 UTC,ヒナ,american-retro-blue-chec-2@example.invalid,,american-retro-blue-check-shirt,,
色味が可愛い,肌ざわりが良くてチクチクしません。編み地がしっかりしていて安っぽくありません。155cmでS、着丈81cm・ウエスト66cmは表記どおりでした。色はカーキを選びました。パンツでもスカートでも合います。友達にも聞かれました。,5,2026-05-24 12:09:27 UTC,スミレ,vintage-literary-knit-lo-1@example.invalid,,vintage-literary-knit-long-dress,,
丈感がちょうどいい,厚すぎず長い期間着られそうです。レトロな雰囲気が可愛いです。149cmでS、着丈81cm・ウエスト66cmは表記どおりでした。ロングスカートと合わせるのが気に入っています。また色違いも欲しくなりました。,5,2026-04-07 05:37:39 UTC,アカリ,vintage-literary-knit-lo-2@example.invalid,,vintage-literary-knit-long-dress,,
リピートしたいです,色味が揃っていて統一感があります。レースの繊細さが写真以上でした。148cmでXSを着用してちょうど良かったです。色はホワイトを選びました。小物を足すと印象が変わります。期待どおりでした。,5,2026-06-01 20:31:33 UTC,アイ,lace-shirt-skirt-long-sk-1@example.invalid,,lace-shirt-skirt-long-skirt,,
お気に入りになりました,セットでも単品でも使えます。レースの繊細さが写真以上でした。161cmでM、着丈49cm・ウエスト70cmは表記どおりでした。トップスだけ単品でも使えそうです。この価格でこの質感なら満足です。,5,2026-07-17 05:44:35 UTC,ユイ,lace-shirt-skirt-long-sk-2@example.invalid,,lace-shirt-skirt-long-skirt,,
丈感がちょうどいい,スタイルよく見えます。158cmでS、着丈81cm・ウエスト66cmは表記どおりでした。色はブラックを選びました。そのままでも十分様になります。出番が多くなりそうです。,5,2026-04-21 19:17:21 UTC,アイ,niche-romantic-oil-paint-1@example.invalid,,niche-romantic-oil-painting-style-suspender-dress,,
着心地が良いです,一枚で着られるので楽です。146cmでXSを着用してちょうど良かったです。そのままでも十分様になります。友達にも聞かれました。,5,2026-05-22 13:42:54 UTC,セナ,niche-romantic-oil-paint-2@example.invalid,,niche-romantic-oil-painting-style-suspender-dress,,
着心地が良いです,合わせやすくて出番が多そうです。プリーツがしっかりついていて動くたびにきれいです。164cmでM、着丈53cm・胸囲86cmは表記どおりでした。色はグレーを選びました。羽織りものとの相性も良さそうです。この価格でこの質感なら満足です。,5,2026-06-01 19:19:19 UTC,カレン,grey-racer-pleated-sleev-1@example.invalid,,grey-racer-pleated-sleeveless-top,,
色味が可愛い,形がきれいで一枚で決まります。プリーツがしっかりついていて動くたびにきれいです。150cmでS、着丈52cm・胸囲82cmは表記どおりでした。羽織りものとの相性も良さそうです。また色違いも欲しくなりました。,5,2026-07-11 20:05:22 UTC,リコ,grey-racer-pleated-sleev-2@example.invalid,,grey-racer-pleated-sleeveless-top,,
高見えします,一枚で着られるので楽です。163cmでM、着丈82cm・ウエスト70cmは表記どおりでした。色はブラックを選びました。そのままでも十分様になります。また色違いも欲しくなりました。,5,2026-05-13 03:29:12 UTC,ノア,v-neck-jacquard-commuter-1@example.invalid,,v-neck-jacquard-commuter-dress,,
使いやすいです,スタイルよく見えます。158cmでS、着丈81cm・ウエスト66cmは表記どおりでした。羽織りものを足せば長く着られそうです。期待どおりでした。,5,2026-04-18 23:17:44 UTC,ユメ,v-neck-jacquard-commuter-2@example.invalid,,v-neck-jacquard-commuter-dress,,
高見えします,動きやすくて助かります。157cmでM、着丈103cm・ウエスト72cmは表記どおりでした。色はブラックを選びました。コンパクトなトップスと相性が良いです。出番が多くなりそうです。,5,2026-06-12 16:05:25 UTC,ニナ,mid-rise-sequin-track-pa-1@example.invalid,,mid-rise-sequin-track-pants,,
雰囲気が可愛い,腰まわりが楽でした。147cmでXSを着用してちょうど良かったです。ヒールを合わせると綺麗めになります。友達にも聞かれました。,5,2026-04-11 03:44:58 UTC,マイ,mid-rise-sequin-track-pa-2@example.invalid,,mid-rise-sequin-track-pants,,
高見えします,色味が揃っていて統一感があります。レースの繊細さが写真以上でした。150cmでXSを着用してちょうど良かったです。色はブラウンを選びました。小物を足すと印象が変わります。また色違いも欲しくなりました。,5,2026-07-25 11:03:29 UTC,カレン,lace-trim-suspender-skir-1@example.invalid,,lace-trim-suspender-skirt-and-top-set-up,,
期待どおりでした,セットでも単品でも使えます。レースの繊細さが写真以上でした。158cmでS、着丈48cm・ウエスト66cmは表記どおりでした。セットで着ると一気にまとまります。また色違いも欲しくなりました。,5,2026-07-15 05:33:50 UTC,ナギサ,lace-trim-suspender-skir-2@example.invalid,,lace-trim-suspender-skirt-and-top-set-up,,
使いやすいです,上下揃っているので迷わず着られます。レースの繊細さが写真以上でした。164cmでM、着丈82cm・ウエスト70cmは表記どおりでした。色はグレーを選びました。セットで着ると一気にまとまります。期待どおりでした。,5,2026-07-10 05:14:10 UTC,ユナ,gray-lace-contrast-suspe-1@example.invalid,,gray-lace-contrast-suspender-dress-set,,
期待どおりでした,色味が揃っていて統一感があります。レースの繊細さが写真以上でした。162cmでM、着丈82cm・ウエスト70cmは表記どおりでした。セットで着ると一気にまとまります。リピートしたいと思える一枚です。,5,2026-07-25 23:26:26 UTC,レイ,gray-lace-contrast-suspe-2@example.invalid,,gray-lace-contrast-suspender-dress-set,,
着心地が良いです,一枚で着られるので楽です。160cmでM、着丈82cm・ウエスト70cmは表記どおりでした。色はグレーを選びました。そのままでも十分様になります。友達にも聞かれました。,5,2026-06-29 23:04:16 UTC,ヒナ,skin-friendly-simple-sli-1@example.invalid,,skin-friendly-simple-slip-dress,,
期待どおりでした,スタイルよく見えます。155cmでM、着丈82cm・ウエスト70cmは表記どおりでした。小物次第で印象を変えられます。期待どおりでした。,5,2026-04-13 16:17:21 UTC,マオ,skin-friendly-simple-sli-2@example.invalid,,skin-friendly-simple-slip-dress,,
お気に入りになりました,一枚で着られるので楽です。レースの繊細さが写真以上でした。147cmでXSを着用してちょうど良かったです。色はブラックを選びました。そのままでも十分様になります。リピートしたいと思える一枚です。,5,2026-03-16 13:59:24 UTC,チヒロ,summer-lace-jacquard-dre-1@example.invalid,,summer-lace-jacquard-dress,,
着心地が良いです,シーンを選ばず着られそうです。レースの繊細さが写真以上でした。163cmでM、着丈82cm・ウエスト70cmは表記どおりでした。小物次第で印象を変えられます。友達にも聞かれました。,5,2026-04-13 06:34:34 UTC,ヒヨリ,summer-lace-jacquard-dre-2@example.invalid,,summer-lace-jacquard-dress,,
使いやすいです,合わせやすくて出番が多そうです。155cmでM、着丈53cm・胸囲86cmは表記どおりでした。色はブラックを選びました。スカートに合わせると女性らしくなります。この価格でこの質感なら満足です。,5,2026-04-14 11:01:09 UTC,レイ,shirred-commuter-t-shirt-1@example.invalid,,shirred-commuter-t-shirt,,
写真どおりでした,形がきれいで一枚で決まります。165cmでM、着丈53cm・胸囲86cmは表記どおりでした。羽織りものとの相性も良さそうです。期待どおりでした。,5,2026-04-29 08:39:35 UTC,ソラ,shirred-commuter-t-shirt-2@example.invalid,,shirred-commuter-t-shirt,,
写真どおりでした,色味が揃っていて統一感があります。レースの繊細さが写真以上でした。153cmでS、着丈81cm・ウエスト66cmは表記どおりでした。色はホワイトを選びました。小物を足すと印象が変わります。買ってよかったです。,5,2026-03-07 05:18:04 UTC,アヤ,luxury-lace-sundress-set-1@example.invalid,,luxury-lace-sundress-set-up,,
お気に入りになりました,上下揃っているので迷わず着られます。レースの繊細さが写真以上でした。155cmでS、着丈81cm・ウエスト66cmは表記どおりでした。小物を足すと印象が変わります。長く着られそうです。,5,2026-04-14 10:49:30 UTC,カレン,luxury-lace-sundress-set-2@example.invalid,,luxury-lace-sundress-set-up,,
期待どおりでした,肌ざわりが良くてチクチクしません。編み地がしっかりしていて安っぽくありません。158cmでS、着丈54cm・胸囲80cmは表記どおりでした。色はグレーを選びました。パンツでもスカートでも合います。リピートしたいと思える一枚です。,5,2026-05-18 13:38:19 UTC,ヒナ,herbaceous-grey-knit-sui-1@example.invalid,,herbaceous-grey-knit-suit-set-up,,
写真どおりでした,厚すぎず長い期間着られそうです。編み地がしっかりしていて安っぽくありません。165cmでM、着丈56cm・胸囲85cmは表記どおりでした。ロングスカートと合わせるのが気に入っています。長く着られそうです。,5,2026-04-07 10:13:30 UTC,アヤ,herbaceous-grey-knit-sui-2@example.invalid,,herbaceous-grey-knit-suit-set-up,,
使いやすいです,思ったより軽くて着やすいです。160cmでM、着丈62cm・胸囲110cmは表記どおりでした。色はブラックを選びました。丈の短いトップスと相性が良いです。また色違いも欲しくなりました。,5,2026-07-04 03:18:19 UTC,リオ,elegant-black-twist-card-1@example.invalid,,elegant-black-twist-cardigan-top,,
高見えします,羽織るだけで様になります。158cmでS、着丈59cm・胸囲104cmは表記どおりでした。色味が落ち着いているので合わせやすいです。長く着られそうです。,5,2026-05-08 09:09:47 UTC,セナ,elegant-black-twist-card-2@example.invalid,,elegant-black-twist-cardigan-top,,
可愛いです,顔まわりが明るく見えます。リボンの位置が可愛くて気に入りました。165cmでM、着丈53cm・胸囲86cmは表記どおりでした。色はグレーを選びました。デニムに合わせるだけで決まりました。期待どおりでした。,5,2026-06-24 01:44:40 UTC,ナナ,bow-print-off-the-should-1@example.invalid,,bow-print-off-the-shoulder-top,,
写真どおりでした,合わせやすくて出番が多そうです。肩の出方がちょうど良いバランスでした。157cmでS、着丈52cm・胸囲82cmは表記どおりでした。デニムに合わせるだけで決まりました。また色違いも欲しくなりました。,5,2026-03-03 21:01:39 UTC,アンナ,bow-print-off-the-should-2@example.invalid,,bow-print-off-the-shoulder-top,,
お気に入りになりました,シルエットがきれいに落ちます。レースの繊細さが写真以上でした。160cmでM、着丈49cm・ウエスト70cmは表記どおりでした。色はホワイトを選びました。タイツを合わせれば秋冬もいけそうです。長く着られそうです。,5,2026-03-27 16:01:02 UTC,ナギサ,amber-faith-lace-embroid-1@example.invalid,,amber-faith-lace-embroidered-skirt,,
期待どおりでした,丈感がちょうど良かったです。刺繍が丁寧で高見えします。159cmでM、着丈49cm・ウエスト70cmは表記どおりでした。タイツを合わせれば秋冬もいけそうです。友達にも聞かれました。,5,2026-06-13 11:38:00 UTC,アヤ,amber-faith-lace-embroid-2@example.invalid,,amber-faith-lace-embroidered-skirt,,
着心地が良いです,色味が揃っていて統一感があります。159cmでM、着丈49cm・ウエスト70cmは表記どおりでした。色はスカイブルーを選びました。トップスだけ単品でも使えそうです。期待どおりでした。,5,2026-07-26 07:58:55 UTC,リコ,blue-hour-diamond-collar-1@example.invalid,,blue-hour-diamond-collar-skirt-set-up,,
使いやすいです,セットでも単品でも使えます。152cmでS、着丈48cm・ウエスト66cmは表記どおりでした。トップスだけ単品でも使えそうです。リピートしたいと思える一枚です。,5,2026-04-30 11:04:37 UTC,キョウカ,blue-hour-diamond-collar-2@example.invalid,,blue-hour-diamond-collar-skirt-set-up,,
可愛いです,スタイルよく見えます。ドット柄の大きさがちょうど良いです。146cmでXSを着用してちょうど良かったです。色はホワイトを選びました。小物次第で印象を変えられます。長く着られそうです。,5,2026-04-09 21:24:44 UTC,ルナ,polka-dot-plum-blossom-d-1@example.invalid,,polka-dot-plum-blossom-dress,,
写真どおりでした,一枚で着られるので楽です。ドット柄の大きさがちょうど良いです。149cmでS、着丈81cm・ウエスト66cmは表記どおりでした。羽織りものを足せば長く着られそうです。買ってよかったです。,5,2026-05-20 14:56:12 UTC,トワ,polka-dot-plum-blossom-d-2@example.invalid,,polka-dot-plum-blossom-dress,,
写真どおりでした,肩紐の位置がちょうど良かったです。レースの繊細さが写真以上でした。150cmでS、着丈52cm・胸囲82cmは表記どおりでした。色はグレーを選びました。ハイウエストのボトムスと合わせています。また色違いも欲しくなりました。,5,2026-03-02 22:58:37 UTC,アイ,the-smell-of-firs-lace-c-1@example.invalid,,the-smell-of-firs-lace-camisole-top,,
高見えします,一枚でもインナーとしても使えます。レースの繊細さが写真以上でした。155cmでM、着丈53cm・胸囲86cmは表記どおりでした。カーディガンと重ねても可愛いです。友達にも聞かれました。,5,2026-05-17 21:09:05 UTC,ミナ,the-smell-of-firs-lace-c-2@example.invalid,,the-smell-of-firs-lace-camisole-top,,
期待どおりでした,丈感がちょうど良かったです。レースの繊細さが写真以上でした。162cmでM、着丈49cm・ウエスト70cmは表記どおりでした。色はブラックを選びました。スニーカーでも綺麗めでも合わせられます。長く着られそうです。,5,2026-04-06 11:02:19 UTC,ユキ,versatile-black-lace-ski-1@example.invalid,,versatile-black-lace-skirt,,
色味が可愛い,シルエットがきれいに落ちます。レースの繊細さが写真以上でした。160cmでM、着丈49cm・ウエスト70cmは表記どおりでした。シンプルなトップスを合わせるだけで成立します。リピートしたいと思える一枚です。,5,2026-03-27 09:07:16 UTC,セナ,versatile-black-lace-ski-2@example.invalid,,versatile-black-lace-skirt,,
色味が可愛い,シルエットがきれいに落ちます。153cmでS、着丈48cm・ウエスト66cmは表記どおりでした。色はブラウンレッドを選びました。シンプルなトップスを合わせるだけで成立します。また色違いも欲しくなりました。,5,2026-08-09 11:49:56 UTC,フウカ,ancola-red-velvet-heavy--1@example.invalid,,ancola-red-velvet-heavy-industries-skirt,,
着心地が良いです,丈感がちょうど良かったです。161cmでM、着丈49cm・ウエスト70cmは表記どおりでした。スニーカーでも綺麗めでも合わせられます。友達にも聞かれました。,5,2026-07-27 02:37:17 UTC,リコ,ancola-red-velvet-heavy--2@example.invalid,,ancola-red-velvet-heavy-industries-skirt,,
使いやすいです,肌ざわりが良くてチクチクしません。花柄が派手すぎず上品でした。148cmでS、着丈54cm・胸囲80cmは表記どおりでした。色はホワイトを選びました。パンツでもスカートでも合います。期待どおりでした。,5,2026-04-20 19:27:11 UTC,ユキ,three-dimensional-flower-1@example.invalid,,three-dimensional-flower-knitted-set-up,,
丈感がちょうどいい,厚すぎず長い期間着られそうです。編み地がしっかりしていて安っぽくありません。164cmでM、着丈56cm・胸囲85cmは表記どおりでした。パンツでもスカートでも合います。長く着られそうです。,5,2026-04-07 06:39:34 UTC,ノア,three-dimensional-flower-2@example.invalid,,three-dimensional-flower-knitted-set-up,,
リピートしたいです,肌ざわりが良くてチクチクしません。編み地がしっかりしていて安っぽくありません。155cmでS、着丈54cm・胸囲80cmは表記どおりでした。色はホワイトを選びました。インナーを足して重ね着もできます。期待どおりでした。,5,2026-07-28 19:46:39 UTC,カレン,versatile-knitted-cloud--1@example.invalid,,versatile-knitted-cloud-white-vest,,
可愛いです,厚すぎず長い期間着られそうです。編み地がしっかりしていて安っぽくありません。163cmでM、着丈56cm・胸囲85cmは表記どおりでした。インナーを足して重ね着もできます。友達にも聞かれました。,5,2026-06-27 17:57:33 UTC,キョウカ,versatile-knitted-cloud--2@example.invalid,,versatile-knitted-cloud-white-vest,,
雰囲気が可愛い,スタイルよく見えます。148cmでS、着丈81cm・ウエスト66cmは表記どおりでした。色はブラウンレッドを選びました。羽織りものを足せば長く着られそうです。期待どおりでした。,5,2026-07-24 02:54:31 UTC,アンナ,beads-heavy-industries-v-1@example.invalid,,beads-heavy-industries-velvet-dress,,
可愛いです,一枚で着られるので楽です。158cmでS、着丈81cm・ウエスト66cmは表記どおりでした。小物次第で印象を変えられます。リピートしたいと思える一枚です。,5,2026-07-20 01:05:07 UTC,カレン,beads-heavy-industries-v-2@example.invalid,,beads-heavy-industries-velvet-dress,,
着心地が良いです,シーンを選ばず着られそうです。レースの繊細さが写真以上でした。146cmでXSを着用してちょうど良かったです。色はホワイトを選びました。小物次第で印象を変えられます。期待どおりでした。,5,2026-05-22 15:06:09 UTC,ナナ,lace-heavy-industry-maxi-1@example.invalid,,lace-heavy-industry-maxi-dress,,
リピートしたいです,一枚で着られるので楽です。レースの繊細さが写真以上でした。159cmでM、着丈82cm・ウエスト70cmは表記どおりでした。そのままでも十分様になります。出番が多くなりそうです。,5,2026-03-31 20:41:26 UTC,コハル,lace-heavy-industry-maxi-2@example.invalid,,lace-heavy-industry-maxi-dress,,
可愛いです,丈感がちょうど良かったです。プリーツがしっかりついていて動くたびにきれいです。149cmでS、着丈48cm・ウエスト66cmは表記どおりでした。色はブラックを選びました。シンプルなトップスを合わせるだけで成立します。リピートしたいと思える一枚です。,5,2026-04-27 09:32:00 UTC,エマ,double-waist-pleated-a-l-1@example.invalid,,double-waist-pleated-a-line-skirt,,
雰囲気が可愛い,一枚で雰囲気が出ます。Aラインのシルエットがきれいに出ます。152cmでS、着丈48cm・ウエスト66cmは表記どおりでした。スニーカーでも綺麗めでも合わせられます。この価格でこの質感なら満足です。,5,2026-04-26 10:46:44 UTC,ユナ,double-waist-pleated-a-l-2@example.invalid,,double-waist-pleated-a-line-skirt,,
着心地が良いです,シーンを選ばず着られそうです。155cmでM、着丈82cm・ウエスト70cmは表記どおりでした。色はホワイトを選びました。小物次第で印象を変えられます。友達にも聞かれました。,5,2026-07-05 09:05:53 UTC,エマ,greece-goddess-embossed--1@example.invalid,,greece-goddess-embossed-long-dress,,
雰囲気が可愛い,スタイルよく見えます。157cmでS、着丈81cm・ウエスト66cmは表記どおりでした。そのままでも十分様になります。リピートしたいと思える一枚です。,5,2026-04-11 21:58:42 UTC,ナナ,greece-goddess-embossed--2@example.invalid,,greece-goddess-embossed-long-dress,,
写真どおりでした,合わせやすくて出番が多そうです。レースの繊細さが写真以上でした。149cmでS、着丈52cm・胸囲82cmは表記どおりでした。体のラインがきれいに出ます。色はホワイトを選びました。羽織りものとの相性も良さそうです。出番が多くなりそうです。,5,2026-04-28 23:14:29 UTC,ミナ,slim-lace-strap-base-lay-1@example.invalid,,slim-lace-strap-base-layer-top,,
買ってよかった,顔まわりが明るく見えます。レースの繊細さが写真以上でした。160cmでM、着丈53cm・胸囲86cmは表記どおりでした。体のラインがきれいに出ます。デニムに合わせるだけで決まりました。この価格でこの質感なら満足です。,5,2026-05-19 10:00:36 UTC,ユナ,slim-lace-strap-base-lay-2@example.invalid,,slim-lace-strap-base-layer-top,,
買ってよかった,羽織るだけで様になります。レースの繊細さが写真以上でした。150cmでS、着丈101cm・ウエスト68cmは表記どおりでした。体のラインがきれいに出ます。色はミスティグレーを選びました。色味が落ち着いているので合わせやすいです。期待どおりでした。,5,2026-04-16 10:24:54 UTC,モモ,casual-slim-jacket-wide--1@example.invalid,,casual-slim-jacket-wide-lace-pants-set-up,,
高見えします,思ったより軽くて着やすいです。レースの繊細さが写真以上でした。150cmでXSを着用してちょうど良かったです。体のラインがきれいに出ます。丈の短いトップスと相性が良いです。また色違いも欲しくなりました。,5,2026-05-24 18:07:27 UTC,ソラ,casual-slim-jacket-wide--2@example.invalid,,casual-slim-jacket-wide-lace-pants-set-up,,
着心地が良いです,一枚で着られるので楽です。158cmでM、着丈82cm・ウエスト70cmは表記どおりでした。色はブラックを選びました。そのままでも十分様になります。長く着られそうです。,5,2026-07-22 05:11:03 UTC,マイ,elegant-waist-slip-dress-1@example.invalid,,elegant-waist-slip-dress,,
高見えします,スタイルよく見えます。151cmでXSを着用してちょうど良かったです。小物次第で印象を変えられます。買ってよかったです。,5,2026-07-23 19:27:12 UTC,コハル,elegant-waist-slip-dress-2@example.invalid,,elegant-waist-slip-dress,,
リピートしたいです,スタイルよく見えます。155cmでS、着丈81cm・ウエスト66cmは表記どおりでした。色はホワイトを選びました。小物次第で印象を変えられます。友達にも聞かれました。,5,2026-06-09 01:36:49 UTC,カレン,sporty-chic-bud-skirt-dr-1@example.invalid,,sporty-chic-bud-skirt-dress,,
可愛いです,一枚で着られるので楽です。156cmでM、着丈82cm・ウエスト70cmは表記どおりでした。羽織りものを足せば長く着られそうです。この価格でこの質感なら満足です。,5,2026-03-14 03:22:51 UTC,ホノカ,sporty-chic-bud-skirt-dr-2@example.invalid,,sporty-chic-bud-skirt-dress,,
買ってよかった,上下揃っているので迷わず着られます。158cmでS、着丈52cm・胸囲82cmは表記どおりでした。色はブラックを選びました。セットで着ると一気にまとまります。この価格でこの質感なら満足です。,5,2026-04-08 04:55:59 UTC,ユキ,elegant-one-shoulder-top-1@example.invalid,,elegant-one-shoulder-tops-set-up,,
リピートしたいです,セットでも単品でも使えます。160cmでM、着丈53cm・胸囲86cmは表記どおりでした。トップスだけ単品でも使えそうです。長く着られそうです。,5,2026-07-07 03:13:28 UTC,フウカ,elegant-one-shoulder-top-2@example.invalid,,elegant-one-shoulder-tops-set-up,,
高見えします,肌ざわりが良くてチクチクしません。編み地がしっかりしていて安っぽくありません。162cmでM、着丈56cm・胸囲85cmは表記どおりでした。色はホワイトを選びました。ロングスカートと合わせるのが気に入っています。出番が多くなりそうです。,5,2026-04-16 06:13:55 UTC,サラ,sporty-strap-knit-top-se-1@example.invalid,,sporty-strap-knit-top-set-up,,
リピートしたいです,厚すぎず長い期間着られそうです。編み地がしっかりしていて安っぽくありません。172cmでL、着丈56cm・胸囲88cmは表記どおりでした。パンツでもスカートでも合います。リピートしたいと思える一枚です。,5,2026-07-08 18:51:10 UTC,ナオ,sporty-strap-knit-top-se-2@example.invalid,,sporty-strap-knit-top-set-up,,
色味が可愛い,雰囲気が出て気に入りました。155cmでFを着用してちょうど良かったです。色は35を選びました。合わせるものを選ばないのが良いです。出番が多くなりそうです。,5,2026-05-20 13:02:11 UTC,カナ,relaxed-outdoor-soft-sol-1@example.invalid,,relaxed-outdoor-soft-sole-sneakers,,
丈感がちょうどいい,合わせやすくて出番が多そうです。168cmでFを着用してちょうど良かったです。合わせるものを選ばないのが良いです。出番が多くなりそうです。,5,2026-08-02 01:16:36 UTC,マイ,relaxed-outdoor-soft-sol-2@example.invalid,,relaxed-outdoor-soft-sole-sneakers,,
可愛いです,スタイルよく見えます。163cmでM、着丈82cm・ウエスト70cmは表記どおりでした。タイトですが窮屈さはありません。色はグレーを選びました。小物次第で印象を変えられます。長く着られそうです。,5,2026-07-06 20:12:24 UTC,キョウカ,tight-fit-slim-dress-1@example.invalid,,tight-fit-slim-dress,,
高見えします,シーンを選ばず着られそうです。165cmでM、着丈82cm・ウエスト70cmは表記どおりでした。体のラインがきれいに出ます。そのままでも十分様になります。出番が多くなりそうです。,5,2026-06-02 14:44:51 UTC,シオリ,tight-fit-slim-dress-2@example.invalid,,tight-fit-slim-dress,,
写真どおりでした,顔まわりが明るく見えます。157cmでM、着丈71cm・ウエスト83cmは表記どおりでした。色はホワイトを選びました。デニムに合わせるだけで決まりました。出番が多くなりそうです。,5,2026-04-20 14:37:02 UTC,イロハ,soft-breeze-top-1@example.invalid,,soft-breeze-top,,
丈感がちょうどいい,形がきれいで一枚で決まります。158cmでM、着丈71cm・ウエスト83cmは表記どおりでした。デニムに合わせるだけで決まりました。長く着られそうです。,5,2026-07-31 04:15:45 UTC,キョウカ,soft-breeze-top-2@example.invalid,,soft-breeze-top,,
丈感がちょうどいい,一枚で着られるので楽です。プリーツがしっかりついていて動くたびにきれいです。157cmでS、ウエスト68cm・胸囲86cmは表記どおりでした。色はライトブラウンを選びました。羽織りものを足せば長く着られそうです。期待どおりでした。,5,2026-08-08 15:13:20 UTC,ミク,pleated-textured-shirt-d-1@example.invalid,,pleated-textured-shirt-dress,,
お気に入りになりました,シーンを選ばず着られそうです。プリーツがしっかりついていて動くたびにきれいです。153cmでS、ウエスト68cm・胸囲86cmは表記どおりでした。羽織りものを足せば長く着られそうです。出番が多くなりそうです。,5,2026-06-28 13:28:08 UTC,ナオ,pleated-textured-shirt-d-2@example.invalid,,pleated-textured-shirt-dress,,
買ってよかった,スタイルよく見えます。レースの繊細さが写真以上でした。150cmでXS、胸囲82cm・総丈78cmは表記どおりでした。色はオークブラウンを選びました。小物次第で印象を変えられます。また色違いも欲しくなりました。,5,2026-04-17 04:38:43 UTC,ハルカ,nightfall-gingham-lace-m-1@example.invalid,,nightfall-gingham-lace-mini-dress,,
高見えします,シーンを選ばず着られそうです。レースの繊細さが写真以上でした。155cmでM、胸囲90cm・総丈82cmは表記どおりでした。そのままでも十分様になります。長く着られそうです。,5,2026-06-03 22:13:37 UTC,ノア,nightfall-gingham-lace-m-2@example.invalid,,nightfall-gingham-lace-mini-dress,,
色味が可愛い,スタイルよく見えます。152cmでS、胸囲92cm・総丈132cmは表記どおりでした。色はブラックを選びました。小物次第で印象を変えられます。期待どおりでした。,5,2026-07-24 06:55:24 UTC,エマ,fruitful-elegance-halter-1@example.invalid,,fruitful-elegance-halter-dress,,
雰囲気が可愛い,一枚で着られるので楽です。155cmでS、胸囲92cm・総丈132cmは表記どおりでした。羽織りものを足せば長く着られそうです。出番が多くなりそうです。,5,2026-07-31 00:20:40 UTC,マイ,fruitful-elegance-halter-2@example.invalid,,fruitful-elegance-halter-dress,,
高見えします,色味が揃っていて統一感があります。153cmでXS、着丈112cm・ウエスト89cmは表記どおりでした。色はホワイトを選びました。トップスだけ単品でも使えそうです。買ってよかったです。,5,2026-03-20 13:41:02 UTC,マオ,sycamore-rose-fiber-vest-1@example.invalid,,sycamore-rose-fiber-vest-balloon-dress,,
丈感がちょうどいい,セットでも単品でも使えます。157cmでM、着丈115cm・胸囲96cmは表記どおりでした。小物を足すと印象が変わります。リピートしたいと思える一枚です。,5,2026-06-04 18:32:29 UTC,キョウカ,sycamore-rose-fiber-vest-2@example.invalid,,sycamore-rose-fiber-vest-balloon-dress,,
可愛いです,丈感がちょうど良かったです。157cmでSを着用してちょうど良かったです。色はネイビーを選びました。スニーカーでも綺麗めでも合わせられます。出番が多くなりそうです。,5,2026-05-05 12:31:57 UTC,マリン,lime-bliss-boho-peplum-s-1@example.invalid,,lime-bliss-boho-peplum-skirt,,
リピートしたいです,シルエットがきれいに落ちます。148cmでXSを着用してちょうど良かったです。スニーカーでも綺麗めでも合わせられます。買ってよかったです。,5,2026-05-09 10:50:22 UTC,モモ,lime-bliss-boho-peplum-s-2@example.invalid,,lime-bliss-boho-peplum-skirt,,
雰囲気が可愛い,セットでも単品でも使えます。サテンの光沢が上品でチープに見えません。156cmでS、着丈81cm・ウエスト66cmは表記どおりでした。色はシャンパンを選びました。セットで着ると一気にまとまります。長く着られそうです。,5,2026-06-02 11:54:45 UTC,ミク,silk-satin-dress-camisol-1@example.invalid,,silk-satin-dress-camisole-set-up,,
使いやすいです,色味が揃っていて統一感があります。サテンの光沢が上品でチープに見えません。151cmでS、着丈81cm・ウエスト66cmは表記どおりでした。セットで着ると一気にまとまります。買ってよかったです。,5,2026-03-16 17:33:12 UTC,ミナ,silk-satin-dress-camisol-2@example.invalid,,silk-satin-dress-camisole-set-up,,
買ってよかった,肩紐の位置がちょうど良かったです。フリルのボリュームがちょうど良いです。165cmでM、着丈50cm・胸囲90cmは表記どおりでした。色はホワイトを選びました。シャツを羽織って抜け感を出しています。期待どおりでした。,5,2026-05-07 12:07:43 UTC,レイ,ruffled-v-neck-camisole-1@example.invalid,,ruffled-v-neck-camisole,,
お気に入りになりました,一枚でもインナーとしても使えます。フリルのボリュームがちょうど良いです。165cmでM、着丈50cm・胸囲90cmは表記どおりでした。ハイウエストのボトムスと合わせています。期待どおりでした。,5,2026-08-04 14:31:59 UTC,ヒナ,ruffled-v-neck-camisole-2@example.invalid,,ruffled-v-neck-camisole,,
丈感がちょうどいい,一枚でもインナーとしても使えます。透け感は控えめでインナー次第で調整できます。153cmでS、着丈52cm・胸囲82cmは表記どおりでした。色はホワイトを選びました。シャツを羽織って抜け感を出しています。長く着られそうです。,5,2026-06-15 11:12:57 UTC,アカリ,moonlit-mesh-camisole-to-1@example.invalid,,moonlit-mesh-camisole-top,,
高見えします,肩紐の位置がちょうど良かったです。メッシュの目が細かくて上品でした。159cmでM、着丈53cm・胸囲86cmは表記どおりでした。シャツを羽織って抜け感を出しています。この価格でこの質感なら満足です。,5,2026-03-24 02:17:51 UTC,ユキ,moonlit-mesh-camisole-to-2@example.invalid,,moonlit-mesh-camisole-top,,
高見えします,厚すぎず長い期間着られそうです。編み地がしっかりしていて安っぽくありません。163cmでM、着丈61cm・肩幅39cmは表記どおりでした。色はホワイトを選びました。インナーを足して重ね着もできます。この価格でこの質感なら満足です。,5,2026-03-24 02:07:43 UTC,セナ,snowflake-knit-hoodie-pa-1@example.invalid,,snowflake-knit-hoodie-patchwork-shorts-set-up,,
可愛いです,一枚で着ても様になります。編み地がしっかりしていて安っぽくありません。155cmでM、着丈61cm・肩幅39cmは表記どおりでした。ロングスカートと合わせるのが気に入っています。長く着られそうです。,5,2026-05-15 21:07:24 UTC,ユメ,snowflake-knit-hoodie-pa-2@example.invalid,,snowflake-knit-hoodie-patchwork-shorts-set-up,,
色味が可愛い,肌ざわりが良くてチクチクしません。編み地がしっかりしていて安っぽくありません。151cmでXSを着用してちょうど良かったです。色はクラウディホワイトを選びました。ロングスカートと合わせるのが気に入っています。出番が多くなりそうです。,5,2026-03-03 07:10:06 UTC,ココ,summer-love-cutout-knit--1@example.invalid,,summer-love-cutout-knit-tank,,
期待どおりでした,一枚で着ても様になります。カットアウトの位置が絶妙でした。152cmでS、着丈54cm・胸囲80cmは表記どおりでした。パンツでもスカートでも合います。リピートしたいと思える一枚です。,5,2026-04-15 08:24:43 UTC,ミオ,summer-love-cutout-knit--2@example.invalid,,summer-love-cutout-knit-tank,,
期待どおりでした,形がきれいで一枚で決まります。146cmでXS、着丈44cm・ウエスト64cmは表記どおりでした。体のラインがきれいに出ます。色はホワイトを選びました。羽織りものとの相性も良さそうです。友達にも聞かれました。,5,2026-05-19 07:11:35 UTC,マナ,vibes-cotton-slim-tee-1@example.invalid,,vibes-cotton-slim-tee,,
可愛いです,顔まわりが明るく見えます。151cmでXS、着丈44cm・ウエスト64cmは表記どおりでした。体のラインがきれいに出ます。羽織りものとの相性も良さそうです。出番が多くなりそうです。,5,2026-07-11 02:35:33 UTC,リオ,vibes-cotton-slim-tee-2@example.invalid,,vibes-cotton-slim-tee,,
お気に入りになりました,一枚で着られるので楽です。161cmでM、ウエスト72cm・胸囲90cmは表記どおりでした。色はサイレントスターズを選びました。羽織りものを足せば長く着られそうです。この価格でこの質感なら満足です。,5,2026-04-18 03:40:01 UTC,サヤ,spring-breeze-gradient-d-1@example.invalid,,spring-breeze-gradient-dress,,
使いやすいです,スタイルよく見えます。157cmでM、ウエスト72cm・胸囲90cmは表記どおりでした。そのままでも十分様になります。買ってよかったです。,5,2026-04-21 13:40:19 UTC,ユナ,spring-breeze-gradient-d-2@example.invalid,,spring-breeze-gradient-dress,,
買ってよかった,一枚で着られるので楽です。花柄が派手すぎず上品でした。154cmでS、ウエスト67cm・胸囲85cmは表記どおりでした。色はアプリコットを選びました。小物次第で印象を変えられます。出番が多くなりそうです。,5,2026-04-08 10:24:05 UTC,ナナ,bohemian-floral-embroide-1@example.invalid,,bohemian-floral-embroidered-dress,,
着心地が良いです,シーンを選ばず着られそうです。刺繍が丁寧で高見えします。157cmでS、ウエスト67cm・胸囲85cmは表記どおりでした。そのままでも十分様になります。友達にも聞かれました。,5,2026-07-03 13:52:30 UTC,アンナ,bohemian-floral-embroide-2@example.invalid,,bohemian-floral-embroidered-dress,,
買ってよかった,合わせやすくて出番が多そうです。レースの繊細さが写真以上でした。164cmでM、着丈55cm・肩幅35cmは表記どおりでした。色はホワイトを選びました。デニムに合わせるだけで決まりました。出番が多くなりそうです。,5,2026-03-22 12:42:28 UTC,ナギサ,antibacterial-lace-tee-1@example.invalid,,antibacterial-lace-tee,,
丈感がちょうどいい,形がきれいで一枚で決まります。レースの繊細さが写真以上でした。158cmでM、着丈55cm・肩幅35cmは表記どおりでした。デニムに合わせるだけで決まりました。この価格でこの質感なら満足です。,5,2026-03-04 10:03:15 UTC,アイ,antibacterial-lace-tee-2@example.invalid,,antibacterial-lace-tee,,
買ってよかった,色味が揃っていて統一感があります。プリーツがしっかりついていて動くたびにきれいです。147cmでXSを着用してちょうど良かったです。色はホワイトを選びました。セットで着ると一気にまとまります。長く着られそうです。,5,2026-05-14 08:31:15 UTC,リコ,cotton-tank-pleated-skir-1@example.invalid,,cotton-tank-pleated-skirt-set-up,,
着心地が良いです,セットでも単品でも使えます。プリーツがしっかりついていて動くたびにきれいです。157cmでS、着丈42cm・胸囲90cmは表記どおりでした。トップスだけ単品でも使えそうです。出番が多くなりそうです。,5,2026-03-16 04:59:34 UTC,ココ,cotton-tank-pleated-skir-2@example.invalid,,cotton-tank-pleated-skirt-set-up,,
期待どおりでした,スタイルよく見えます。149cmでXS、総丈121cmは表記どおりでした。色はブラック花柄を選びました。そのままでも十分様になります。リピートしたいと思える一枚です。,5,2026-05-11 05:12:04 UTC,ニナ,blissful-tomato-leaf-dre-1@example.invalid,,blissful-tomato-leaf-dress,,
着心地が良いです,一枚で着られるので楽です。152cmでXS、総丈121cmは表記どおりでした。小物次第で印象を変えられます。買ってよかったです。,5,2026-07-14 11:39:21 UTC,アカリ,blissful-tomato-leaf-dre-2@example.invalid,,blissful-tomato-leaf-dress,,
可愛いです,シーンを選ばず着られそうです。152cmでS、着丈135cmは表記どおりでした。色はホワイトを選びました。羽織りものを足せば長く着られそうです。この価格でこの質感なら満足です。,5,2026-04-06 10:49:45 UTC,ヒナ,summer-serenity-halter-d-1@example.invalid,,summer-serenity-halter-dress,,
色味が可愛い,一枚で着られるので楽です。157cmでM、着丈137cmは表記どおりでした。小物次第で印象を変えられます。長く着られそうです。,5,2026-04-16 02:35:28 UTC,ユキ,summer-serenity-halter-d-2@example.invalid,,summer-serenity-halter-dress,,
リピートしたいです,シーンを選ばず着られそうです。154cmでS、着丈81cm・ウエスト68cmは表記どおりでした。体のラインがきれいに出ます。色はフラワーを選びました。小物次第で印象を変えられます。友達にも聞かれました。,5,2026-08-06 19:32:38 UTC,ヒヨリ,spring-picnic-slim-fit-c-1@example.invalid,,spring-picnic-slim-fit-camisole-dress,,
丈感がちょうどいい,スタイルよく見えます。163cmでM、着丈83cm・ウエスト72cmは表記どおりでした。ほどよくフィットしてきれいに見えます。そのままでも十分様になります。買ってよかったです。,5,2026-06-05 09:31:24 UTC,ナオ,spring-picnic-slim-fit-c-2@example.invalid,,spring-picnic-slim-fit-camisole-dress,,
着心地が良いです,シーンを選ばず着られそうです。レトロな雰囲気が可愛いです。152cmでS、総丈130cmは表記どおりでした。色はホワイトを選びました。羽織りものを足せば長く着られそうです。また色違いも欲しくなりました。,5,2026-05-22 01:21:21 UTC,ユキ,vintage-camisole-dress-1@example.invalid,,vintage-camisole-dress,,
リピートしたいです,一枚で着られるので楽です。ヴィンテージ感のある色味が気に入りました。149cmでXS、総丈128cmは表記どおりでした。そのままでも十分様になります。出番が多くなりそうです。,5,2026-04-04 18:05:06 UTC,サキ,vintage-camisole-dress-2@example.invalid,,vintage-camisole-dress,,
可愛いです,色味が揃っていて統一感があります。花柄が派手すぎず上品でした。155cmでM、ウエスト78cmは表記どおりでした。色はフラワーを選びました。トップスだけ単品でも使えそうです。友達にも聞かれました。,5,2026-03-02 16:47:19 UTC,チヒロ,floral-peplum-culottes-s-1@example.invalid,,floral-peplum-culottes-skirt-set,,
着心地が良いです,上下揃っているので迷わず着られます。花柄が派手すぎず上品でした。150cmでS、ウエスト74cmは表記どおりでした。セットで着ると一気にまとまります。期待どおりでした。,5,2026-04-29 09:06:54 UTC,アイ,floral-peplum-culottes-s-2@example.invalid,,floral-peplum-culottes-skirt-set,,
期待どおりでした,形がきれいで一枚で決まります。149cmでS、着丈49cm・肩幅34cmは表記どおりでした。色はバニラホワイトを選びました。羽織りものとの相性も良さそうです。リピートしたいと思える一枚です。,5,2026-05-29 05:06:35 UTC,アンナ,flying-bird-tee-1@example.invalid,,flying-bird-tee,,
お気に入りになりました,合わせやすくて出番が多そうです。148cmでS、着丈49cm・肩幅34cmは表記どおりでした。デニムに合わせるだけで決まりました。買ってよかったです。,5,2026-03-14 09:21:19 UTC,ツムギ,flying-bird-tee-2@example.invalid,,flying-bird-tee,,
買ってよかった,合わせやすくて出番が多そうです。162cmでM、着丈53cm・肩幅35cmは表記どおりでした。色はベージュを選びました。羽織りものとの相性も良さそうです。リピートしたいと思える一枚です。,5,2026-04-15 20:46:17 UTC,キョウカ,scattered-logo-tee-1@example.invalid,,scattered-logo-tee,,
写真どおりでした,形がきれいで一枚で決まります。155cmでM、着丈53cm・肩幅35cmは表記どおりでした。羽織りものとの相性も良さそうです。長く着られそうです。,5,2026-06-22 11:25:37 UTC,ヒヨリ,scattered-logo-tee-2@example.invalid,,scattered-logo-tee,,
雰囲気が可愛い,形がきれいで一枚で決まります。161cmでM、着丈53cm・胸囲86cmは表記どおりでした。色はアーモンドミルクを選びました。デニムに合わせるだけで決まりました。長く着られそうです。,5,2026-03-29 09:17:29 UTC,マイ,whispering-v-neck-tee-1@example.invalid,,whispering-v-neck-tee,,
写真どおりでした,顔まわりが明るく見えます。154cmでS、着丈52cm・胸囲82cmは表記どおりでした。デニムに合わせるだけで決まりました。リピートしたいと思える一枚です。,5,2026-05-10 21:48:46 UTC,シオリ,whispering-v-neck-tee-2@example.invalid,,whispering-v-neck-tee,,
お気に入りになりました,厚すぎず長い期間着られそうです。編み地がしっかりしていて安っぽくありません。151cmでS、着丈55cm・肩幅36cmは表記どおりでした。色はホワイトを選びました。パンツでもスカートでも合います。リピートしたいと思える一枚です。,5,2026-03-28 16:54:48 UTC,ミナ,bloom-knit-top-1@example.invalid,,bloom-knit-top,,
高見えします,肌ざわりが良くてチクチクしません。編み地がしっかりしていて安っぽくありません。164cmでM、着丈56cm・肩幅37cmは表記どおりでした。インナーを足して重ね着もできます。リピートしたいと思える一枚です。,5,2026-05-23 16:46:11 UTC,ツムギ,bloom-knit-top-2@example.invalid,,bloom-knit-top,,
丈感がちょうどいい,顔まわりが明るく見えます。157cmでS、着丈45cm・胸囲76cmは表記どおりでした。色はホワイトを選びました。羽織りものとの相性も良さそうです。買ってよかったです。,5,2026-07-05 04:27:31 UTC,アオイ,sunset-diamond-polo-tee-1@example.invalid,,sunset-diamond-polo-tee,,
高見えします,形がきれいで一枚で決まります。163cmでM、着丈46cm・胸囲80cmは表記どおりでした。羽織りものとの相性も良さそうです。長く着られそうです。,5,2026-06-03 02:57:36 UTC,ミオ,sunset-diamond-polo-tee-2@example.invalid,,sunset-diamond-polo-tee,,
丈感がちょうどいい,顔まわりが明るく見えます。162cmでM、着丈49cm・胸囲102cmは表記どおりでした。色はホワイトを選びました。スカートに合わせると女性らしくなります。出番が多くなりそうです。,5,2026-07-08 01:19:35 UTC,ヒヨリ,windfold-bubble-sleeve-s-1@example.invalid,,windfold-bubble-sleeve-shirt,,
リピートしたいです,合わせやすくて出番が多そうです。160cmでM、着丈49cm・胸囲102cmは表記どおりでした。スカートに合わせると女性らしくなります。また色違いも欲しくなりました。,5,2026-06-18 21:01:38 UTC,フウカ,windfold-bubble-sleeve-s-2@example.invalid,,windfold-bubble-sleeve-shirt,,
着心地が良いです,カジュアルすぎず履けます。150cmでS、ウエスト72cm・総丈104cmは表記どおりでした。ゆとりがあって締めつけ感がありません。色はスプリングペアを選びました。コンパクトなトップスと相性が良いです。買ってよかったです。,5,2026-07-10 16:59:03 UTC,ハルカ,pear-lounge-pants-1@example.invalid,,pear-lounge-pants,,
写真どおりでした,動きやすくて助かります。155cmでM、ウエスト76cm・総丈106cmは表記どおりでした。ゆとりがあって締めつけ感がありません。コンパクトなトップスと相性が良いです。出番が多くなりそうです。,5,2026-03-29 03:13:14 UTC,サヤ,pear-lounge-pants-2@example.invalid,,pear-lounge-pants,,
期待どおりでした,カジュアルすぎず履けます。レースの繊細さが写真以上でした。158cmでM、ウエスト80cm・総丈106cmは表記どおりでした。色はブラックを選びました。スニーカーでラフに履いています。友達にも聞かれました。,5,2026-04-26 18:29:34 UTC,ミオ,copper-lace-wide-leg-pan-1@example.invalid,,copper-lace-wide-leg-pants,,
雰囲気が可愛い,腰まわりが楽でした。レースの繊細さが写真以上でした。149cmでS、ウエスト76cm・総丈104cmは表記どおりでした。ヒールを合わせると綺麗めになります。リピートしたいと思える一枚です。,5,2026-03-10 15:12:58 UTC,ユイ,copper-lace-wide-leg-pan-2@example.invalid,,copper-lace-wide-leg-pants,,
お気に入りになりました,肩紐の位置がちょうど良かったです。レースの繊細さが写真以上でした。157cmでMを着用してちょうど良かったです。色はフロスティホワイトを選びました。シャツを羽織って抜け感を出しています。リピートしたいと思える一枚です。,5,2026-05-08 12:35:13 UTC,ナギサ,breathable-lace-slimming-1@example.invalid,,breathable-lace-slimming-camisole,,
使いやすいです,重ね着の幅が広がりました。レースの繊細さが写真以上でした。164cmでMを着用してちょうど良かったです。シャツを羽織って抜け感を出しています。長く着られそうです。,5,2026-05-21 15:26:17 UTC,サキ,breathable-lace-slimming-2@example.invalid,,breathable-lace-slimming-camisole,,
リピートしたいです,スタイルよく見えます。148cmでXS、ウエスト58cm・胸囲76cmは表記どおりでした。色はホワイトを選びました。羽織りものを足せば長く着られそうです。また色違いも欲しくなりました。,5,2026-05-09 01:11:15 UTC,エマ,breeze-u-neck-dress-1@example.invalid,,breeze-u-neck-dress,,
使いやすいです,一枚で着られるので楽です。156cmでS、ウエスト62cm・胸囲80cmは表記どおりでした。そのままでも十分様になります。また色違いも欲しくなりました。,5,2026-05-18 16:48:51 UTC,カレン,breeze-u-neck-dress-2@example.invalid,,breeze-u-neck-dress,,
雰囲気が可愛い,シーンを選ばず着られそうです。リボンの位置が可愛くて気に入りました。148cmでS、ウエスト65cm・胸囲86cmは表記どおりでした。色はシーウォーターブルーを選びました。小物次第で印象を変えられます。買ってよかったです。,5,2026-05-01 22:59:14 UTC,ホノカ,sweet-bow-tie-mini-dress-1@example.invalid,,sweet-bow-tie-mini-dress,,
リピートしたいです,一枚で着られるので楽です。リボンの位置が可愛くて気に入りました。154cmでS、ウエスト65cm・胸囲86cmは表記どおりでした。そのままでも十分様になります。また色違いも欲しくなりました。,5,2026-03-25 03:08:05 UTC,リオ,sweet-bow-tie-mini-dress-2@example.invalid,,sweet-bow-tie-mini-dress,,
買ってよかった,厚すぎず長い期間着られそうです。編み地がしっかりしていて安っぽくありません。156cmでS、肩幅34cmは表記どおりでした。色はオートミールを選びました。パンツでもスカートでも合います。長く着られそうです。,5,2026-06-29 21:21:10 UTC,アカリ,comfort-knit-set-up-1@example.invalid,,comfort-knit-set-up,,
雰囲気が可愛い,肌ざわりが良くてチクチクしません。編み地がしっかりしていて安っぽくありません。156cmでM、肩幅35cmは表記どおりでした。パンツでもスカートでも合います。また色違いも欲しくなりました。,5,2026-07-01 16:48:04 UTC,カナ,comfort-knit-set-up-2@example.invalid,,comfort-knit-set-up,,
雰囲気が可愛い,一枚で雰囲気が出ます。チェック柄の色合いが落ち着いていました。154cmでS、ウエスト66cmは表記どおりでした。色はシェルホワイトを選びました。タイツを合わせれば秋冬もいけそうです。期待どおりでした。,5,2026-08-02 16:22:32 UTC,エマ,lime-plaid-skirt-1@example.invalid,,lime-plaid-skirt,,
色味が可愛い,丈感がちょうど良かったです。チェック柄の色合いが落ち着いていました。150cmでS、ウエスト66cmは表記どおりでした。シンプルなトップスを合わせるだけで成立します。買ってよかったです。,5,2026-07-31 08:18:40 UTC,ミク,lime-plaid-skirt-2@example.invalid,,lime-plaid-skirt,,
写真どおりでした,一枚で着られるので楽です。159cmでM、肩幅35cmは表記どおりでした。色はコルゲートブラウンを選びました。小物次第で印象を変えられます。買ってよかったです。,5,2026-04-08 04:06:51 UTC,ナオ,waist-cinching-crocodile-1@example.invalid,,waist-cinching-crocodile-dress,,
期待どおりでした,シーンを選ばず着られそうです。148cmでS、肩幅34cmは表記どおりでした。羽織りものを足せば長く着られそうです。長く着られそうです。,5,2026-07-24 18:18:31 UTC,アイ,waist-cinching-crocodile-2@example.invalid,,waist-cinching-crocodile-dress,,
着心地が良いです,シーンを選ばず着られそうです。チェック柄の色合いが落ち着いていました。154cmでXS、胸囲86cmは表記どおりでした。色はミスティブルーを選びました。羽織りものを足せば長く着られそうです。期待どおりでした。,5,2026-04-26 00:56:01 UTC,マイ,linen-plaid-dress-1@example.invalid,,linen-plaid-dress,,
可愛いです,スタイルよく見えます。チェック柄の色合いが落ち着いていました。148cmでXS、胸囲86cmは表記どおりでした。小物次第で印象を変えられます。長く着られそうです。,5,2026-04-30 03:51:27 UTC,キョウカ,linen-plaid-dress-2@example.invalid,,linen-plaid-dress,,
期待どおりでした,上下揃っているので迷わず着られます。162cmでMを着用してちょうど良かったです。ほどよくフィットしてきれいに見えます。色はブルー+ブルーを選びました。小物を足すと印象が変わります。買ってよかったです。,5,2026-03-09 21:56:31 UTC,サラ,stretch-chambray-camisol-1@example.invalid,,stretch-chambray-camisole-set,,
使いやすいです,色味が揃っていて統一感があります。148cmでSを着用してちょうど良かったです。ほどよくフィットしてきれいに見えます。トップスだけ単品でも使えそうです。リピートしたいと思える一枚です。,5,2026-07-04 19:28:21 UTC,ユキ,stretch-chambray-camisol-2@example.invalid,,stretch-chambray-camisole-set,,
色味が可愛い,腰まわりが楽でした。154cmでS、着丈101cm・ウエスト68cmは表記どおりでした。色はピンクを選びました。コンパクトなトップスと相性が良いです。期待どおりでした。,5,2026-07-24 07:59:03 UTC,シオリ,wide-leg-tencel-hemp-pan-1@example.invalid,,wide-leg-tencel-hemp-pants,,
丈感がちょうどいい,動きやすくて助かります。150cmでS、着丈101cm・ウエスト68cmは表記どおりでした。スニーカーでラフに履いています。出番が多くなりそうです。,5,2026-05-05 05:27:57 UTC,トワ,wide-leg-tencel-hemp-pan-2@example.invalid,,wide-leg-tencel-hemp-pants,,
お気に入りになりました,色味が揃っていて統一感があります。152cmでS、着丈56cm・ウエスト74cmは表記どおりでした。色はダブブルーアンドグリーンを選びました。トップスだけ単品でも使えそうです。期待どおりでした。,5,2026-08-08 05:06:03 UTC,ユメ,adventure-linen-set-up-1@example.invalid,,adventure-linen-set-up,,
高見えします,上下揃っているので迷わず着られます。159cmでM、着丈58cm・ウエスト78cmは表記どおりでした。小物を足すと印象が変わります。長く着られそうです。,5,2026-06-26 06:54:33 UTC,アンナ,adventure-linen-set-up-2@example.invalid,,adventure-linen-set-up,,
写真どおりでした,合わせやすくて出番が多そうです。160cmでM、肩幅35cmは表記どおりでした。色はコルゲートブラウンを選びました。スカートに合わせると女性らしくなります。長く着られそうです。,5,2026-07-23 12:28:33 UTC,ユナ,chic-layered-t-shirt-1@example.invalid,,chic-layered-t-shirt,,
可愛いです,顔まわりが明るく見えます。151cmでS、肩幅34cmは表記どおりでした。羽織りものとの相性も良さそうです。友達にも聞かれました。,5,2026-07-16 19:48:55 UTC,ソラ,chic-layered-t-shirt-2@example.invalid,,chic-layered-t-shirt,,
色味が可愛い,合わせやすくて出番が多そうです。157cmでMを着用してちょうど良かったです。色はブルーを選びました。羽織りものとの相性も良さそうです。出番が多くなりそうです。,5,2026-05-17 00:04:52 UTC,エマ,lycra-polo-hoodie-1@example.invalid,,lycra-polo-hoodie,,
使いやすいです,顔まわりが明るく見えます。152cmでSを着用してちょうど良かったです。スカートに合わせると女性らしくなります。出番が多くなりそうです。,5,2026-04-09 18:15:38 UTC,ミナ,lycra-polo-hoodie-2@example.invalid,,lycra-polo-hoodie,,
丈感がちょうどいい,セットでも単品でも使えます。レースの繊細さが写真以上でした。157cmでM、着丈36cm・胸囲82cmは表記どおりでした。ゆとりがあって締めつけ感がありません。色はベビーブルーを選びました。小物を足すと印象が変わります。期待どおりでした。,5,2026-05-21 22:46:20 UTC,マイ,lace-up-top-wide-leg-pan-1@example.invalid,,lace-up-top-wide-leg-pants-set-up,,
色味が可愛い,色味が揃っていて統一感があります。レースの繊細さが写真以上でした。156cmでM、着丈36cm・胸囲82cmは表記どおりでした。ゆとりがあって締めつけ感がありません。小物を足すと印象が変わります。友達にも聞かれました。,5,2026-07-12 02:21:16 UTC,ミサキ,lace-up-top-wide-leg-pan-2@example.invalid,,lace-up-top-wide-leg-pants-set-up,,
買ってよかった,上下揃っているので迷わず着られます。チェック柄の色合いが落ち着いていました。149cmでS、着丈68cmは表記どおりでした。色はブルーを選びました。セットで着ると一気にまとまります。この価格でこの質感なら満足です。,5,2026-05-30 16:22:35 UTC,アンナ,sun-plaid-shirt-shorts-s-1@example.invalid,,sun-plaid-shirt-shorts-set-up,,
期待どおりでした,セットでも単品でも使えます。チェック柄の色合いが落ち着いていました。158cmでM、着丈70cmは表記どおりでした。セットで着ると一気にまとまります。出番が多くなりそうです。,5,2026-07-24 19:54:43 UTC,ココ,sun-plaid-shirt-shorts-s-2@example.invalid,,sun-plaid-shirt-shorts-set-up,,
高見えします,形がきれいで一枚で決まります。リボンの位置が可愛くて気に入りました。153cmでS、肩幅34cmは表記どおりでした。色はエルハイブルーを選びました。スカートに合わせると女性らしくなります。出番が多くなりそうです。,5,2026-07-27 23:14:49 UTC,チヒロ,cool-bow-tee-1@example.invalid,,cool-bow-tee,,
写真どおりでした,合わせやすくて出番が多そうです。リボンの位置が可愛くて気に入りました。160cmでM、肩幅35cmは表記どおりでした。羽織りものとの相性も良さそうです。期待どおりでした。,5,2026-05-21 05:55:00 UTC,コハル,cool-bow-tee-2@example.invalid,,cool-bow-tee,,
使いやすいです,合わせやすくて出番が多そうです。チェック柄の色合いが落ち着いていました。152cmでS、ウエスト60cm・胸囲74cmは表記どおりでした。色はソフトミストピンクを選びました。スカートに合わせると女性らしくなります。また色違いも欲しくなりました。,5,2026-05-29 22:36:19 UTC,サキ,plaid-cotton-tee-1@example.invalid,,plaid-cotton-tee,,
期待どおりでした,形がきれいで一枚で決まります。チェック柄の色合いが落ち着いていました。155cmでM、ウエスト64cm・胸囲78cmは表記どおりでした。羽織りものとの相性も良さそうです。出番が多くなりそうです。,5,2026-05-11 08:12:30 UTC,シオリ,plaid-cotton-tee-2@example.invalid,,plaid-cotton-tee,,
着心地が良いです,上下揃っているので迷わず着られます。150cmでS、ウエスト66cm・胸囲81cmは表記どおりでした。ゆとりがあって締めつけ感がありません。色はピンクを選びました。小物を足すと印象が変わります。長く着られそうです。,5,2026-08-08 21:57:01 UTC,スミレ,pink-wide-leg-set-up-1@example.invalid,,pink-wide-leg-set-up,,
雰囲気が可愛い,セットでも単品でも使えます。148cmでS、ウエスト66cm・胸囲81cmは表記どおりでした。ゆとりがあって締めつけ感がありません。セットで着ると一気にまとまります。長く着られそうです。,5,2026-07-17 12:22:49 UTC,サラ,pink-wide-leg-set-up-2@example.invalid,,pink-wide-leg-set-up,,
使いやすいです,顔まわりが明るく見えます。レースの繊細さが写真以上でした。161cmでM、着丈54cm・ウエスト72cmは表記どおりでした。タイトですが窮屈さはありません。色はチェリーピンクを選びました。デニムに合わせるだけで決まりました。また色違いも欲しくなりました。,5,2026-05-20 10:02:12 UTC,コハル,fuzzy-lace-v-neck-tie-to-1@example.invalid,,fuzzy-lace-v-neck-tie-top,,
着心地が良いです,合わせやすくて出番が多そうです。レースの繊細さが写真以上でした。155cmでS、着丈52cm・ウエスト68cmは表記どおりでした。タイトですが窮屈さはありません。デニムに合わせるだけで決まりました。期待どおりでした。,5,2026-07-09 07:45:13 UTC,スミレ,fuzzy-lace-v-neck-tie-to-2@example.invalid,,fuzzy-lace-v-neck-tie-top,,
可愛いです,セットでも単品でも使えます。161cmでM、着丈72cmは表記どおりでした。色はホワイトを選びました。小物を足すと印象が変わります。この価格でこの質感なら満足です。,5,2026-03-22 03:19:22 UTC,ユキ,relaxed-bubble-sleeve-sk-1@example.invalid,,relaxed-bubble-sleeve-skirt-set-up,,
買ってよかった,色味が揃っていて統一感があります。151cmでS、着丈70cmは表記どおりでした。セットで着ると一気にまとまります。出番が多くなりそうです。,5,2026-05-27 11:04:13 UTC,セナ,relaxed-bubble-sleeve-sk-2@example.invalid,,relaxed-bubble-sleeve-skirt-set-up,,
着心地が良いです,形がきれいで一枚で決まります。160cmでM、着丈61cmは表記どおりでした。色はライムミントを選びました。羽織りものとの相性も良さそうです。リピートしたいと思える一枚です。,5,2026-05-10 18:12:45 UTC,イロハ,summer-beaded-top-1@example.invalid,,summer-beaded-top,,
写真どおりでした,合わせやすくて出番が多そうです。162cmでM、着丈61cmは表記どおりでした。羽織りものとの相性も良さそうです。この価格でこの質感なら満足です。,5,2026-07-04 20:25:14 UTC,ヒナ,summer-beaded-top-2@example.invalid,,summer-beaded-top,,
使いやすいです,顔まわりが明るく見えます。148cmでS、着丈56cmは表記どおりでした。色はラグウィードグリーンを選びました。羽織りものとの相性も良さそうです。出番が多くなりそうです。,5,2026-07-31 06:45:44 UTC,ナオ,desert-one-shoulder-top-1@example.invalid,,desert-one-shoulder-top,,
お気に入りになりました,合わせやすくて出番が多そうです。153cmでS、着丈56cmは表記どおりでした。羽織りものとの相性も良さそうです。期待どおりでした。,5,2026-07-31 10:07:49 UTC,キョウカ,desert-one-shoulder-top-2@example.invalid,,desert-one-shoulder-top,,
雰囲気が可愛い,顔まわりが明るく見えます。158cmでM、着丈59cm・肩幅35cmは表記どおりでした。色はトワイライトローズを選びました。スカートに合わせると女性らしくなります。友達にも聞かれました。,5,2026-05-20 02:09:14 UTC,サヤ,cool-beaded-v-neck-tee-1@example.invalid,,cool-beaded-v-neck-tee,,
期待どおりでした,合わせやすくて出番が多そうです。161cmでM、着丈59cm・肩幅35cmは表記どおりでした。デニムに合わせるだけで決まりました。この価格でこの質感なら満足です。,5,2026-04-09 06:10:54 UTC,カレン,cool-beaded-v-neck-tee-2@example.invalid,,cool-beaded-v-neck-tee,,
期待どおりでした,一枚で着られるので楽です。152cmでXS、着丈78cm・ウエスト76cmは表記どおりでした。色はノルウェーブルーを選びました。羽織りものを足せば長く着られそうです。この価格でこの質感なら満足です。,5,2026-04-17 08:49:30 UTC,アカリ,luxe-skirt-dress-1@example.invalid,,luxe-skirt-dress,,
着心地が良いです,スタイルよく見えます。150cmでXS、着丈78cm・ウエスト76cmは表記どおりでした。そのままでも十分様になります。買ってよかったです。,5,2026-05-30 03:40:56 UTC,ホノカ,luxe-skirt-dress-2@example.invalid,,luxe-skirt-dress,,
写真どおりでした,重ね着の幅が広がりました。155cmでS、着丈60cm・ウエスト65cmは表記どおりでした。色はエアラインブルーを選びました。シャツを羽織って抜け感を出しています。この価格でこの質感なら満足です。,5,2026-05-21 12:02:42 UTC,ナナ,asymmetrical-cami-1@example.invalid,,asymmetrical-cami,,
期待どおりでした,一枚でもインナーとしても使えます。163cmでM、着丈62cm・ウエスト69cmは表記どおりでした。シャツを羽織って抜け感を出しています。リピートしたいと思える一枚です。,5,2026-04-02 10:46:49 UTC,ソラ,asymmetrical-cami-2@example.invalid,,asymmetrical-cami,,
色味が可愛い,色味が揃っていて統一感があります。152cmでXS、着丈76cm・肩幅37cmは表記どおりでした。色はセンナホワイトを選びました。小物を足すと印象が変わります。買ってよかったです。,5,2026-05-08 22:24:20 UTC,アカリ,cool-cotton-polo-skirt-s-1@example.invalid,,cool-cotton-polo-skirt-set-up,,
買ってよかった,セットでも単品でも使えます。165cmでM、着丈80cm・肩幅39cmは表記どおりでした。小物を足すと印象が変わります。期待どおりでした。,5,2026-08-04 05:44:04 UTC,ノア,cool-cotton-polo-skirt-s-2@example.invalid,,cool-cotton-polo-skirt-set-up,,
可愛いです,一枚でもインナーとしても使えます。レースの繊細さが写真以上でした。149cmでS、着丈52cm・胸囲82cmは表記どおりでした。色はフラワーホワイトを選びました。ハイウエストのボトムスと合わせています。期待どおりでした。,5,2026-06-23 10:46:47 UTC,ユメ,lace-mesh-camisole-1@example.invalid,,lace-mesh-camisole,,
お気に入りになりました,肩紐の位置がちょうど良かったです。透け感は控えめでインナー次第で調整できます。158cmでS、着丈52cm・胸囲82cmは表記どおりでした。カーディガンと重ねても可愛いです。長く着られそうです。,5,2026-05-23 12:23:36 UTC,マイ,lace-mesh-camisole-2@example.invalid,,lace-mesh-camisole,,
期待どおりでした,カジュアルすぎず履けます。デニムの色落ち加減がちょうど良かったです。162cmでM、ウエスト79cm・総丈106cmは表記どおりでした。色はオークライトブラウンを選びました。コンパクトなトップスと相性が良いです。リピートしたいと思える一枚です。,5,2026-07-26 11:20:49 UTC,ノア,vintage-rhinestone-halo--1@example.invalid,,vintage-rhinestone-halo-jeans,,
買ってよかった,動きやすくて助かります。ヴィンテージ感のある色味が気に入りました。158cmでS、ウエスト75cm・総丈106cmは表記どおりでした。ヒールを合わせると綺麗めになります。期待どおりでした。,5,2026-05-05 15:14:09 UTC,ニナ,vintage-rhinestone-halo--2@example.invalid,,vintage-rhinestone-halo-jeans,,
雰囲気が可愛い,動きやすくて助かります。158cmでM、着丈103cm・ウエスト72cmは表記どおりでした。ゆとりがあって締めつけ感がありません。色はホワイトを選びました。スニーカーでラフに履いています。友達にも聞かれました。,5,2026-06-04 17:13:34 UTC,ユナ,luxe-wide-leg-pants-1@example.invalid,,luxe-wide-leg-pants,,
丈感がちょうどいい,腰まわりが楽でした。157cmでS、着丈101cm・ウエスト68cmは表記どおりでした。ゆとりがあって締めつけ感がありません。スニーカーでラフに履いています。また色違いも欲しくなりました。,5,2026-08-09 05:54:21 UTC,コハル,luxe-wide-leg-pants-2@example.invalid,,luxe-wide-leg-pants,,
色味が可愛い,形がきれいで一枚で決まります。153cmでS、着丈53cm・胸囲95cmは表記どおりでした。色はホワイトを選びました。スカートに合わせると女性らしくなります。出番が多くなりそうです。,5,2026-06-01 19:45:27 UTC,マリン,comfy-polo-tee-1@example.invalid,,comfy-polo-tee,,
高見えします,合わせやすくて出番が多そうです。154cmでS、着丈53cm・胸囲95cmは表記どおりでした。羽織りものとの相性も良さそうです。長く着られそうです。,5,2026-03-19 19:50:01 UTC,ユキ,comfy-polo-tee-2@example.invalid,,comfy-polo-tee,,
買ってよかった,形がきれいで一枚で決まります。ストライプの幅がちょうど良いです。156cmでS、着丈79cm・肩幅50cmは表記どおりでした。色はグリーンを選びました。羽織りものとの相性も良さそうです。出番が多くなりそうです。,5,2026-03-01 04:22:27 UTC,コハル,striped-linen-cotton-bea-1@example.invalid,,striped-linen-cotton-beaded-shirt,,
写真どおりでした,合わせやすくて出番が多そうです。ストライプの幅がちょうど良いです。152cmでS、着丈79cm・肩幅50cmは表記どおりでした。デニムに合わせるだけで決まりました。期待どおりでした。,5,2026-05-10 09:27:32 UTC,ミサキ,striped-linen-cotton-bea-2@example.invalid,,striped-linen-cotton-beaded-shirt,,
高見えします,形がきれいで一枚で決まります。159cmでM、着丈56cm・胸囲90cmは表記どおりでした。体のラインがきれいに出ます。色はホワイトを選びました。デニムに合わせるだけで決まりました。また色違いも欲しくなりました。,5,2026-05-05 08:15:03 UTC,アンナ,slimming-v-neck-top-1@example.invalid,,slimming-v-neck-top,,
丈感がちょうどいい,顔まわりが明るく見えます。158cmでM、着丈56cm・胸囲90cmは表記どおりでした。体のラインがきれいに出ます。羽織りものとの相性も良さそうです。出番が多くなりそうです。,5,2026-04-14 09:56:25 UTC,スミレ,slimming-v-neck-top-2@example.invalid,,slimming-v-neck-top,,
雰囲気が可愛い,セットでも単品でも使えます。レースの繊細さが写真以上でした。154cmでS、着丈48cmは表記どおりでした。色はホワイトを選びました。小物を足すと印象が変わります。期待どおりでした。,5,2026-03-08 10:05:04 UTC,シオリ,colorblock-lace-up-top-s-1@example.invalid,,colorblock-lace-up-top-set-up,,
着心地が良いです,色味が揃っていて統一感があります。レースの繊細さが写真以上でした。152cmでS、着丈48cmは表記どおりでした。セットで着ると一気にまとまります。この価格でこの質感なら満足です。,5,2026-03-29 12:38:14 UTC,リオ,colorblock-lace-up-top-s-2@example.invalid,,colorblock-lace-up-top-set-up,,
雰囲気が可愛い,羽織るだけで様になります。160cmでM、着丈56cmは表記どおりでした。色はミントを選びました。シンプルな中身でもこれ一枚で決まります。友達にも聞かれました。,5,2026-08-04 00:36:33 UTC,スミレ,summer-silkshield-jacket-1@example.invalid,,summer-silkshield-jacket,,
期待どおりでした,季節の変わり目に重宝しそうです。150cmでS、着丈45cmは表記どおりでした。丈の短いトップスと相性が良いです。また色違いも欲しくなりました。,5,2026-08-02 21:05:34 UTC,ニナ,summer-silkshield-jacket-2@example.invalid,,summer-silkshield-jacket,,
可愛いです,上下揃っているので迷わず着られます。160cmでM、着丈70.2cm・胸囲112cmは表記どおりでした。ゆとりがあって締めつけ感がありません。色はサマーローズピンクを選びました。セットで着ると一気にまとまります。リピートしたいと思える一枚です。,5,2026-06-18 03:31:17 UTC,モモ,cotton-lounge-top-shorts-1@example.invalid,,cotton-lounge-top-shorts-set-up,,
雰囲気が可愛い,セットでも単品でも使えます。165cmでM、着丈70.2cm・胸囲112cmは表記どおりでした。ゆとりがあって締めつけ感がありません。トップスだけ単品でも使えそうです。買ってよかったです。,5,2026-08-04 13:09:43 UTC,ヒナ,cotton-lounge-top-shorts-2@example.invalid,,cotton-lounge-top-shorts-set-up,,
お気に入りになりました,色味が揃っていて統一感があります。レースの繊細さが写真以上でした。154cmでS、着丈42cmは表記どおりでした。色はパインティーブラウンを選びました。トップスだけ単品でも使えそうです。友達にも聞かれました。,5,2026-06-29 09:13:43 UTC,アンナ,vintage-lace-poncho-polo-1@example.invalid,,vintage-lace-poncho-polo-skirt-set-up,,
丈感がちょうどいい,上下揃っているので迷わず着られます。レトロな雰囲気が可愛いです。151cmでS、着丈42cmは表記どおりでした。小物を足すと印象が変わります。買ってよかったです。,5,2026-04-08 10:47:57 UTC,サキ,vintage-lace-poncho-polo-2@example.invalid,,vintage-lace-poncho-polo-skirt-set-up,,
リピートしたいです,合わせやすくて出番が多そうです。163cmでM、着丈57cm・肩幅35cmは表記どおりでした。色はグレーを選びました。デニムに合わせるだけで決まりました。期待どおりでした。,5,2026-05-08 14:27:10 UTC,ハルカ,pearl-puppy-tee-1@example.invalid,,pearl-puppy-tee,,
丈感がちょうどいい,形がきれいで一枚で決まります。152cmでS、着丈55cm・肩幅34cmは表記どおりでした。スカートに合わせると女性らしくなります。長く着られそうです。,5,2026-07-21 10:22:06 UTC,キョウカ,pearl-puppy-tee-2@example.invalid,,pearl-puppy-tee,,
期待どおりでした,一枚で着られるので楽です。149cmでS、着丈127cmは表記どおりでした。色はムーンライトホワイトを選びました。羽織りものを足せば長く着られそうです。買ってよかったです。,5,2026-05-18 21:16:22 UTC,シオリ,radiant-cotton-dress-1@example.invalid,,radiant-cotton-dress,,
買ってよかった,スタイルよく見えます。158cmでS、着丈127cmは表記どおりでした。そのままでも十分様になります。買ってよかったです。,5,2026-07-30 07:00:05 UTC,ノア,radiant-cotton-dress-2@example.invalid,,radiant-cotton-dress,,
期待どおりでした,一枚で雰囲気が出ます。Aラインのシルエットがきれいに出ます。157cmでSを着用してちょうど良かったです。色はベージュを選びました。スニーカーでも綺麗めでも合わせられます。買ってよかったです。,5,2026-03-10 02:53:32 UTC,アイ,galactic-a-line-skirt-1@example.invalid,,galactic-a-line-skirt,,
丈感がちょうどいい,シルエットがきれいに落ちます。Aラインのシルエットがきれいに出ます。152cmでSを着用してちょうど良かったです。シンプルなトップスを合わせるだけで成立します。この価格でこの質感なら満足です。,5,2026-06-18 04:35:18 UTC,レイ,galactic-a-line-skirt-2@example.invalid,,galactic-a-line-skirt,,
買ってよかった,シルエットがきれいに落ちます。チェック柄の色合いが落ち着いていました。156cmでS、着丈48cm・ウエスト66cmは表記どおりでした。色はミンティーブラウンを選びました。スニーカーでも綺麗めでも合わせられます。この価格でこの質感なら満足です。,5,2026-04-24 04:04:05 UTC,ソラ,love-ripple-plaid-skirt-1@example.invalid,,love-ripple-plaid-skirt,,
お気に入りになりました,丈感がちょうど良かったです。チェック柄の色合いが落ち着いていました。164cmでM、着丈49cm・ウエスト70cmは表記どおりでした。タイツを合わせれば秋冬もいけそうです。買ってよかったです。,5,2026-04-10 16:12:48 UTC,ミオ,love-ripple-plaid-skirt-2@example.invalid,,love-ripple-plaid-skirt,,
買ってよかった,厚すぎず長い期間着られそうです。編み地がしっかりしていて安っぽくありません。151cmでS、着丈127cmは表記どおりでした。色はブラックティーラテを選びました。インナーを足して重ね着もできます。また色違いも欲しくなりました。,5,2026-06-07 14:16:07 UTC,セナ,elegant-knit-maxi-dress-1@example.invalid,,elegant-knit-maxi-dress,,
丈感がちょうどいい,一枚で着ても様になります。編み地がしっかりしていて安っぽくありません。161cmでM、着丈130cmは表記どおりでした。インナーを足して重ね着もできます。長く着られそうです。,5,2026-03-05 16:00:57 UTC,レイ,elegant-knit-maxi-dress-2@example.invalid,,elegant-knit-maxi-dress,,
お気に入りになりました,動きやすくて助かります。149cmでS、ウエスト66cm・総丈103cmは表記どおりでした。ゆとりがあって締めつけ感がありません。色はホワイトを選びました。ヒールを合わせると綺麗めになります。長く着られそうです。,5,2026-04-06 15:12:04 UTC,サラ,relaxed-summer-trousers-1@example.invalid,,relaxed-summer-trousers,,
可愛いです,カジュアルすぎず履けます。148cmでS、ウエスト66cm・総丈103cmは表記どおりでした。ほどよくフィットしてきれいに見えます。スニーカーでラフに履いています。この価格でこの質感なら満足です。,5,2026-07-09 12:53:11 UTC,エマ,relaxed-summer-trousers-2@example.invalid,,relaxed-summer-trousers,,
使いやすいです,合わせやすくて出番が多そうです。154cmでS、着丈42cm・胸囲109cmは表記どおりでした。色はホワイトを選びました。デニムに合わせるだけで決まりました。この価格でこの質感なら満足です。,5,2026-06-23 15:17:37 UTC,チヒロ,cool-cotton-t-shirt-1@example.invalid,,cool-cotton-t-shirt,,
高見えします,顔まわりが明るく見えます。153cmでS、着丈42cm・胸囲109cmは表記どおりでした。羽織りものとの相性も良さそうです。また色違いも欲しくなりました。,5,2026-06-24 09:51:31 UTC,キョウカ,cool-cotton-t-shirt-2@example.invalid,,cool-cotton-t-shirt,,
使いやすいです,顔まわりが明るく見えます。花柄が派手すぎず上品でした。161cmでM、着丈84cm・胸囲90cmは表記どおりでした。色はディープブラックを選びました。羽織りものとの相性も良さそうです。友達にも聞かれました。,5,2026-06-20 22:14:29 UTC,チヒロ,begonia-floral-t-shirt-1@example.invalid,,begonia-floral-t-shirt,,
丈感がちょうどいい,形がきれいで一枚で決まります。花柄が派手すぎず上品でした。161cmでM、着丈84cm・胸囲90cmは表記どおりでした。デニムに合わせるだけで決まりました。この価格でこの質感なら満足です。,5,2026-05-08 13:57:51 UTC,ココ,begonia-floral-t-shirt-2@example.invalid,,begonia-floral-t-shirt,,
色味が可愛い,セットでも単品でも使えます。ストライプの幅がちょうど良いです。156cmでS、着丈51cm・胸囲84cmは表記どおりでした。色はデイライトイエローを選びました。セットで着ると一気にまとまります。期待どおりでした。,5,2026-03-29 05:08:36 UTC,マリン,amber-striped-pants-set--1@example.invalid,,amber-striped-pants-set-up,,
お気に入りになりました,上下揃っているので迷わず着られます。ストライプの幅がちょうど良いです。150cmでS、着丈51cm・胸囲84cmは表記どおりでした。トップスだけ単品でも使えそうです。買ってよかったです。,5,2026-07-04 16:57:30 UTC,リコ,amber-striped-pants-set--2@example.invalid,,amber-striped-pants-set-up,,
雰囲気が可愛い,羽織るだけで様になります。161cmでM、着丈52cm・肩幅35cmは表記どおりでした。色はアッシュグレーを選びました。シンプルな中身でもこれ一枚で決まります。長く着られそうです。,5,2026-04-26 23:44:04 UTC,サキ,color-block-u-neck-hoode-1@example.invalid,,color-block-u-neck-hooded-cardigan,,
丈感がちょうどいい,思ったより軽くて着やすいです。149cmでS、着丈51cm・肩幅34cmは表記どおりでした。色味が落ち着いているので合わせやすいです。リピートしたいと思える一枚です。,5,2026-05-30 18:39:59 UTC,アイ,color-block-u-neck-hoode-2@example.invalid,,color-block-u-neck-hooded-cardigan,,
お気に入りになりました,厚すぎず長い期間着られそうです。編み地がしっかりしていて安っぽくありません。160cmでM、着丈132cmは表記どおりでした。色はミントグリーンを選びました。インナーを足して重ね着もできます。長く着られそうです。,5,2026-05-20 22:07:27 UTC,セナ,square-neck-halter-knit--1@example.invalid,,square-neck-halter-knit-dress,,
使いやすいです,一枚で着ても様になります。編み地がしっかりしていて安っぽくありません。161cmでM、着丈132cmは表記どおりでした。インナーを足して重ね着もできます。買ってよかったです。,5,2026-05-14 19:56:35 UTC,リン,square-neck-halter-knit--2@example.invalid,,square-neck-halter-knit-dress,,
高見えします,形がきれいで一枚で決まります。154cmでS、着丈65cm・胸囲101cmは表記どおりでした。色はパインティーブラウンを選びました。デニムに合わせるだけで決まりました。この価格でこの質感なら満足です。,5,2026-04-21 03:12:06 UTC,アカリ,summer-breeze-top-1@example.invalid,,summer-breeze-top,,
可愛いです,顔まわりが明るく見えます。151cmでS、着丈65cm・胸囲101cmは表記どおりでした。スカートに合わせると女性らしくなります。この価格でこの質感なら満足です。,5,2026-03-23 07:03:31 UTC,ユナ,summer-breeze-top-2@example.invalid,,summer-breeze-top,,
着心地が良いです,シルエットがきれいに落ちます。Aラインのシルエットがきれいに出ます。161cmでMを着用してちょうど良かったです。色はティンダルグリーンを選びました。タイツを合わせれば秋冬もいけそうです。長く着られそうです。,5,2026-06-22 11:23:06 UTC,ミサキ,dual-color-sequin-a-line-1@example.invalid,,dual-color-sequin-a-line-mini-skirt,,
お気に入りになりました,一枚で雰囲気が出ます。Aラインのシルエットがきれいに出ます。155cmでSを着用してちょうど良かったです。タイツを合わせれば秋冬もいけそうです。友達にも聞かれました。,5,2026-06-16 01:40:23 UTC,サラ,dual-color-sequin-a-line-2@example.invalid,,dual-color-sequin-a-line-mini-skirt,,
色味が可愛い,丈感がちょうど良かったです。スリットの深さは歩きやすい範囲でした。156cmでS、着丈94cm・ウエスト81cmは表記どおりでした。色はターニップイエローを選びました。シンプルなトップスを合わせるだけで成立します。買ってよかったです。,5,2026-03-27 01:31:23 UTC,ホノカ,a-line-split-skirt-1@example.invalid,,a-line-split-skirt,,
お気に入りになりました,シルエットがきれいに落ちます。Aラインのシルエットがきれいに出ます。151cmでS、着丈94cm・ウエスト81cmは表記どおりでした。スニーカーでも綺麗めでも合わせられます。リピートしたいと思える一枚です。,5,2026-05-28 10:41:48 UTC,ユイ,a-line-split-skirt-2@example.invalid,,a-line-split-skirt,,
高見えします,合わせやすくて出番が多そうです。148cmでS、着丈54cmは表記どおりでした。色はフローズンアイスブルーを選びました。スカートに合わせると女性らしくなります。長く着られそうです。,5,2026-03-12 02:56:34 UTC,ナギサ,luxe-one-shoulder-top-1@example.invalid,,luxe-one-shoulder-top,,
色味が可愛い,顔まわりが明るく見えます。156cmでM、着丈55cmは表記どおりでした。スカートに合わせると女性らしくなります。買ってよかったです。,5,2026-04-13 13:03:20 UTC,カレン,luxe-one-shoulder-top-2@example.invalid,,luxe-one-shoulder-top,,
期待どおりでした,色味が揃っていて統一感があります。花柄が派手すぎず上品でした。159cmでM、着丈73cmは表記どおりでした。色はミルクアプリコットホワイトを選びました。セットで着ると一気にまとまります。期待どおりでした。,5,2026-06-19 03:38:02 UTC,キョウカ,flowers-cotton-embroider-1@example.invalid,,flowers-cotton-embroidered-casual-shirt-set-up,,
リピートしたいです,上下揃っているので迷わず着られます。刺繍が丁寧で高見えします。160cmでM、着丈73cmは表記どおりでした。セットで着ると一気にまとまります。期待どおりでした。,5,2026-05-08 11:53:49 UTC,イロハ,flowers-cotton-embroider-2@example.invalid,,flowers-cotton-embroidered-casual-shirt-set-up,,
着心地が良いです,形がきれいで一枚で決まります。肩の出方がちょうど良いバランスでした。149cmでS、着丈68cm・胸囲112cmは表記どおりでした。色はミルクホワイトを選びました。スカートに合わせると女性らしくなります。この価格でこの質感なら満足です。,5,2026-06-29 15:00:53 UTC,イロハ,cotton-off-the-shoulder--1@example.invalid,,cotton-off-the-shoulder-embroidered-shirt,,
使いやすいです,顔まわりが明るく見えます。刺繍が丁寧で高見えします。163cmでM、着丈70cmは表記どおりでした。羽織りものとの相性も良さそうです。期待どおりでした。,5,2026-07-10 20:30:44 UTC,リン,cotton-off-the-shoulder--2@example.invalid,,cotton-off-the-shoulder-embroidered-shirt,,
お気に入りになりました,肌ざわりが良くてチクチクしません。花柄が派手すぎず上品でした。159cmでM、着丈56cm・胸囲85cmは表記どおりでした。色はブライトホワイトを選びました。ロングスカートと合わせるのが気に入っています。友達にも聞かれました。,5,2026-05-04 19:25:55 UTC,キョウカ,floral-knit-off-the-shou-1@example.invalid,,floral-knit-off-the-shoulder-cover-up-top,,
色味が可愛い,厚すぎず長い期間着られそうです。編み地がしっかりしていて安っぽくありません。148cmでS、着丈54cm・胸囲80cmは表記どおりでした。パンツでもスカートでも合います。出番が多くなりそうです。,5,2026-06-19 06:44:50 UTC,レイ,floral-knit-off-the-shou-2@example.invalid,,floral-knit-off-the-shoulder-cover-up-top,,
リピートしたいです,思ったより軽くて着やすいです。編み地がしっかりしていて安っぽくありません。162cmでM、着丈45cm・胸囲84cmは表記どおりでした。色はクリームホワイトを選びました。丈の短いトップスと相性が良いです。長く着られそうです。,5,2026-03-05 05:49:44 UTC,ヒヨリ,apricot-blossom-ice-silk-1@example.invalid,,apricot-blossom-ice-silk-knitted-cardigan-shorts-set-up,,
雰囲気が可愛い,羽織るだけで様になります。編み地がしっかりしていて安っぽくありません。157cmでM、着丈45cm・胸囲84cmは表記どおりでした。色味が落ち着いているので合わせやすいです。この価格でこの質感なら満足です。,5,2026-04-07 02:56:37 UTC,ルナ,apricot-blossom-ice-silk-2@example.invalid,,apricot-blossom-ice-silk-knitted-cardigan-shorts-set-up,,
可愛いです,シーンを選ばず着られそうです。デニムの色落ち加減がちょうど良かったです。150cmでXSを着用してちょうど良かったです。色はルートライトブルーを選びました。小物次第で印象を変えられます。期待どおりでした。,5,2026-06-23 23:55:08 UTC,アオイ,tranquility-denim-slip-d-1@example.invalid,,tranquility-denim-slip-dress,,
リピートしたいです,スタイルよく見えます。デニムの色落ち加減がちょうど良かったです。163cmでM、着丈82cm・ウエスト70cmは表記どおりでした。小物次第で印象を変えられます。買ってよかったです。,5,2026-04-26 14:15:36 UTC,ノア,tranquility-denim-slip-d-2@example.invalid,,tranquility-denim-slip-dress,,
期待どおりでした,合わせやすくて出番が多そうです。チェック柄の色合いが落ち着いていました。151cmでS、着丈51cmは表記どおりでした。体のラインがきれいに出ます。色はクラシックブラックを選びました。スカートに合わせると女性らしくなります。この価格でこの質感なら満足です。,5,2026-07-28 04:16:57 UTC,ヒヨリ,rising-check-slim-fit-t--1@example.invalid,,rising-check-slim-fit-t-shirt,,
写真どおりでした,形がきれいで一枚で決まります。チェック柄の色合いが落ち着いていました。150cmでS、着丈51cmは表記どおりでした。ほどよくフィットしてきれいに見えます。スカートに合わせると女性らしくなります。友達にも聞かれました。,5,2026-05-23 14:18:20 UTC,マナ,rising-check-slim-fit-t--2@example.invalid,,rising-check-slim-fit-t-shirt,,
期待どおりでした,色味が揃っていて統一感があります。フリルのボリュームがちょうど良いです。148cmでS、着丈57cm・ウエスト69cmは表記どおりでした。色はローストアーモンドを選びました。トップスだけ単品でも使えそうです。買ってよかったです。,5,2026-04-01 16:05:34 UTC,ヒナ,summer-ruffled-camisole--1@example.invalid,,summer-ruffled-camisole-skirt-set-up,,
使いやすいです,セットでも単品でも使えます。フリルのボリュームがちょうど良いです。164cmでM、着丈58cm・ウエスト73cmは表記どおりでした。小物を足すと印象が変わります。期待どおりでした。,5,2026-03-28 08:58:37 UTC,リオ,summer-ruffled-camisole--2@example.invalid,,summer-ruffled-camisole-skirt-set-up,,
お気に入りになりました,スタイルよく見えます。レースの繊細さが写真以上でした。153cmでS、総丈84cmは表記どおりでした。色はスターシーブルーを選びました。小物次第で印象を変えられます。期待どおりでした。,5,2026-07-28 22:31:57 UTC,フウカ,summer-night-lace-maxi-d-1@example.invalid,,summer-night-lace-maxi-dress,,
色味が可愛い,シーンを選ばず着られそうです。レースの繊細さが写真以上でした。160cmでM、総丈86cmは表記どおりでした。そのままでも十分様になります。長く着られそうです。,5,2026-04-24 06:52:14 UTC,アンナ,summer-night-lace-maxi-d-2@example.invalid,,summer-night-lace-maxi-dress,,
期待どおりでした,一枚で着られるので楽です。152cmでXS、総丈119cmは表記どおりでした。色はシーソルトミルクを選びました。そのままでも十分様になります。買ってよかったです。,5,2026-07-26 08:26:52 UTC,ユナ,bubbling-soda-printed-sl-1@example.invalid,,bubbling-soda-printed-slip-dress,,
着心地が良いです,スタイルよく見えます。158cmでS、総丈122cmは表記どおりでした。羽織りものを足せば長く着られそうです。また色違いも欲しくなりました。,5,2026-07-06 18:05:15 UTC,アンナ,bubbling-soda-printed-sl-2@example.invalid,,bubbling-soda-printed-slip-dress,,
期待どおりでした,スタイルよく見えます。156cmでS、着丈81cm・ウエスト66cmは表記どおりでした。色はクラウドホワイトを選びました。羽織りものを足せば長く着られそうです。友達にも聞かれました。,5,2026-04-16 07:46:48 UTC,アンナ,blue-hour-v-neck-double--1@example.invalid,,blue-hour-v-neck-double-sleeved-dress,,
写真どおりでした,シーンを選ばず着られそうです。151cmでXSを着用してちょうど良かったです。そのままでも十分様になります。期待どおりでした。,5,2026-07-08 13:04:37 UTC,ナギサ,blue-hour-v-neck-double--2@example.invalid,,blue-hour-v-neck-double-sleeved-dress,,
丈感がちょうどいい,動きやすくて助かります。156cmでS、ウエスト68cm・総丈104cmは表記どおりでした。ゆとりがあって締めつけ感がありません。色はクリームホワイトを選びました。コンパクトなトップスと相性が良いです。長く着られそうです。,5,2026-04-02 11:12:51 UTC,チヒロ,time-love-wide-leg-pants-1@example.invalid,,time-love-wide-leg-pants,,
使いやすいです,腰まわりが楽でした。157cmでS、ウエスト68cm・総丈104cmは表記どおりでした。ゆとりがあって締めつけ感がありません。ヒールを合わせると綺麗めになります。期待どおりでした。,5,2026-05-29 21:07:20 UTC,マナ,time-love-wide-leg-pants-2@example.invalid,,time-love-wide-leg-pants,,
期待どおりでした,シルエットがきれいに落ちます。プリーツがしっかりついていて動くたびにきれいです。157cmでM、ウエスト76cm・総丈65cmは表記どおりでした。色はブルーを選びました。スニーカーでも綺麗めでも合わせられます。また色違いも欲しくなりました。,5,2026-04-09 00:16:49 UTC,アカリ,running-waves-cotton-pop-1@example.invalid,,running-waves-cotton-poplin-pleated-midi-skirt,,
リピートしたいです,丈感がちょうど良かったです。プリーツがしっかりついていて動くたびにきれいです。151cmでXS、ウエスト68cm・総丈63cmは表記どおりでした。タイツを合わせれば秋冬もいけそうです。出番が多くなりそうです。,5,2026-04-22 12:34:45 UTC,アオイ,running-waves-cotton-pop-2@example.invalid,,running-waves-cotton-poplin-pleated-midi-skirt,,
使いやすいです,一枚で雰囲気が出ます。刺繍が丁寧で高見えします。152cmでXSを着用してちょうど良かったです。色はチーズミントを選びました。シンプルなトップスを合わせるだけで成立します。リピートしたいと思える一枚です。,5,2026-06-28 03:17:43 UTC,スミレ,embroidered-puffy-a-line-1@example.invalid,,embroidered-puffy-a-line-skirt,,
写真どおりでした,丈感がちょうど良かったです。Aラインのシルエットがきれいに出ます。151cmでSを着用してちょうど良かったです。スニーカーでも綺麗めでも合わせられます。出番が多くなりそうです。,5,2026-04-02 02:31:27 UTC,トワ,embroidered-puffy-a-line-2@example.invalid,,embroidered-puffy-a-line-skirt,,
買ってよかった,一枚で着られるので楽です。Aラインのシルエットがきれいに出ます。159cmでM、ウエスト87cm・胸囲93cmは表記どおりでした。色はルートライトブルーを選びました。小物次第で印象を変えられます。友達にも聞かれました。,5,2026-06-23 05:40:15 UTC,トワ,clear-sky-sleeveless-a-l-1@example.invalid,,clear-sky-sleeveless-a-line-dress,,
リピートしたいです,シーンを選ばず着られそうです。Aラインのシルエットがきれいに出ます。147cmでXS、ウエスト79cm・胸囲85cmは表記どおりでした。羽織りものを足せば長く着られそうです。出番が多くなりそうです。,5,2026-05-29 09:42:17 UTC,リオ,clear-sky-sleeveless-a-l-2@example.invalid,,clear-sky-sleeveless-a-line-dress,,
お気に入りになりました,一枚で着られるので楽です。リボンの位置が可愛くて気に入りました。151cmでS、着丈81cm・ウエスト66cmは表記どおりでした。色はトランクイルホワイトを選びました。そのままでも十分様になります。出番が多くなりそうです。,5,2026-04-30 13:08:28 UTC,イロハ,summer-stars-floral-ribb-1@example.invalid,,summer-stars-floral-ribbon-racer-dress,,
色味が可愛い,シーンを選ばず着られそうです。花柄が派手すぎず上品でした。162cmでM、着丈82cm・ウエスト70cmは表記どおりでした。羽織りものを足せば長く着られそうです。出番が多くなりそうです。,5,2026-05-05 02:48:17 UTC,ソラ,summer-stars-floral-ribb-2@example.invalid,,summer-stars-floral-ribbon-racer-dress,,
写真どおりでした,スタイルよく見えます。Aラインのシルエットがきれいに出ます。152cmでS、ウエスト65cm・胸囲85cmは表記どおりでした。色はローズピンクを選びました。小物次第で印象を変えられます。期待どおりでした。,5,2026-07-27 05:13:56 UTC,キョウカ,cherry-melon-sleeveless--1@example.invalid,,cherry-melon-sleeveless-halterneck-a-line-dress,,
色味が可愛い,シーンを選ばず着られそうです。ホルターネックで首まわりがすっきり見えます。151cmでS、ウエスト65cm・胸囲85cmは表記どおりでした。そのままでも十分様になります。買ってよかったです。,5,2026-07-27 00:59:35 UTC,ナナ,cherry-melon-sleeveless--2@example.invalid,,cherry-melon-sleeveless-halterneck-a-line-dress,,
期待どおりでした,合わせやすくて出番が多そうです。158cmでM、着丈53cm・胸囲114cmは表記どおりでした。色はガーデニアホワイトを選びました。デニムに合わせるだけで決まりました。友達にも聞かれました。,5,2026-07-18 03:29:27 UTC,ユメ,treetops-lyocell-ice-shi-1@example.invalid,,treetops-lyocell-ice-shirt-top,,
高見えします,形がきれいで一枚で決まります。156cmでM、着丈53cm・胸囲114cmは表記どおりでした。デニムに合わせるだけで決まりました。また色違いも欲しくなりました。,5,2026-04-30 16:23:23 UTC,ナナ,treetops-lyocell-ice-shi-2@example.invalid,,treetops-lyocell-ice-shirt-top,,
期待どおりでした,形がきれいで一枚で決まります。パフスリーブのふくらみが可愛いです。163cmでM、着丈63cm・ウエスト72cmは表記どおりでした。色はシルバーグレーを選びました。スカートに合わせると女性らしくなります。友達にも聞かれました。,5,2026-05-27 03:11:44 UTC,ヒヨリ,romantic-puff-sleeve-t-s-1@example.invalid,,romantic-puff-sleeve-t-shirt,,
色味が可愛い,合わせやすくて出番が多そうです。パフスリーブのふくらみが可愛いです。151cmでS、着丈62cm・ウエスト68cmは表記どおりでした。スカートに合わせると女性らしくなります。友達にも聞かれました。,5,2026-05-22 21:21:06 UTC,キョウカ,romantic-puff-sleeve-t-s-2@example.invalid,,romantic-puff-sleeve-t-shirt,,
高見えします,形がきれいで一枚で決まります。165cmでM、着丈51cm・胸囲100cmは表記どおりでした。色はミントグリーンを選びました。スカートに合わせると女性らしくなります。長く着られそうです。,5,2026-07-14 21:58:42 UTC,アオイ,lake-lyocell-beaded-shir-1@example.invalid,,lake-lyocell-beaded-shirt,,
丈感がちょうどいい,合わせやすくて出番が多そうです。153cmでS、着丈50cm・胸囲96cmは表記どおりでした。羽織りものとの相性も良さそうです。買ってよかったです。,5,2026-05-19 02:59:46 UTC,ユイ,lake-lyocell-beaded-shir-2@example.invalid,,lake-lyocell-beaded-shirt,,
丈感がちょうどいい,スタイルよく見えます。デニムの色落ち加減がちょうど良かったです。148cmでS、ウエスト69cm・胸囲87cmは表記どおりでした。色はネイビーブルーを選びました。小物次第で印象を変えられます。また色違いも欲しくなりました。,5,2026-03-11 06:50:27 UTC,スミレ,summer-cicadas-denim-v-n-1@example.invalid,,summer-cicadas-denim-v-neck-waist-dress,,
着心地が良いです,シーンを選ばず着られそうです。デニムの色落ち加減がちょうど良かったです。164cmでM、ウエスト73cm・胸囲91cmは表記どおりでした。羽織りものを足せば長く着られそうです。長く着られそうです。,5,2026-06-17 15:56:22 UTC,アカリ,summer-cicadas-denim-v-n-2@example.invalid,,summer-cicadas-denim-v-neck-waist-dress,,
使いやすいです,動きやすくて助かります。デニムの色落ち加減がちょうど良かったです。151cmでS、着丈101cm・ウエスト68cmは表記どおりでした。色はシーソルトブルーを選びました。ヒールを合わせると綺麗めになります。友達にも聞かれました。,5,2026-08-03 07:20:02 UTC,ホノカ,angels-ripped-jeans-1@example.invalid,,angels-ripped-jeans,,
期待どおりでした,腰まわりが楽でした。ヴィンテージ感のある色味が気に入りました。151cmでS、着丈101cm・ウエスト68cmは表記どおりでした。スニーカーでラフに履いています。買ってよかったです。,5,2026-03-01 10:29:02 UTC,ノア,angels-ripped-jeans-2@example.invalid,,angels-ripped-jeans,,
お気に入りになりました,カジュアルすぎず履けます。153cmでS、ウエスト66cm・総丈39cmは表記どおりでした。色はミルクティーアプリコットを選びました。ヒールを合わせると綺麗めになります。リピートしたいと思える一枚です。,5,2026-05-25 20:42:39 UTC,ユキ,summer-rome-shorts-1@example.invalid,,summer-rome-shorts,,
期待どおりでした,腰まわりが楽でした。162cmでM、ウエスト70cm・総丈40cmは表記どおりでした。スニーカーでラフに履いています。長く着られそうです。,5,2026-04-30 18:50:57 UTC,ツムギ,summer-rome-shorts-2@example.invalid,,summer-rome-shorts,,
買ってよかった,顔まわりが明るく見えます。155cmでS、着丈51cmは表記どおりでした。色はチーズホワイトを選びました。デニムに合わせるだけで決まりました。買ってよかったです。,5,2026-03-15 03:14:18 UTC,ミサキ,skin-friendly-crewneck-t-1@example.invalid,,skin-friendly-crewneck-t-shirt,,
使いやすいです,合わせやすくて出番が多そうです。158cmでM、着丈52cmは表記どおりでした。スカートに合わせると女性らしくなります。買ってよかったです。,5,2026-03-15 13:47:32 UTC,ユキ,skin-friendly-crewneck-t-2@example.invalid,,skin-friendly-crewneck-t-shirt,,
雰囲気が可愛い,肌ざわりが良くてチクチクしません。編み地がしっかりしていて安っぽくありません。150cmでS、着丈55cm・胸囲108cmは表記どおりでした。色はマイカホワイトを選びました。パンツでもスカートでも合います。買ってよかったです。,5,2026-07-01 20:44:02 UTC,ナナ,distant-tenderness-linen-1@example.invalid,,distant-tenderness-linen-knit-camisole-t-shirt-set,,
着心地が良いです,一枚で着ても様になります。編み地がしっかりしていて安っぽくありません。162cmでM、着丈56cm・胸囲112cmは表記どおりでした。パンツでもスカートでも合います。友達にも聞かれました。,5,2026-08-09 13:21:59 UTC,ホノカ,distant-tenderness-linen-2@example.invalid,,distant-tenderness-linen-knit-camisole-t-shirt-set,,
お気に入りになりました,形がきれいで一枚で決まります。刺繍が丁寧で高見えします。155cmでM、着丈52cmは表記どおりでした。色はセージグリーンを選びました。羽織りものとの相性も良さそうです。友達にも聞かれました。,5,2026-03-21 15:39:26 UTC,ハルカ,sealed-scent-embroidered-1@example.invalid,,sealed-scent-embroidered-t-shirt,,
色味が可愛い,合わせやすくて出番が多そうです。刺繍が丁寧で高見えします。154cmでS、着丈51cmは表記どおりでした。デニムに合わせるだけで決まりました。友達にも聞かれました。,5,2026-06-04 09:14:29 UTC,カナ,sealed-scent-embroidered-2@example.invalid,,sealed-scent-embroidered-t-shirt,,
写真どおりでした,顔まわりが明るく見えます。花柄が派手すぎず上品でした。150cmでS、着丈66cm・胸囲113cmは表記どおりでした。ゆとりがあって締めつけ感がありません。色はココナッツミルクホワイトを選びました。羽織りものとの相性も良さそうです。長く着られそうです。,5,2026-04-06 00:47:44 UTC,マイ,count-her-flowers-cool-l-1@example.invalid,,count-her-flowers-cool-loose-t-shirt,,
色味が可愛い,形がきれいで一枚で決まります。花柄が派手すぎず上品でした。165cmでM、着丈67cm・肩幅51cmは表記どおりでした。ルーズなシルエットで体型を拾いません。デニムに合わせるだけで決まりました。また色違いも欲しくなりました。,5,2026-06-26 05:54:33 UTC,ユイ,count-her-flowers-cool-l-2@example.invalid,,count-her-flowers-cool-loose-t-shirt,,
高見えします,色味が揃っていて統一感があります。158cmでS、着丈61cmは表記どおりでした。色はパールホワイトを選びました。トップスだけ単品でも使えそうです。出番が多くなりそうです。,5,2026-03-16 20:17:54 UTC,マオ,eternal-river-bandeau-to-1@example.invalid,,eternal-river-bandeau-top-wide-leg-trousers-set-up,,
使いやすいです,上下揃っているので迷わず着られます。153cmでS、着丈61cmは表記どおりでした。トップスだけ単品でも使えそうです。リピートしたいと思える一枚です。,5,2026-03-24 17:27:59 UTC,セナ,eternal-river-bandeau-to-2@example.invalid,,eternal-river-bandeau-top-wide-leg-trousers-set-up,,
色味が可愛い,合わせやすくて出番が多そうです。165cmでM、着丈60cm・胸囲104cmは表記どおりでした。色はアイボリーを選びました。デニムに合わせるだけで決まりました。友達にも聞かれました。,5,2026-07-05 19:42:08 UTC,アヤ,the-stars-sunscreen-silh-1@example.invalid,,the-stars-sunscreen-silhouette-top,,
期待どおりでした,形がきれいで一枚で決まります。151cmでS、着丈59cm・胸囲100cmは表記どおりでした。スカートに合わせると女性らしくなります。出番が多くなりそうです。,5,2026-03-01 08:21:43 UTC,ミサキ,the-stars-sunscreen-silh-2@example.invalid,,the-stars-sunscreen-silhouette-top,,
写真どおりでした,合わせやすくて出番が多そうです。レトロな雰囲気が可愛いです。159cmでM、着丈53cm・胸囲86cmは表記どおりでした。色はホワイトを選びました。スカートに合わせると女性らしくなります。買ってよかったです。,5,2026-04-25 04:32:15 UTC,ミナ,vintage-print-tops-1@example.invalid,,vintage-print-tops,,
お気に入りになりました,形がきれいで一枚で決まります。ヴィンテージ感のある色味が気に入りました。158cmでS、着丈52cm・胸囲82cmは表記どおりでした。デニムに合わせるだけで決まりました。出番が多くなりそうです。,5,2026-07-18 20:25:54 UTC,キョウカ,vintage-print-tops-2@example.invalid,,vintage-print-tops,,
使いやすいです,動きやすくて助かります。152cmでS、着丈101cm・ウエスト68cmは表記どおりでした。色はシルバーを選びました。スニーカーでラフに履いています。友達にも聞かれました。,5,2026-03-05 17:58:15 UTC,セナ,galaxy-silver-sequin-sho-1@example.invalid,,galaxy-silver-sequin-shorts-pants,,
写真どおりでした,カジュアルすぎず履けます。152cmでXSを着用してちょうど良かったです。コンパクトなトップスと相性が良いです。長く着られそうです。,5,2026-06-24 14:38:26 UTC,ユナ,galaxy-silver-sequin-sho-2@example.invalid,,galaxy-silver-sequin-shorts-pants,,
写真どおりでした,形がきれいで一枚で決まります。156cmでM、着丈53cm・胸囲86cmは表記どおりでした。色はホワイトを選びました。スカートに合わせると女性らしくなります。リピートしたいと思える一枚です。,5,2026-03-02 04:22:35 UTC,ココ,delicate-fat-pink-waist--1@example.invalid,,delicate-fat-pink-waist-shirt,,
高見えします,顔まわりが明るく見えます。155cmでM、着丈53cm・胸囲86cmは表記どおりでした。デニムに合わせるだけで決まりました。また色違いも欲しくなりました。,5,2026-04-05 06:26:56 UTC,サラ,delicate-fat-pink-waist--2@example.invalid,,delicate-fat-pink-waist-shirt,,
リピートしたいです,一枚で雰囲気が出ます。152cmでS、着丈48cm・ウエスト66cmは表記どおりでした。色はXを選びました。タイツを合わせれば秋冬もいけそうです。また色違いも欲しくなりました。,5,2026-05-06 02:03:45 UTC,ナオ,low-rise-straight-skirt-1@example.invalid,,low-rise-straight-skirt,,
色味が可愛い,丈感がちょうど良かったです。152cmでS、着丈48cm・ウエスト66cmは表記どおりでした。タイツを合わせれば秋冬もいけそうです。また色違いも欲しくなりました。,5,2026-07-31 15:11:00 UTC,モモ,low-rise-straight-skirt-2@example.invalid,,low-rise-straight-skirt,,
買ってよかった,合わせやすくて出番が多そうです。レースの繊細さが写真以上でした。149cmでXSを着用してちょうど良かったです。色はホワイトを選びました。スカートに合わせると女性らしくなります。また色違いも欲しくなりました。,5,2026-07-08 22:33:35 UTC,ハルカ,veins-of-roses-lace-tube-1@example.invalid,,veins-of-roses-lace-tube-top,,
可愛いです,顔まわりが明るく見えます。レースの繊細さが写真以上でした。158cmでM、着丈53cm・胸囲86cmは表記どおりでした。スカートに合わせると女性らしくなります。期待どおりでした。,5,2026-07-29 02:04:51 UTC,マイ,veins-of-roses-lace-tube-2@example.invalid,,veins-of-roses-lace-tube-top,,
色味が可愛い,スタイルよく見えます。レースの繊細さが写真以上でした。159cmでM、着丈82cm・ウエスト70cmは表記どおりでした。体のラインがきれいに出ます。色はクリームホワイトを選びました。小物次第で印象を変えられます。長く着られそうです。,5,2026-07-17 13:46:26 UTC,アオイ,cream-white-slim-lace-dr-1@example.invalid,,cream-white-slim-lace-dress,,
雰囲気が可愛い,一枚で着られるので楽です。レースの繊細さが写真以上でした。160cmでM、着丈82cm・ウエスト70cmは表記どおりでした。体のラインがきれいに出ます。小物次第で印象を変えられます。長く着られそうです。,5,2026-03-15 08:48:54 UTC,チヒロ,cream-white-slim-lace-dr-2@example.invalid,,cream-white-slim-lace-dress,,
期待どおりでした,シーンを選ばず着られそうです。160cmでM、着丈82cm・ウエスト70cmは表記どおりでした。色はオイルペインティングブラックを選びました。羽織りものを足せば長く着られそうです。買ってよかったです。,5,2026-06-06 23:14:49 UTC,ミク,black-print-midi-sundres-1@example.invalid,,black-print-midi-sundress,,
使いやすいです,一枚で着られるので楽です。147cmでXSを着用してちょうど良かったです。そのままでも十分様になります。出番が多くなりそうです。,5,2026-07-03 02:04:19 UTC,サヤ,black-print-midi-sundres-2@example.invalid,,black-print-midi-sundress,,
期待どおりでした,肩紐の位置がちょうど良かったです。レースの繊細さが写真以上でした。148cmでS、着丈54cm・胸囲80cmは表記どおりでした。色はアイボリーを選びました。シャツを羽織って抜け感を出しています。また色違いも欲しくなりました。,5,2026-05-16 11:14:34 UTC,ミオ,lace-bow-camisole-vest-1@example.invalid,,lace-bow-camisole-vest,,
使いやすいです,一枚でもインナーとしても使えます。リボンの位置が可愛くて気に入りました。164cmでM、着丈56cm・胸囲85cmは表記どおりでした。シャツを羽織って抜け感を出しています。買ってよかったです。,5,2026-04-04 19:39:37 UTC,ナオ,lace-bow-camisole-vest-2@example.invalid,,lace-bow-camisole-vest,,
可愛いです,シーンを選ばず着られそうです。レースの繊細さが写真以上でした。150cmでS、着丈81cm・ウエスト66cmは表記どおりでした。色はブラックを選びました。羽織りものを足せば長く着られそうです。期待どおりでした。,5,2026-03-20 08:06:18 UTC,ミク,black-cutout-lace-maxi-d-1@example.invalid,,black-cutout-lace-maxi-dress,,
写真どおりでした,スタイルよく見えます。カットアウトの位置が絶妙でした。160cmでM、着丈82cm・ウエスト70cmは表記どおりでした。羽織りものを足せば長く着られそうです。期待どおりでした。,5,2026-03-24 14:05:19 UTC,ツムギ,black-cutout-lace-maxi-d-2@example.invalid,,black-cutout-lace-maxi-dress,,
リピートしたいです,肌ざわりが良くてチクチクしません。編み地がしっかりしていて安っぽくありません。152cmでS、着丈81cm・ウエスト66cmは表記どおりでした。色はグレーを選びました。パンツでもスカートでも合います。買ってよかったです。,5,2026-05-16 19:54:23 UTC,ナナ,grey-v-neck-knitted-slip-1@example.invalid,,grey-v-neck-knitted-slip-dress,,
使いやすいです,一枚で着ても様になります。編み地がしっかりしていて安っぽくありません。157cmでM、着丈82cm・ウエスト70cmは表記どおりでした。インナーを足して重ね着もできます。買ってよかったです。,5,2026-03-06 12:15:18 UTC,フウカ,grey-v-neck-knitted-slip-2@example.invalid,,grey-v-neck-knitted-slip-dress,,
お気に入りになりました,丈感がちょうど良かったです。158cmでM、着丈49cm・ウエスト70cmは表記どおりでした。色はダークナイトブラックを選びました。シンプルなトップスを合わせるだけで成立します。買ってよかったです。,5,2026-03-03 23:37:27 UTC,アンナ,summer-skin-friendly-seq-1@example.invalid,,summer-skin-friendly-sequin-skirt,,
高見えします,一枚で雰囲気が出ます。159cmでM、着丈49cm・ウエスト70cmは表記どおりでした。タイツを合わせれば秋冬もいけそうです。友達にも聞かれました。,5,2026-04-07 08:51:59 UTC,リオ,summer-skin-friendly-seq-2@example.invalid,,summer-skin-friendly-sequin-skirt,,
色味が可愛い,色味が揃っていて統一感があります。花柄が派手すぎず上品でした。148cmでS、着丈52cm・胸囲82cmは表記どおりでした。色はホワイトを選びました。トップスだけ単品でも使えそうです。リピートしたいと思える一枚です。,5,2026-04-30 15:37:14 UTC,ルナ,three-dimensional-flower-1@example.invalid,,three-dimensional-flower-set-up,,
雰囲気が可愛い,上下揃っているので迷わず着られます。花柄が派手すぎず上品でした。156cmでM、着丈53cm・胸囲86cmは表記どおりでした。小物を足すと印象が変わります。この価格でこの質感なら満足です。,5,2026-04-22 11:38:54 UTC,ツムギ,three-dimensional-flower-2@example.invalid,,three-dimensional-flower-set-up,,
着心地が良いです,上下揃っているので迷わず着られます。149cmでS、着丈52cm・胸囲82cmは表記どおりでした。色はブラックを選びました。セットで着ると一気にまとまります。買ってよかったです。,5,2026-03-20 07:03:50 UTC,キョウカ,moon-shadow-black-versat-1@example.invalid,,moon-shadow-black-versatile-set-up,,
丈感がちょうどいい,セットでも単品でも使えます。153cmでS、着丈52cm・胸囲82cmは表記どおりでした。小物を足すと印象が変わります。また色違いも欲しくなりました。,5,2026-05-23 17:27:40 UTC,ナギサ,moon-shadow-black-versat-2@example.invalid,,moon-shadow-black-versatile-set-up,,
写真どおりでした,腰まわりが楽でした。デニムの色落ち加減がちょうど良かったです。157cmでS、着丈101cm・ウエスト68cmは表記どおりでした。色はブルーを選びました。ヒールを合わせると綺麗めになります。買ってよかったです。,5,2026-04-26 02:43:31 UTC,イロハ,blue-scent-casual-denim--1@example.invalid,,blue-scent-casual-denim-shorts,,
高見えします,カジュアルすぎず履けます。デニムの色落ち加減がちょうど良かったです。158cmでS、着丈101cm・ウエスト68cmは表記どおりでした。スニーカーでラフに履いています。また色違いも欲しくなりました。,5,2026-03-01 11:32:11 UTC,ユイ,blue-scent-casual-denim--2@example.invalid,,blue-scent-casual-denim-shorts,,
雰囲気が可愛い,上下揃っているので迷わず着られます。162cmでM、着丈53cm・胸囲86cmは表記どおりでした。色はブルーを選びました。トップスだけ単品でも使えそうです。期待どおりでした。,5,2026-07-11 03:10:18 UTC,アイ,simple-culottes-camisole-1@example.invalid,,simple-culottes-camisole-set-up,,
可愛いです,色味が揃っていて統一感があります。162cmでM、着丈53cm・胸囲86cmは表記どおりでした。トップスだけ単品でも使えそうです。リピートしたいと思える一枚です。,5,2026-03-29 08:02:35 UTC,カナ,simple-culottes-camisole-2@example.invalid,,simple-culottes-camisole-set-up,,
リピートしたいです,スタイルよく見えます。161cmでM、着丈82cm・ウエスト70cmは表記どおりでした。色はグレーを選びました。小物次第で印象を変えられます。この価格でこの質感なら満足です。,5,2026-07-24 09:02:20 UTC,リン,reflection-of-the-grass--1@example.invalid,,reflection-of-the-grass-dress,,
お気に入りになりました,一枚で着られるので楽です。148cmでS、着丈81cm・ウエスト66cmは表記どおりでした。小物次第で印象を変えられます。買ってよかったです。,5,2026-04-26 17:56:35 UTC,アイ,reflection-of-the-grass--2@example.invalid,,reflection-of-the-grass-dress,,
色味が可愛い,形がきれいで一枚で決まります。レースの繊細さが写真以上でした。152cmでS、着丈52cm・胸囲82cmは表記どおりでした。色はホワイトを選びました。スカートに合わせると女性らしくなります。友達にも聞かれました。,5,2026-07-27 07:39:01 UTC,リン,lace-sequined-fashion-sh-1@example.invalid,,lace-sequined-fashion-shirt,,
雰囲気が可愛い,合わせやすくて出番が多そうです。レースの繊細さが写真以上でした。155cmでS、着丈52cm・胸囲82cmは表記どおりでした。羽織りものとの相性も良さそうです。リピートしたいと思える一枚です。,5,2026-05-10 10:48:21 UTC,マリン,lace-sequined-fashion-sh-2@example.invalid,,lace-sequined-fashion-shirt,,
雰囲気が可愛い,シーンを選ばず着られそうです。レースの繊細さが写真以上でした。157cmでM、着丈82cm・ウエスト70cmは表記どおりでした。体のラインがきれいに出ます。色はガーデニアホワイトを選びました。羽織りものを足せば長く着られそうです。友達にも聞かれました。,5,2026-05-21 15:07:54 UTC,イロハ,slim-lace-slip-dress-1@example.invalid,,slim-lace-slip-dress,,
期待どおりでした,一枚で着られるので楽です。透け感は控えめでインナー次第で調整できます。153cmでS、着丈81cm・ウエスト66cmは表記どおりでした。体のラインがきれいに出ます。小物次第で印象を変えられます。友達にも聞かれました。,5,2026-05-16 19:45:06 UTC,ユイ,slim-lace-slip-dress-2@example.invalid,,slim-lace-slip-dress,,
高見えします,形がきれいで一枚で決まります。152cmでS、着丈46cm・肩幅34cmは表記どおりでした。色はホワイトを選びました。スカートに合わせると女性らしくなります。リピートしたいと思える一枚です。,5,2026-08-06 13:56:22 UTC,アイ,adventure-sail-top-1@example.invalid,,adventure-sail-top,,
買ってよかった,合わせやすくて出番が多そうです。156cmでS、着丈46cm・肩幅34cmは表記どおりでした。スカートに合わせると女性らしくなります。リピートしたいと思える一枚です。,5,2026-06-09 18:32:17 UTC,アンナ,adventure-sail-top-2@example.invalid,,adventure-sail-top,,
リピートしたいです,スタイルよく見えます。刺繍が丁寧で高見えします。150cmでS、ウエスト65cm・胸囲86cmは表記どおりでした。色はガーデニアホワイトを選びました。羽織りものを足せば長く着られそうです。また色違いも欲しくなりました。,5,2026-04-23 07:28:09 UTC,ミオ,lovefall-embroidered-cot-1@example.invalid,,lovefall-embroidered-cotton-tea-dress,,
高見えします,一枚で着られるので楽です。刺繍が丁寧で高見えします。172cmでLを着用してちょうど良かったです。羽織りものを足せば長く着られそうです。長く着られそうです。,5,2026-04-27 07:51:19 UTC,アンナ,lovefall-embroidered-cot-2@example.invalid,,lovefall-embroidered-cotton-tea-dress,,
写真どおりでした,色味が揃っていて統一感があります。163cmでM、着丈103cm・ウエスト72cmは表記どおりでした。色はブラックを選びました。トップスだけ単品でも使えそうです。期待どおりでした。,5,2026-08-02 10:28:45 UTC,ルナ,scoop-neck-shorts-set-up-1@example.invalid,,scoop-neck-shorts-set-up,,
リピートしたいです,上下揃っているので迷わず着られます。156cmでM、着丈103cm・ウエスト72cmは表記どおりでした。トップスだけ単品でも使えそうです。買ってよかったです。,5,2026-04-07 00:41:28 UTC,カナ,scoop-neck-shorts-set-up-2@example.invalid,,scoop-neck-shorts-set-up,,
使いやすいです,羽織るだけで様になります。編み地がしっかりしていて安っぽくありません。160cmでM、着丈62cm・胸囲110cmは表記どおりでした。色はグレーを選びました。シンプルな中身でもこれ一枚で決まります。リピートしたいと思える一枚です。,5,2026-05-14 12:17:38 UTC,ミオ,gray-knit-versatile-card-1@example.invalid,,gray-knit-versatile-cardigan-top,,
期待どおりでした,季節の変わり目に重宝しそうです。編み地がしっかりしていて安っぽくありません。157cmでM、着丈62cm・胸囲110cmは表記どおりでした。シンプルな中身でもこれ一枚で決まります。この価格でこの質感なら満足です。,5,2026-03-12 13:11:20 UTC,リン,gray-knit-versatile-card-2@example.invalid,,gray-knit-versatile-cardigan-top,,
リピートしたいです,厚すぎず長い期間着られそうです。レースの繊細さが写真以上でした。153cmでS、着丈101cm・ウエスト68cmは表記どおりでした。色はグレーを選びました。ロングスカートと合わせるのが気に入っています。この価格でこの質感なら満足です。,5,2026-06-18 15:48:24 UTC,カナ,knitted-lace-high-rise-f-1@example.invalid,,knitted-lace-high-rise-flared-pants,,
買ってよかった,肌ざわりが良くてチクチクしません。編み地がしっかりしていて安っぽくありません。151cmでS、着丈101cm・ウエスト68cmは表記どおりでした。インナーを足して重ね着もできます。この価格でこの質感なら満足です。,5,2026-03-07 21:46:56 UTC,アカリ,knitted-lace-high-rise-f-2@example.invalid,,knitted-lace-high-rise-flared-pants,,
お気に入りになりました,色味が揃っていて統一感があります。ストライプの幅がちょうど良いです。150cmでS、着丈48cm・ウエスト66cmは表記どおりでした。色はクラウドホワイトを選びました。小物を足すと印象が変わります。友達にも聞かれました。,5,2026-06-09 11:10:28 UTC,カナ,light-wine-cloud-stripes-1@example.invalid,,light-wine-cloud-stripes-skirt-set-up,,
高見えします,上下揃っているので迷わず着られます。ストライプの幅がちょうど良いです。150cmでS、着丈48cm・ウエスト66cmは表記どおりでした。小物を足すと印象が変わります。友達にも聞かれました。,5,2026-04-06 04:20:22 UTC,ヒナ,light-wine-cloud-stripes-2@example.invalid,,light-wine-cloud-stripes-skirt-set-up,,
可愛いです,合わせやすくて出番が多そうです。レースの繊細さが写真以上でした。160cmでM、着丈53cm・胸囲86cmは表記どおりでした。色はアプリコットを選びました。デニムに合わせるだけで決まりました。買ってよかったです。,5,2026-05-16 10:46:24 UTC,フウカ,pure-lace-strap-slim-und-1@example.invalid,,pure-lace-strap-slim-underwear-top,,
買ってよかった,顔まわりが明るく見えます。レースの繊細さが写真以上でした。155cmでM、着丈53cm・胸囲86cmは表記どおりでした。羽織りものとの相性も良さそうです。買ってよかったです。,5,2026-06-21 01:46:28 UTC,ココ,pure-lace-strap-slim-und-2@example.invalid,,pure-lace-strap-slim-underwear-top,,
期待どおりでした,丈感がちょうど良かったです。165cmでM、着丈49cm・ウエスト70cmは表記どおりでした。体のラインがきれいに出ます。色はグレーを選びました。シンプルなトップスを合わせるだけで成立します。友達にも聞かれました。,5,2026-07-04 20:25:36 UTC,アイ,lime-slim-fit-skirt-1@example.invalid,,lime-slim-fit-skirt,,
リピートしたいです,シルエットがきれいに落ちます。150cmでS、着丈48cm・ウエスト66cmは表記どおりでした。ほどよくフィットしてきれいに見えます。スニーカーでも綺麗めでも合わせられます。この価格でこの質感なら満足です。,5,2026-06-19 14:04:19 UTC,マリン,lime-slim-fit-skirt-2@example.invalid,,lime-slim-fit-skirt,,
着心地が良いです,季節の変わり目に重宝しそうです。161cmでM、着丈55cm・肩幅49cmは表記どおりでした。ゆとりがあって締めつけ感がありません。色はオニキスグレーを選びました。色味が落ち着いているので合わせやすいです。また色違いも欲しくなりました。,5,2026-03-22 11:31:32 UTC,フウカ,dreamy-expectations-wool-1@example.invalid,,dreamy-expectations-wool-over-shirt,,
高見えします,羽織るだけで様になります。148cmでS、着丈53cm・肩幅48cmは表記どおりでした。ゆとりがあって締めつけ感がありません。シンプルな中身でもこれ一枚で決まります。出番が多くなりそうです。,5,2026-05-08 18:32:40 UTC,ココ,dreamy-expectations-wool-2@example.invalid,,dreamy-expectations-wool-over-shirt,,
お気に入りになりました,一枚で着られるので楽です。156cmでM、着丈82cm・ウエスト70cmは表記どおりでした。色はフラワーを選びました。そのままでも十分様になります。出番が多くなりそうです。,5,2026-07-07 19:53:05 UTC,マナ,high-end-irregular-tempe-1@example.invalid,,high-end-irregular-temperament-dress,,
期待どおりでした,シーンを選ばず着られそうです。157cmでM、着丈82cm・ウエスト70cmは表記どおりでした。小物次第で印象を変えられます。出番が多くなりそうです。,5,2026-04-16 09:03:56 UTC,ユイ,high-end-irregular-tempe-2@example.invalid,,high-end-irregular-temperament-dress,,
着心地が良いです,一枚で着られるので楽です。155cmでS、着丈81cm・ウエスト66cmは表記どおりでした。体のラインがきれいに出ます。色はネイビーを選びました。そのままでも十分様になります。買ってよかったです。,5,2026-07-07 07:39:24 UTC,ツムギ,slim-line-maxi-skirt-dre-1@example.invalid,,slim-line-maxi-skirt-dress,,
可愛いです,スタイルよく見えます。165cmでM、着丈82cm・ウエスト70cmは表記どおりでした。体のラインがきれいに出ます。小物次第で印象を変えられます。買ってよかったです。,5,2026-06-07 04:38:22 UTC,イロハ,slim-line-maxi-skirt-dre-2@example.invalid,,slim-line-maxi-skirt-dress,,
リピートしたいです,一枚で着ても様になります。編み地がしっかりしていて安っぽくありません。160cmでM、着丈56cm・胸囲85cmは表記どおりでした。色はブラックを選びました。ロングスカートと合わせるのが気に入っています。この価格でこの質感なら満足です。,5,2026-06-07 03:17:20 UTC,イロハ,knitted-bell-sleeve-t-sh-1@example.invalid,,knitted-bell-sleeve-t-shirt,,
高見えします,肌ざわりが良くてチクチクしません。編み地がしっかりしていて安っぽくありません。156cmでM、着丈56cm・胸囲85cmは表記どおりでした。インナーを足して重ね着もできます。また色違いも欲しくなりました。,5,2026-08-01 05:09:44 UTC,トワ,knitted-bell-sleeve-t-sh-2@example.invalid,,knitted-bell-sleeve-t-shirt,,
写真どおりでした,スタイルよく見えます。リボンの位置が可愛くて気に入りました。153cmでS、着丈81cm・ウエスト66cmは表記どおりでした。色はブラックを選びました。小物次第で印象を変えられます。買ってよかったです。,5,2026-07-08 12:32:02 UTC,ユキ,sweet-content-bow-dress-1@example.invalid,,sweet-content-bow-dress,,
期待どおりでした,シーンを選ばず着られそうです。リボンの位置が可愛くて気に入りました。157cmでS、着丈81cm・ウエスト66cmは表記どおりでした。そのままでも十分様になります。期待どおりでした。,5,2026-07-14 04:10:36 UTC,アイ,sweet-content-bow-dress-2@example.invalid,,sweet-content-bow-dress,,
期待どおりでした,一枚で着られるので楽です。154cmでS、着丈81cm・ウエスト66cmは表記どおりでした。色はホワイトを選びました。羽織りものを足せば長く着られそうです。友達にも聞かれました。,5,2026-05-02 20:28:19 UTC,シオリ,waist-drawn-in-flat-shou-1@example.invalid,,waist-drawn-in-flat-shoulder-sleeveless-gradient-dress,,
着心地が良いです,スタイルよく見えます。157cmでS、着丈81cm・ウエスト66cmは表記どおりでした。小物次第で印象を変えられます。買ってよかったです。,5,2026-05-07 04:44:29 UTC,ミオ,waist-drawn-in-flat-shou-2@example.invalid,,waist-drawn-in-flat-shoulder-sleeveless-gradient-dress,,
買ってよかった,セットでも単品でも使えます。プリーツがしっかりついていて動くたびにきれいです。155cmでM、着丈49cm・ウエスト70cmは表記どおりでした。色はグレーを選びました。小物を足すと印象が変わります。リピートしたいと思える一枚です。,5,2026-04-25 07:39:54 UTC,ルナ,press-pleated-vest-skirt-1@example.invalid,,press-pleated-vest-skirt-set-up,,
高見えします,上下揃っているので迷わず着られます。プリーツがしっかりついていて動くたびにきれいです。153cmでS、着丈48cm・ウエスト66cmは表記どおりでした。トップスだけ単品でも使えそうです。友達にも聞かれました。,5,2026-03-29 02:58:36 UTC,トワ,press-pleated-vest-skirt-2@example.invalid,,press-pleated-vest-skirt-set-up,,
色味が可愛い,セットでも単品でも使えます。153cmでS、着丈52cm・胸囲82cmは表記どおりでした。色はブラックを選びました。小物を足すと印象が変わります。また色違いも欲しくなりました。,5,2026-04-21 16:33:52 UTC,ルナ,dark-night-little-fragra-1@example.invalid,,dark-night-little-fragrance-set-up,,
雰囲気が可愛い,上下揃っているので迷わず着られます。151cmでS、着丈52cm・胸囲82cmは表記どおりでした。トップスだけ単品でも使えそうです。出番が多くなりそうです。,5,2026-04-28 04:00:29 UTC,ミナ,dark-night-little-fragra-2@example.invalid,,dark-night-little-fragrance-set-up,,
可愛いです,上下揃っているので迷わず着られます。152cmでS、着丈52cm・胸囲82cmは表記どおりでした。色はブルーを選びました。トップスだけ単品でも使えそうです。リピートしたいと思える一枚です。,5,2026-06-10 05:23:06 UTC,カナ,sports-daughter-fake-two-1@example.invalid,,sports-daughter-fake-two-set-up,,
買ってよかった,セットでも単品でも使えます。155cmでM、着丈53cm・胸囲86cmは表記どおりでした。小物を足すと印象が変わります。リピートしたいと思える一枚です。,5,2026-04-25 13:38:32 UTC,ミオ,sports-daughter-fake-two-2@example.invalid,,sports-daughter-fake-two-set-up,,
お気に入りになりました,肌ざわりが良くてチクチクしません。編み地がしっかりしていて安っぽくありません。158cmでM、着丈82cm・ウエスト70cmは表記どおりでした。ほどよくフィットしてきれいに見えます。色はホワイト×ブルーを選びました。インナーを足して重ね着もできます。買ってよかったです。,5,2026-08-09 11:05:35 UTC,シオリ,velvet-stretch-neck-knit-1@example.invalid,,velvet-stretch-neck-knitted-dress,,
リピートしたいです,厚すぎず長い期間着られそうです。編み地がしっかりしていて安っぽくありません。157cmでM、着丈82cm・ウエスト70cmは表記どおりでした。ほどよくフィットしてきれいに見えます。ロングスカートと合わせるのが気に入っています。この価格でこの質感なら満足です。,5,2026-04-05 04:13:59 UTC,セナ,velvet-stretch-neck-knit-2@example.invalid,,velvet-stretch-neck-knitted-dress,,
着心地が良いです,形がきれいで一枚で決まります。リボンの位置が可愛くて気に入りました。162cmでM、着丈53cm・胸囲86cmは表記どおりでした。色はライトグレーを選びました。スカートに合わせると女性らしくなります。また色違いも欲しくなりました。,5,2026-05-08 23:54:40 UTC,ユイ,long-confession-bow-t-sh-1@example.invalid,,long-confession-bow-t-shirt,,
色味が可愛い,顔まわりが明るく見えます。リボンの位置が可愛くて気に入りました。148cmでS、着丈52cm・胸囲82cmは表記どおりでした。羽織りものとの相性も良さそうです。リピートしたいと思える一枚です。,5,2026-07-20 23:08:03 UTC,サキ,long-confession-bow-t-sh-2@example.invalid,,long-confession-bow-t-shirt,,
可愛いです,シーンを選ばず着られそうです。148cmでS、着丈81cm・ウエスト66cmは表記どおりでした。色はホワイトを選びました。小物次第で印象を変えられます。買ってよかったです。,5,2026-07-17 10:08:28 UTC,ユメ,college-style-hot-girl-t-1@example.invalid,,college-style-hot-girl-tea-break-dress,,
買ってよかった,スタイルよく見えます。163cmでM、着丈82cm・ウエスト70cmは表記どおりでした。小物次第で印象を変えられます。長く着られそうです。,5,2026-04-07 23:09:25 UTC,カナ,college-style-hot-girl-t-2@example.invalid,,college-style-hot-girl-tea-break-dress,,
丈感がちょうどいい,セットでも単品でも使えます。150cmでS、着丈48cm・ウエスト66cmは表記どおりでした。色はブラウンを選びました。小物を足すと印象が変わります。リピートしたいと思える一枚です。,5,2026-05-28 02:37:10 UTC,ニナ,camisole-skirt-two-piece-1@example.invalid,,camisole-skirt-two-piece-set-up,,
雰囲気が可愛い,上下揃っているので迷わず着られます。158cmでS、着丈48cm・ウエスト66cmは表記どおりでした。セットで着ると一気にまとまります。買ってよかったです。,5,2026-07-14 17:41:30 UTC,キョウカ,camisole-skirt-two-piece-2@example.invalid,,camisole-skirt-two-piece-set-up,,
丈感がちょうどいい,色味が揃っていて統一感があります。155cmでS、着丈48cm・ウエスト66cmは表記どおりでした。色はホワイトを選びました。トップスだけ単品でも使えそうです。長く着られそうです。,5,2026-05-04 08:10:55 UTC,エマ,beaded-camisole-and-skir-1@example.invalid,,beaded-camisole-and-skirt-set-up,,
買ってよかった,上下揃っているので迷わず着られます。156cmでS、着丈48cm・ウエスト66cmは表記どおりでした。トップスだけ単品でも使えそうです。この価格でこの質感なら満足です。,5,2026-03-02 20:07:52 UTC,アカリ,beaded-camisole-and-skir-2@example.invalid,,beaded-camisole-and-skirt-set-up,,
リピートしたいです,一枚で雰囲気が出ます。刺繍が丁寧で高見えします。168cmでL、着丈50cm・ウエスト74cmは表記どおりでした。色はホワイトを選びました。タイツを合わせれば秋冬もいけそうです。期待どおりでした。,5,2026-04-05 18:06:57 UTC,アンナ,white-cake-puffy-embroid-1@example.invalid,,white-cake-puffy-embroidered-skirt,,
お気に入りになりました,シルエットがきれいに落ちます。刺繍が丁寧で高見えします。151cmでS、着丈48cm・ウエスト66cmは表記どおりでした。タイツを合わせれば秋冬もいけそうです。買ってよかったです。,5,2026-05-17 04:48:23 UTC,ナナ,white-cake-puffy-embroid-2@example.invalid,,white-cake-puffy-embroidered-skirt,,
丈感がちょうどいい,合わせやすくて出番が多そうです。162cmでM、着丈53cm・胸囲86cmは表記どおりでした。色はブラックを選びました。スカートに合わせると女性らしくなります。買ってよかったです。,5,2026-06-25 00:06:35 UTC,ナオ,polo-neck-short-sleeved--1@example.invalid,,polo-neck-short-sleeved-stretch-panelled-top,,
色味が可愛い,顔まわりが明るく見えます。148cmでS、着丈52cm・胸囲82cmは表記どおりでした。羽織りものとの相性も良さそうです。リピートしたいと思える一枚です。,5,2026-07-05 15:22:03 UTC,アイ,polo-neck-short-sleeved--2@example.invalid,,polo-neck-short-sleeved-stretch-panelled-top,,
着心地が良いです,スタイルよく見えます。156cmでM、着丈82cm・ウエスト70cmは表記どおりでした。色はカレッジグレーを選びました。そのままでも十分様になります。また色違いも欲しくなりました。,5,2026-05-15 16:08:03 UTC,カレン,short-sleeve-college-sui-1@example.invalid,,short-sleeve-college-suit-dress-1,,
期待どおりでした,一枚で着られるので楽です。149cmでS、着丈81cm・ウエスト66cmは表記どおりでした。そのままでも十分様になります。買ってよかったです。,5,2026-07-06 09:00:29 UTC,シオリ,short-sleeve-college-sui-2@example.invalid,,short-sleeve-college-suit-dress-1,,
可愛いです,一枚でもインナーとしても使えます。花柄が派手すぎず上品でした。162cmでL、着丈54cm・胸囲90cmは表記どおりでした。色はパープルを選びました。カーディガンと重ねても可愛いです。出番が多くなりそうです。,5,2026-05-19 04:55:01 UTC,リオ,flower-embroidery-camiso-1@example.invalid,,flower-embroidery-camisole-top,,
使いやすいです,肩紐の位置がちょうど良かったです。刺繍が丁寧で高見えします。165cmでL、着丈54cm・胸囲90cmは表記どおりでした。シャツを羽織って抜け感を出しています。リピートしたいと思える一枚です。,5,2026-05-16 16:19:37 UTC,カレン,flower-embroidery-camiso-2@example.invalid,,flower-embroidery-camisole-top,,
リピートしたいです,合わせやすくて出番が多そうです。164cmでM、着丈56cm・胸囲85cmは表記どおりでした。色はローズレッドを選びました。スカートに合わせると女性らしくなります。この価格でこの質感なら満足です。,5,2026-07-10 09:17:19 UTC,ナギサ,solid-color-backless-str-1@example.invalid,,solid-color-backless-strappy-vest-top,,
可愛いです,形がきれいで一枚で決まります。155cmでM、着丈56cm・胸囲85cmは表記どおりでした。羽織りものとの相性も良さそうです。友達にも聞かれました。,5,2026-07-03 01:47:47 UTC,リオ,solid-color-backless-str-2@example.invalid,,solid-color-backless-strappy-vest-top,,
使いやすいです,腰まわりが楽でした。150cmでS、着丈101cm・ウエスト68cmは表記どおりでした。色はブルーを選びました。スニーカーでラフに履いています。また色違いも欲しくなりました。,5,2026-07-05 21:31:21 UTC,アンナ,pocket-blue-pants-1@example.invalid,,pocket-blue-pants,,
写真どおりでした,カジュアルすぎず履けます。158cmでS、着丈101cm・ウエスト68cmは表記どおりでした。コンパクトなトップスと相性が良いです。この価格でこの質感なら満足です。,5,2026-06-01 05:31:59 UTC,トワ,pocket-blue-pants-2@example.invalid,,pocket-blue-pants,,
写真どおりでした,色味が揃っていて統一感があります。157cmでS、着丈52cm・胸囲82cmは表記どおりでした。色はパープルを選びました。セットで着ると一気にまとまります。この価格でこの質感なら満足です。,5,2026-04-09 12:33:51 UTC,ミオ,two-piece-cherry-bandeau-1@example.invalid,,two-piece-cherry-bandeau-camisole-set-up,,
着心地が良いです,上下揃っているので迷わず着られます。163cmでM、着丈53cm・胸囲86cmは表記どおりでした。セットで着ると一気にまとまります。出番が多くなりそうです。,5,2026-04-06 22:29:54 UTC,サヤ,two-piece-cherry-bandeau-2@example.invalid,,two-piece-cherry-bandeau-camisole-set-up,,
雰囲気が可愛い,形がきれいで一枚で決まります。152cmでS、着丈52cm・胸囲82cmは表記どおりでした。体のラインがきれいに出ます。色はイエローを選びました。羽織りものとの相性も良さそうです。友達にも聞かれました。,5,2026-06-22 08:55:15 UTC,マオ,crew-neck-tomato-slim-t--1@example.invalid,,crew-neck-tomato-slim-t-shirt,,
買ってよかった,合わせやすくて出番が多そうです。151cmでS、着丈52cm・胸囲82cmは表記どおりでした。ほどよくフィットしてきれいに見えます。羽織りものとの相性も良さそうです。長く着られそうです。,5,2026-06-08 23:39:36 UTC,サヤ,crew-neck-tomato-slim-t--2@example.invalid,,crew-neck-tomato-slim-t-shirt,,
丈感がちょうどいい,カジュアルすぎず履けます。170cmでL、着丈105cm・ウエスト76cmは表記どおりでした。ゆとりがあって締めつけ感がありません。色はホワイトを選びました。スニーカーでラフに履いています。出番が多くなりそうです。,5,2026-05-08 04:42:53 UTC,リオ,white-layered-wide-leg-p-1@example.invalid,,white-layered-wide-leg-pants,,
色味が可愛い,動きやすくて助かります。157cmでS、着丈101cm・ウエスト68cmは表記どおりでした。ゆとりがあって締めつけ感がありません。コンパクトなトップスと相性が良いです。友達にも聞かれました。,5,2026-05-23 16:18:39 UTC,アイ,white-layered-wide-leg-p-2@example.invalid,,white-layered-wide-leg-pants,,
着心地が良いです,一枚で雰囲気が出ます。リボンの位置が可愛くて気に入りました。158cmでM、着丈49cm・ウエスト70cmは表記どおりでした。色はブルーを選びました。シンプルなトップスを合わせるだけで成立します。リピートしたいと思える一枚です。,5,2026-07-19 22:01:07 UTC,ホノカ,college-check-bow-midi-s-1@example.invalid,,college-check-bow-midi-skirt,,
写真どおりでした,シルエットがきれいに落ちます。チェック柄の色合いが落ち着いていました。162cmでM、着丈49cm・ウエスト70cmは表記どおりでした。スニーカーでも綺麗めでも合わせられます。友達にも聞かれました。,5,2026-08-09 02:26:25 UTC,ニナ,college-check-bow-midi-s-2@example.invalid,,college-check-bow-midi-skirt,,
買ってよかった,合わせやすくて出番が多そうです。肩の出方がちょうど良いバランスでした。158cmでS、着丈52cm・胸囲82cmは表記どおりでした。色はホワイトを選びました。羽織りものとの相性も良さそうです。出番が多くなりそうです。,5,2026-04-25 20:42:24 UTC,アオイ,premium-off-shoulder-lon-1@example.invalid,,premium-off-shoulder-long-sleeve-top,,
お気に入りになりました,形がきれいで一枚で決まります。肩の出方がちょうど良いバランスでした。167cmでL、着丈54cm・胸囲90cmは表記どおりでした。スカートに合わせると女性らしくなります。出番が多くなりそうです。,5,2026-04-12 11:14:23 UTC,コハル,premium-off-shoulder-lon-2@example.invalid,,premium-off-shoulder-long-sleeve-top,,
丈感がちょうどいい,色味が揃っていて統一感があります。レースの繊細さが写真以上でした。170cmでL、着丈54cm・胸囲90cmは表記どおりでした。体のラインがきれいに出ます。色はホワイトを選びました。小物を足すと印象が変わります。また色違いも欲しくなりました。,5,2026-07-26 10:12:02 UTC,リオ,slim-flower-lace-camisol-1@example.invalid,,slim-flower-lace-camisole-set-up,,
写真どおりでした,上下揃っているので迷わず着られます。花柄が派手すぎず上品でした。169cmでL、着丈54cm・胸囲90cmは表記どおりでした。体のラインがきれいに出ます。トップスだけ単品でも使えそうです。また色違いも欲しくなりました。,5,2026-08-01 18:17:04 UTC,ココ,slim-flower-lace-camisol-2@example.invalid,,slim-flower-lace-camisole-set-up,,
雰囲気が可愛い,シーンを選ばず着られそうです。ホルターネックで首まわりがすっきり見えます。148cmでSを着用してちょうど良かったです。色はブルーを選びました。羽織りものを足せば長く着られそうです。また色違いも欲しくなりました。,5,2026-05-17 16:29:47 UTC,ミナ,summer-halter-dress-1@example.invalid,,summer-halter-dress,,
リピートしたいです,一枚で着られるので楽です。ホルターネックで首まわりがすっきり見えます。149cmでSを着用してちょうど良かったです。そのままでも十分様になります。買ってよかったです。,5,2026-06-15 17:11:23 UTC,ココ,summer-halter-dress-2@example.invalid,,summer-halter-dress,,
丈感がちょうどいい,肩紐の位置がちょうど良かったです。162cmでLを着用してちょうど良かったです。色はブラックを選びました。カーディガンと重ねても可愛いです。長く着られそうです。,5,2026-06-26 14:40:26 UTC,ミナ,chic-beaded-camisole-top-1@example.invalid,,chic-beaded-camisole-top,,
可愛いです,一枚でもインナーとしても使えます。166cmでLを着用してちょうど良かったです。ハイウエストのボトムスと合わせています。期待どおりでした。,5,2026-07-02 05:03:10 UTC,ルナ,chic-beaded-camisole-top-2@example.invalid,,chic-beaded-camisole-top,,
写真どおりでした,腰まわりが楽でした。167cmでL、着丈111cm・ウエスト75cmは表記どおりでした。ゆとりがあって締めつけ感がありません。色はブルーを選びました。コンパクトなトップスと相性が良いです。友達にも聞かれました。,5,2026-07-17 09:51:19 UTC,イロハ,luxe-loose-leg-sports-pa-1@example.invalid,,luxe-loose-leg-sports-pants,,
可愛いです,動きやすくて助かります。150cmでS、着丈105cm・ウエスト67cmは表記どおりでした。ルーズなシルエットで体型を拾いません。コンパクトなトップスと相性が良いです。出番が多くなりそうです。,5,2026-06-25 18:44:42 UTC,マリン,luxe-loose-leg-sports-pa-2@example.invalid,,luxe-loose-leg-sports-pants,,
リピートしたいです,形がきれいで一枚で決まります。163cmでM、着丈46cm・胸囲80cmは表記どおりでした。体のラインがきれいに出ます。色はピンクを選びました。デニムに合わせるだけで決まりました。この価格でこの質感なら満足です。,5,2026-04-16 02:18:45 UTC,ミナ,sweet-graffiti-slim-fit--1@example.invalid,,sweet-graffiti-slim-fit-top,,
雰囲気が可愛い,合わせやすくて出番が多そうです。157cmでS、着丈45cm・胸囲76cmは表記どおりでした。ほどよくフィットしてきれいに見えます。羽織りものとの相性も良さそうです。長く着られそうです。,5,2026-03-04 19:33:33 UTC,トワ,sweet-graffiti-slim-fit--2@example.invalid,,sweet-graffiti-slim-fit-top,,
高見えします,合わせやすくて出番が多そうです。166cmでL、着丈45cm・胸囲80cmは表記どおりでした。色はイエローブラウンを選びました。スカートに合わせると女性らしくなります。期待どおりでした。,5,2026-03-14 04:59:23 UTC,ニナ,summer-cat-tee-1@example.invalid,,summer-cat-tee,,
写真どおりでした,顔まわりが明るく見えます。159cmでM、着丈44cm・胸囲76cmは表記どおりでした。羽織りものとの相性も良さそうです。友達にも聞かれました。,5,2026-06-14 15:46:43 UTC,サキ,summer-cat-tee-2@example.invalid,,summer-cat-tee,,
買ってよかった,動きやすくて助かります。161cmでM、ウエスト70cm・総丈104cmは表記どおりでした。色はレッドを選びました。コンパクトなトップスと相性が良いです。期待どおりでした。,5,2026-05-18 08:47:15 UTC,トワ,summer-flare-pants-1@example.invalid,,summer-flare-pants,,
使いやすいです,腰まわりが楽でした。165cmでM、ウエスト70cm・総丈104cmは表記どおりでした。コンパクトなトップスと相性が良いです。友達にも聞かれました。,5,2026-05-30 08:50:58 UTC,ナギサ,summer-flare-pants-2@example.invalid,,summer-flare-pants,,
可愛いです,腰まわりが楽でした。デニムの色落ち加減がちょうど良かったです。163cmでL、着丈112cm・ウエスト78cmは表記どおりでした。色はブルーを選びました。コンパクトなトップスと相性が良いです。また色違いも欲しくなりました。,5,2026-04-26 11:07:15 UTC,マナ,vintage-black-lotus-leaf-1@example.invalid,,vintage-black-lotus-leaf-jeans,,
写真どおりでした,カジュアルすぎず履けます。ヴィンテージ感のある色味が気に入りました。159cmでM、着丈109cm・ウエスト74cmは表記どおりでした。ヒールを合わせると綺麗めになります。期待どおりでした。,5,2026-03-29 09:24:10 UTC,セナ,vintage-black-lotus-leaf-2@example.invalid,,vintage-black-lotus-leaf-jeans,,
写真どおりでした,カジュアルすぎず履けます。167cmでL、ウエスト78cm・総丈106cmは表記どおりでした。色はイエローを選びました。ヒールを合わせると綺麗めになります。長く着られそうです。,5,2026-07-26 23:34:55 UTC,アヤ,yellow-summer-work-pants-1@example.invalid,,yellow-summer-work-pants,,
雰囲気が可愛い,動きやすくて助かります。156cmでS、ウエスト70cm・総丈100cmは表記どおりでした。コンパクトなトップスと相性が良いです。この価格でこの質感なら満足です。,5,2026-04-22 00:40:23 UTC,マイ,yellow-summer-work-pants-2@example.invalid,,yellow-summer-work-pants,,
着心地が良いです,スタイルよく見えます。157cmでM、着丈93cm・胸囲80cmは表記どおりでした。色はオレンジを選びました。そのままでも十分様になります。また色違いも欲しくなりました。,5,2026-05-06 19:05:20 UTC,カナ,summer-waist-sense-dress-1@example.invalid,,summer-waist-sense-dress,,
買ってよかった,一枚で着られるので楽です。158cmでS、着丈91cm・胸囲76cmは表記どおりでした。羽織りものを足せば長く着られそうです。長く着られそうです。,5,2026-05-25 04:20:25 UTC,セナ,summer-waist-sense-dress-2@example.invalid,,summer-waist-sense-dress,,
可愛いです,一枚でもインナーとしても使えます。レースの繊細さが写真以上でした。157cmでSを着用してちょうど良かったです。色はホワイトを選びました。シャツを羽織って抜け感を出しています。期待どおりでした。,5,2026-06-11 23:35:18 UTC,ヒナ,lace-bow-camisole-white--1@example.invalid,,lace-bow-camisole-white-top,,
丈感がちょうどいい,肩紐の位置がちょうど良かったです。リボンの位置が可愛くて気に入りました。152cmでSを着用してちょうど良かったです。シャツを羽織って抜け感を出しています。友達にも聞かれました。,5,2026-04-23 22:57:16 UTC,リオ,lace-bow-camisole-white--2@example.invalid,,lace-bow-camisole-white-top,,
可愛いです,肌ざわりが良くてチクチクしません。チェック柄の色合いが落ち着いていました。148cmでS、着丈54cm・胸囲80cmは表記どおりでした。色はブラックを選びました。パンツでもスカートでも合います。出番が多くなりそうです。,5,2026-04-04 10:48:48 UTC,マリン,sexy-cropped-knit-top-wi-1@example.invalid,,sexy-cropped-knit-top-with-plaid-corset-set-up,,
丈感がちょうどいい,一枚で着ても様になります。編み地がしっかりしていて安っぽくありません。170cmでL、着丈56cm・胸囲88cmは表記どおりでした。インナーを足して重ね着もできます。この価格でこの質感なら満足です。,5,2026-05-22 08:22:59 UTC,レイ,sexy-cropped-knit-top-wi-2@example.invalid,,sexy-cropped-knit-top-with-plaid-corset-set-up,,
買ってよかった,丈感がちょうど良かったです。158cmでSを着用してちょうど良かったです。色はブルー×ホワイトを選びました。シンプルなトップスを合わせるだけで成立します。長く着られそうです。,5,2026-03-01 17:15:41 UTC,マオ,copper-umbrella-skirt-1@example.invalid,,copper-umbrella-skirt,,
丈感がちょうどいい,一枚で雰囲気が出ます。155cmでM、総丈35cmは表記どおりでした。タイツを合わせれば秋冬もいけそうです。出番が多くなりそうです。,5,2026-04-28 04:43:32 UTC,ココ,copper-umbrella-skirt-2@example.invalid,,copper-umbrella-skirt,,
期待どおりでした,一枚で着られるので楽です。花柄が派手すぎず上品でした。169cmでLを着用してちょうど良かったです。色はブルー×ホワイトチェックを選びました。羽織りものを足せば長く着られそうです。リピートしたいと思える一枚です。,5,2026-08-03 11:22:15 UTC,ユメ,spicy-plaid-floral-dress-1@example.invalid,,spicy-plaid-floral-dress,,
使いやすいです,スタイルよく見えます。チェック柄の色合いが落ち着いていました。157cmでM、着丈57.5cm・ウエスト70cmは表記どおりでした。羽織りものを足せば長く着られそうです。長く着られそうです。,5,2026-06-09 00:57:05 UTC,ナナ,spicy-plaid-floral-dress-2@example.invalid,,spicy-plaid-floral-dress,,
着心地が良いです,スタイルよく見えます。花柄が派手すぎず上品でした。151cmでXS、着丈133cm・ウエスト64cmは表記どおりでした。色はピンクフラワーを選びました。羽織りものを足せば長く着られそうです。また色違いも欲しくなりました。,5,2026-03-14 11:58:51 UTC,カナ,floral-halter-beach-dres-1@example.invalid,,floral-halter-beach-dress,,
雰囲気が可愛い,一枚で着られるので楽です。ホルターネックで首まわりがすっきり見えます。156cmでM、着丈135cm・ウエスト72cmは表記どおりでした。そのままでも十分様になります。期待どおりでした。,5,2026-04-17 08:02:36 UTC,サキ,floral-halter-beach-dres-2@example.invalid,,floral-halter-beach-dress,,
買ってよかった,スタイルよく見えます。レースの繊細さが写真以上でした。152cmでXSを着用してちょうど良かったです。色はブラックを選びました。羽織りものを足せば長く着られそうです。長く着られそうです。,5,2026-06-23 21:02:42 UTC,マイ,retro-mermaid-lace-cheon-1@example.invalid,,retro-mermaid-lace-cheongsam-dress,,
お気に入りになりました,一枚で着られるので楽です。レトロな雰囲気が可愛いです。156cmでSを着用してちょうど良かったです。羽織りものを足せば長く着られそうです。この価格でこの質感なら満足です。,5,2026-03-05 21:18:16 UTC,モモ,retro-mermaid-lace-cheon-2@example.invalid,,retro-mermaid-lace-cheongsam-dress,,
雰囲気が可愛い,一枚で着られるので楽です。172cmでL、着丈63cmは表記どおりでした。色はパープルを選びました。そのままでも十分様になります。出番が多くなりそうです。,5,2026-04-19 00:54:41 UTC,アカリ,moon-butterfly-halter-dr-1@example.invalid,,moon-butterfly-halter-dress,,
写真どおりでした,スタイルよく見えます。163cmでL、着丈63cmは表記どおりでした。羽織りものを足せば長く着られそうです。長く着られそうです。,5,2026-04-14 08:00:53 UTC,エマ,moon-butterfly-halter-dr-2@example.invalid,,moon-butterfly-halter-dress,,
買ってよかった,一枚で着られるので楽です。ホルターネックで首まわりがすっきり見えます。168cmでL、着丈53cm・ウエスト70cmは表記どおりでした。色はブルーを選びました。羽織りものを足せば長く着られそうです。リピートしたいと思える一枚です。,5,2026-05-07 02:53:41 UTC,サヤ,halter-neck-summer-dress-1@example.invalid,,halter-neck-summer-dress,,
写真どおりでした,スタイルよく見えます。ホルターネックで首まわりがすっきり見えます。154cmでS、着丈40.5cm・ウエスト62cmは表記どおりでした。小物次第で印象を変えられます。期待どおりでした。,5,2026-05-19 05:38:31 UTC,ナギサ,halter-neck-summer-dress-2@example.invalid,,halter-neck-summer-dress,,
可愛いです,上下揃っているので迷わず着られます。153cmでS、ウエスト65cm・胸囲93cmは表記どおりでした。ゆとりがあって締めつけ感がありません。色はグレーを選びました。小物を足すと印象が変わります。期待どおりでした。,5,2026-07-22 21:41:32 UTC,ナギサ,spliced-camisole-wide-le-1@example.invalid,,spliced-camisole-wide-leg-pants-set-up,,
高見えします,セットでも単品でも使えます。157cmでM、ウエスト69cm・胸囲97cmは表記どおりでした。ゆとりがあって締めつけ感がありません。セットで着ると一気にまとまります。友達にも聞かれました。,5,2026-03-27 22:32:00 UTC,キョウカ,spliced-camisole-wide-le-2@example.invalid,,spliced-camisole-wide-leg-pants-set-up,,
使いやすいです,カジュアルすぎず履けます。デニムの色落ち加減がちょうど良かったです。168cmでL、着丈105cm・ウエスト76cmは表記どおりでした。色はグリーンを選びました。スニーカーでラフに履いています。期待どおりでした。,5,2026-06-17 08:48:49 UTC,カナ,camouflage-denim-shorts-1@example.invalid,,camouflage-denim-shorts,,
雰囲気が可愛い,動きやすくて助かります。デニムの色落ち加減がちょうど良かったです。159cmでM、着丈103cm・ウエスト72cmは表記どおりでした。スニーカーでラフに履いています。出番が多くなりそうです。,5,2026-06-20 02:52:45 UTC,マオ,camouflage-denim-shorts-2@example.invalid,,camouflage-denim-shorts,,
お気に入りになりました,一枚で着られるので楽です。花柄が派手すぎず上品でした。157cmでM、着丈82cm・ウエスト70cmは表記どおりでした。色はピンクを選びました。そのままでも十分様になります。この価格でこの質感なら満足です。,5,2026-07-29 01:49:59 UTC,サヤ,summer-floral-stripe-dre-1@example.invalid,,summer-floral-stripe-dress,,
色味が可愛い,シーンを選ばず着られそうです。ストライプの幅がちょうど良いです。151cmでS、着丈81cm・ウエスト66cmは表記どおりでした。羽織りものを足せば長く着られそうです。リピートしたいと思える一枚です。,5,2026-03-14 20:09:10 UTC,アイ,summer-floral-stripe-dre-2@example.invalid,,summer-floral-stripe-dress,,
買ってよかった,一枚でもインナーとしても使えます。156cmでSを着用してちょうど良かったです。体のラインがきれいに出ます。色はグリーンを選びました。カーディガンと重ねても可愛いです。リピートしたいと思える一枚です。,5,2026-07-16 13:07:01 UTC,ユナ,sleek-cross-strap-tank-t-1@example.invalid,,sleek-cross-strap-tank-top,,
着心地が良いです,肩紐の位置がちょうど良かったです。149cmでSを着用してちょうど良かったです。体のラインがきれいに出ます。シャツを羽織って抜け感を出しています。期待どおりでした。,5,2026-08-02 23:24:22 UTC,イロハ,sleek-cross-strap-tank-t-2@example.invalid,,sleek-cross-strap-tank-top,,
お気に入りになりました,肩紐の位置がちょうど良かったです。レースの繊細さが写真以上でした。160cmでM、胸囲76cmは表記どおりでした。体のラインがきれいに出ます。色はレッドを選びました。シャツを羽織って抜け感を出しています。出番が多くなりそうです。,5,2026-03-06 04:19:21 UTC,アカリ,lace-sheath-tank-1@example.invalid,,lace-sheath-tank,,
リピートしたいです,重ね着の幅が広がりました。レースの繊細さが写真以上でした。172cmでL、胸囲80cmは表記どおりでした。体のラインがきれいに出ます。シャツを羽織って抜け感を出しています。期待どおりでした。,5,2026-05-22 01:45:31 UTC,ユナ,lace-sheath-tank-2@example.invalid,,lace-sheath-tank,,
リピートしたいです,形がきれいで一枚で決まります。デニムの色落ち加減がちょうど良かったです。171cmでXLを着用してちょうど良かったです。色はブルーを選びました。デニムに合わせるだけで決まりました。友達にも聞かれました。,5,2026-06-04 07:00:05 UTC,アカリ,casual-shoulder-cutout-t-1@example.invalid,,casual-shoulder-cutout-tee,,
色味が可愛い,合わせやすくて出番が多そうです。カットアウトの位置が絶妙でした。156cmでM、着丈44cmは表記どおりでした。スカートに合わせると女性らしくなります。長く着られそうです。,5,2026-04-17 04:47:16 UTC,ミク,casual-shoulder-cutout-t-2@example.invalid,,casual-shoulder-cutout-tee,,
期待どおりでした,形がきれいで一枚で決まります。163cmでM、着丈56cm・胸囲85cmは表記どおりでした。色はパープルを選びました。スカートに合わせると女性らしくなります。期待どおりでした。,5,2026-03-05 08:54:18 UTC,ミオ,a-long-sleeve-polo-vest--1@example.invalid,,a-long-sleeve-polo-vest-top-set-up,,
着心地が良いです,顔まわりが明るく見えます。164cmでL、着丈56cm・胸囲88cmは表記どおりでした。羽織りものとの相性も良さそうです。期待どおりでした。,5,2026-05-16 20:38:48 UTC,リコ,a-long-sleeve-polo-vest--2@example.invalid,,a-long-sleeve-polo-vest-top-set-up,,
可愛いです,シーンを選ばず着られそうです。フリルのボリュームがちょうど良いです。172cmでL、着丈84cm・ウエスト74cmは表記どおりでした。色はレッドチェックを選びました。羽織りものを足せば長く着られそうです。期待どおりでした。,5,2026-08-03 12:28:17 UTC,ハルカ,frill-color-checkered-do-1@example.invalid,,frill-color-checkered-doll-dress,,
期待どおりでした,一枚で着られるので楽です。チェック柄の色合いが落ち着いていました。156cmでM、着丈82cm・ウエスト70cmは表記どおりでした。そのままでも十分様になります。期待どおりでした。,5,2026-06-30 17:36:19 UTC,リオ,frill-color-checkered-do-2@example.invalid,,frill-color-checkered-doll-dress,,
リピートしたいです,一枚で着られるので楽です。バンドゥ部分がずれにくくて安心です。161cmでM、着丈82cm・ウエスト70cmは表記どおりでした。色はオレンジを選びました。羽織りものを足せば長く着られそうです。友達にも聞かれました。,5,2026-04-12 21:56:06 UTC,ホノカ,a-orange-vacation-bandea-1@example.invalid,,a-orange-vacation-bandeau-dress,,
お気に入りになりました,シーンを選ばず着られそうです。バンドゥ部分がずれにくくて安心です。157cmでM、着丈82cm・ウエスト70cmは表記どおりでした。羽織りものを足せば長く着られそうです。この価格でこの質感なら満足です。,5,2026-04-21 10:16:54 UTC,ソラ,a-orange-vacation-bandea-2@example.invalid,,a-orange-vacation-bandeau-dress,,
お気に入りになりました,形がきれいで一枚で決まります。チェック柄の色合いが落ち着いていました。172cmでL、着丈54cm・胸囲90cmは表記どおりでした。色はブルーを選びました。デニムに合わせるだけで決まりました。出番が多くなりそうです。,5,2026-04-05 01:03:31 UTC,アカリ,a-gingham-check-tops-1@example.invalid,,a-gingham-check-tops,,
期待どおりでした,顔まわりが明るく見えます。チェック柄の色合いが落ち着いていました。157cmでM、着丈53cm・胸囲86cmは表記どおりでした。羽織りものとの相性も良さそうです。出番が多くなりそうです。,5,2026-04-29 08:39:04 UTC,ノア,a-gingham-check-tops-2@example.invalid,,a-gingham-check-tops,,
リピートしたいです,一枚で着られるので楽です。155cmでS、着丈81cm・ウエスト66cmは表記どおりでした。色はドレスを選びました。羽織りものを足せば長く着られそうです。この価格でこの質感なら満足です。,5,2026-04-07 03:59:24 UTC,ヒナ,a-suspender-dress-1@example.invalid,,a-suspender-dress,,
着心地が良いです,スタイルよく見えます。168cmでL、着丈84cm・ウエスト74cmは表記どおりでした。羽織りものを足せば長く着られそうです。期待どおりでした。,5,2026-05-24 21:18:36 UTC,チヒロ,a-suspender-dress-2@example.invalid,,a-suspender-dress,,
丈感がちょうどいい,羽織るだけで様になります。透け感は控えめでインナー次第で調整できます。156cmでS、着丈59cm・胸囲104cmは表記どおりでした。色はホワイトを選びました。丈の短いトップスと相性が良いです。買ってよかったです。,5,2026-03-28 01:06:39 UTC,ノア,a-chiffon-cardigan-1-1@example.invalid,,a-chiffon-cardigan-1,,
使いやすいです,季節の変わり目に重宝しそうです。透け感は控えめでインナー次第で調整できます。154cmでS、着丈59cm・胸囲104cmは表記どおりでした。丈の短いトップスと相性が良いです。この価格でこの質感なら満足です。,5,2026-03-04 09:57:21 UTC,ナギサ,a-chiffon-cardigan-1-2@example.invalid,,a-chiffon-cardigan-1,,
