title,body,rating,review_date,reviewer_name,reviewer_email,product_id,product_handle,reply,picture_urls
,同系統のものを持っていないので、試しに買ってみました。写真では分かりませんでしたが、作りが丁寧。157cmでSを着用していて、着丈52cm・胸囲82cmは表記とほぼ同じでした。ルーズで体型を拾わない。長時間着ていても疲れませんでした。スカートと合わせると女っぽくなる。満足しています。,5,2026-05-12 10:16:29 UTC,サキ,embossed-letter-loose-to-1@example.invalid,8926389960931,embossed-letter-loose-top,,
,前に買って良かったのでまた買いました。今回はブルーにしました。合わせやすい。またリピートすると思います。,5,2026-03-12 02:15:41 UTC,リコ,embossed-letter-loose-to-2@example.invalid,8926389960931,embossed-letter-loose-top,,
,思っていたより可愛かったです。着回しが効く。スカートと合わせると女っぽくなる。満足しています。,5,2026-04-20 10:40:42 UTC,Yui,sweet-and-spicy-sexy-sli-1@example.invalid,8926385373411,sweet-and-spicy-sexy-slim-crop-top,,
買ってよかった,一枚で決まる〜！🥺🌸☺️,5,2026-05-08 05:08:14 UTC,カレン,sweet-and-spicy-sexy-sli-2@example.invalid,8926385373411,sweet-and-spicy-sexy-slim-crop-top,,
,思っていたよりしっかりしてました。ドット柄が可愛い。腰まわりが楽。おすすめです。,5,2026-04-12 03:39:07 UTC,あおい,flower-dots-texture-shor-1@example.invalid,8926384292067,flower-dots-texture-shorts-trend-loose-pants,,
,花柄が上品。薄すぎず、ちゃんとした作りでした。この値段でこの質感なら十分満足です。,5,2026-08-06 04:36:33 UTC,Y.S,flower-dots-texture-shor-2@example.invalid,8926384292067,flower-dots-texture-shorts-trend-loose-pants,,
最高でした,届いた瞬間テンション上がりました、買ってよかった！🩷😍☺️,5,2026-07-09 09:21:00 UTC,ミナ,neckline-tie-camisole-to-1@example.invalid,8926381867235,neckline-tie-camisole-top,,
,肩紐の位置がいい。満足しています。,5,2026-06-28 21:11:07 UTC,アカリ,neckline-tie-camisole-to-2@example.invalid,8926381867235,neckline-tie-camisole-top,,
,思っていたよりしっかりしてました。合わせやすい。長く着られそうです。,5,2026-03-12 18:16:57 UTC,シオリ,sweet-cute-puppy-t-shirt-1@example.invalid,8926380359907,sweet-cute-puppy-t-shirt,,
好き,一枚で決まる、色違いも欲しい！😍,5,2026-05-19 23:41:41 UTC,Y.S,sweet-cute-puppy-t-shirt-2@example.invalid,8926380359907,sweet-cute-puppy-t-shirt,,
買ってよかった,着回しが効く、大満足〜！🥺🎀🌸,5,2026-03-31 13:28:09 UTC,mii,collage-pattern-sleevele-1@example.invalid,8926377836771,collage-pattern-sleeveless-top,,
,スカートと合わせると女っぽくなる。一枚で決まる。出番が多くなりそうです。,5,2026-06-28 03:35:26 UTC,Momo,collage-pattern-sleevele-2@example.invalid,8926377836771,collage-pattern-sleeveless-top,,
サイズ表どおりでした,155cm、普段Mサイズです。この商品もMで、着丈53cm・胸囲86cmはほぼ表記どおりでした。すっきり見える。サイズ表どおりで選んで問題ないと思います。,5,2026-05-19 21:31:07 UTC,シオリ,slim-croptop-with-chest--1@example.invalid,8926376427747,slim-croptop-with-chest-pad-set-up,,
生地がいい,"縫製も雑なところがなかったです。7,840円とは思えないです。",5,2026-04-19 20:38:42 UTC,セナ,slim-croptop-with-chest--2@example.invalid,8926376427747,slim-croptop-with-chest-pad-set-up,,
使いやすいです,コンパクトなトップスと相性◎。腰まわりが楽。ホワイトを選びましたが手持ちと合わせやすいです。出番が多くなりそうです。🙆‍♀️,5,2026-05-19 11:48:40 UTC,ヒナ,drawstring-bucket-pants-1@example.invalid,8926356996323,drawstring-bucket-pants,,
,カジュアルすぎず履ける。ゆるっと着られる。満足しています。,5,2026-05-21 11:51:41 UTC,ミオ,drawstring-bucket-pants-2@example.invalid,8926356996323,drawstring-bucket-pants,,
神,デニムの色落ちがいい感じ！🫶😍☺️,5,2026-06-19 04:07:05 UTC,ナナ,neck-lace-heart-print-sh-1@example.invalid,8926351425763,neck-lace-heart-print-short-sleeve-t-shirt,,
旅行に持っていきました,デート用に。合わせやすい。デニムの色落ちがいい感じ。デニムに合わせてます。買ってよかったです。🥺☺️,5,2026-07-15 23:45:08 UTC,ミク,neck-lace-heart-print-sh-2@example.invalid,8926351425763,neck-lace-heart-print-short-sleeve-t-shirt,,
最高でした,届いた瞬間テンション上がりました、色違いも欲しい！🌸🫶☺️,5,2026-05-18 18:57:33 UTC,アカリ,contrasting-two-logo-hal-1@example.invalid,8926288773347,contrasting-two-logo-halterneck-top,,
神,合わせやすい、めっちゃ気に入ってる！！💕💗,5,2026-03-06 14:38:13 UTC,A.T,contrasting-two-logo-hal-2@example.invalid,8926288773347,contrasting-two-logo-halterneck-top,,
可愛すぎる,可愛すぎる、リボンが取り外せたらもっと良かったけど可愛い、リピ確定！😍🌸,5,2026-07-01 19:11:43 UTC,モモ,bow-white-versatile-shor-1@example.invalid,8926283301091,bow-white-versatile-short-sleeve-t-shirt,,
,色違いでリピしました。今回はホワイトにしました。顔まわりが明るく見える。リボンが取り外せたらもっと良かったけど可愛い。やっぱり間違いないです。,5,2026-07-02 03:47:07 UTC,カレン,bow-white-versatile-shor-2@example.invalid,8926283301091,bow-white-versatile-short-sleeve-t-shirt,,
,シルエットがきれい。生地はしっかりめのデニム。また利用します。,5,2026-05-22 10:13:22 UTC,ホノカ,retro-irregular-denim-sk-1@example.invalid,8926282023139,retro-irregular-denim-skirt,,
,セールになっていたので思いきって買ってみました。実物を手に取ってみると、生地はしっかりめのデニム。148cmでSを着用していて、着丈48cm・ウエスト66cmは表記とほぼ同じでした。シンプルなトップスで十分。おすすめです。,5,2026-08-06 00:37:13 UTC,Sena,retro-irregular-denim-sk-2@example.invalid,8926282023139,retro-irregular-denim-skirt,,
思ったよりしっかりしてる,古着っぽさがいい。薄すぎず、ちゃんとした作りでした。コスパは良いと思います。,5,2026-05-15 11:38:41 UTC,Luna,sexy-retro-oil-color-ski-1@example.invalid,8926279336163,sexy-retro-oil-color-skirt,,
使いやすいです,タイツで秋冬も。古着っぽさがいい。シルエットがきれい。一枚あると便利だと思います。,5,2026-06-19 02:18:59 UTC,チヒロ,sexy-retro-oil-color-ski-2@example.invalid,8926279336163,sexy-retro-oil-color-skirt,,
,縦のラインで細く見える。薄すぎず、ちゃんとした作りでした。この値段でこの質感なら十分満足です。,5,2026-08-05 21:07:36 UTC,A.T,vintage-gym-shorts-and-s-1@example.invalid,8926272618723,vintage-gym-shorts-and-striped-leggings-set-up,,
サイズ迷ってる方へ,148cm、普段Sサイズです。この商品もSで、着丈101cm・ウエスト68cmはほぼ表記どおりでした。普段のサイズで問題なかったです。,5,2026-05-25 08:17:37 UTC,ミナ,vintage-gym-shorts-and-s-2@example.invalid,8926272618723,vintage-gym-shorts-and-striped-leggings-set-up,,
,シーンを選ばない。満足しています。,5,2026-04-26 06:03:45 UTC,ここ,black-bandeau-mermaid-dr-1@example.invalid,8926269735139,black-bandeau-mermaid-dress,,
,169cmでLを着用しています。小物で印象が変わる。大満足。,5,2026-03-16 15:25:20 UTC,ハルカ,black-bandeau-mermaid-dr-2@example.invalid,8926269735139,black-bandeau-mermaid-dress,,
期待以上でした,画面で見るより上品でした。レースが上品。合わせやすい。スカートと合わせると女っぽくなる。おすすめです。,5,2026-03-03 10:12:44 UTC,ここ,sweet-spicy-lace-hooded--1@example.invalid,8926262886627,sweet-spicy-lace-hooded-top,,
神,レースが上品！🌸,5,2026-05-03 22:11:26 UTC,ヒナ,sweet-spicy-lace-hooded--2@example.invalid,8926262886627,sweet-spicy-lace-hooded-top,,
神,着回しが効く。🥺🩷🫶,5,2026-06-11 15:00:00 UTC,ヒナ😍,playful-childhood-top-1@example.invalid,8926260789475,playful-childhood-top,,
思ったよりしっかりしてる,"手に取った質感が値段以上でした。12,510円とは思えないです。",5,2026-03-17 09:11:47 UTC,ミナ,playful-childhood-top-2@example.invalid,8926260789475,playful-childhood-top,,
,前に買って良かったのでまた買いました。今回はグリーンにしました。インナーにも一枚でも使える。柄が写真より落ち着いてる。やっぱり間違いないです。👍,5,2026-05-04 01:10:09 UTC,Haruka,summer-rose-camisole-1@example.invalid,8923985051875,summer-rose-camisole,,
,ハイウエストと合わせてます。花柄が派手すぎない。重ね着の幅が広がる。一枚あると便利だと思います。,5,2026-05-29 16:04:14 UTC,Yui,summer-rose-camisole-2@example.invalid,8923985051875,summer-rose-camisole,,
,一枚で完成する。首まわりがすっきり。長く着られそうです。,5,2026-04-18 10:03:46 UTC,Luna,sweet-summer-halter-dres-1@example.invalid,8923981807843,sweet-summer-halter-dress,,
お気に入り,首まわりがすっきり。159cmでMを着用しています。そのままで様になる。大満足。,5,2026-06-05 03:27:53 UTC,ヒナ,sweet-summer-halter-dres-2@example.invalid,8923981807843,sweet-summer-halter-dress,,
ひと目惚れ,可愛すぎる、色違いも欲しい！🎀🌸🥺,5,2026-06-06 09:00:30 UTC,スミレ,slim-fit-bustier-camisol-1@example.invalid,8923380220131,slim-fit-bustier-camisole,,
イメージどおり,届いてみたらきれいめに見えました。インナーにも一枚でも使える。ハイウエストと合わせてます。買ってよかったです。,5,2026-07-20 04:08:42 UTC,エマ,slim-fit-bustier-camisol-2@example.invalid,8923380220131,slim-fit-bustier-camisole,,
神,リボンの位置が絶妙、大満足！！☺️💕,5,2026-05-01 11:07:04 UTC,アヤ,summer-bow-camisole-1@example.invalid,8923370225891,summer-bow-camisole,,
,カーデと重ねても可愛い。リボンの位置が絶妙。重ね着の幅が広がる。着回しが効くので買ってよかったです。,5,2026-06-29 05:26:22 UTC,Rio,summer-bow-camisole-2@example.invalid,8923370225891,summer-bow-camisole,,
思ったよりしっかりしてる,"手に取った質感が値段以上でした。8,980円とは思えないです。",5,2026-06-19 05:11:15 UTC,ホノカ,chic-bead-sling-top-1@example.invalid,8923360952547,chic-bead-sling-top,,
参考になれば,156cmでSを着用しています。羽織りとも相性いい。色違いも欲しい。,5,2026-07-15 13:50:32 UTC,みお,chic-bead-sling-top-2@example.invalid,8923360952547,chic-bead-sling-top,,
好き,レースが上品！🫶✨,5,2026-05-09 19:40:23 UTC,まな,white-lace-layered-casua-1@example.invalid,8923357315299,white-lace-layered-casual-shorts,,
,レースが上品。縫製も雑なところがなかったです。この値段でこの質感なら十分満足です。,5,2026-03-01 07:34:06 UTC,みな,white-lace-layered-casua-2@example.invalid,8923357315299,white-lace-layered-casual-shorts,,
使いやすいです,羽織りとも相性いい。花柄が上品。着回しが効く。ホワイトを選びましたが手持ちと合わせやすいです。出番が多くなりそうです。,5,2026-08-06 19:53:50 UTC,アオイ,summer-rose-top-1@example.invalid,8923354136803,summer-rose-top,,
良い点と気になる点,"◎ 顔まわりが明るく見える
◎ 花柄が上品
△ 色は画面より少し落ち着いてる",5,2026-04-25 07:27:34 UTC,あおい,summer-rose-top-2@example.invalid,8923354136803,summer-rose-top,,
まとめると,"◎ 思ったより透けない
◎ 一枚で雰囲気が出る
△ 丈は短めなので好みが分かれそう",5,2026-03-16 06:17:19 UTC,ミオ,sheer-skirt-curtain-1@example.invalid,8923353317603,sheer-skirt-curtain,,
,前から似たようなものを探していて、写真の雰囲気に惹かれて購入しました。届いて袋から出してまず思ったのが、透け方がきれい ということ。162cmでFを選んでちょうどよかったです。タイツで秋冬も。期待どおりでした。,5,2026-04-18 01:20:17 UTC,リオ,sheer-skirt-curtain-2@example.invalid,8923353317603,sheer-skirt-curtain,,
着回しやすい,羽織りとも相性いい。柄が写真より落ち着いてる。合わせやすい。ブルーを選びましたが手持ちと合わせやすいです。一枚あると便利だと思います。,5,2026-07-22 04:23:13 UTC,ナギサ,slim-floral-top-1@example.invalid,8923119223011,slim-floral-top,,
買ってよかった,友達の結婚式の二次会に。一枚で決まる。花柄が派手すぎない。羽織りとも相性いい。,5,2026-07-05 00:12:04 UTC,アオイ,slim-floral-top-2@example.invalid,8923119223011,slim-floral-top,,
,思ったより透けない、リピ確定〜！🌸,5,2026-07-20 08:25:14 UTC,Luna,summer-lace-shorts-1@example.invalid,8923059355875,summer-lace-shorts,,
,レース部分がとにかく可愛い。162cmでMを着用しています。スニーカーでラフに。めっちゃ気に入ってる。,5,2026-03-23 16:40:56 UTC,ユイ,summer-lace-shorts-2@example.invalid,8923059355875,summer-lace-shorts,,
お気に入り,ドットが細かめで上品。156cmでSを着用しています。デニムに合わせてます。お気に入りになりました。,5,2026-08-05 08:39:34 UTC,アオイ,summer-polka-dot-halter--1@example.invalid,8923054833891,summer-polka-dot-halter-top,,
,画面で見るより落ち着いた色味でした。ドットが細かめで上品。着回しが効く。デニムに合わせてます。買ってよかったです。,5,2026-05-09 02:37:43 UTC,モモ,summer-polka-dot-halter--2@example.invalid,8923054833891,summer-polka-dot-halter-top,,
買ってよかった,花柄が上品！✨☺️,5,2026-07-19 20:40:32 UTC,マナ💗,summer-floral-bustier-sk-1@example.invalid,8923052277987,summer-floral-bustier-skirt,,
旅行に持っていきました,友達の結婚式の二次会に。一枚で雰囲気が出る。花柄が上品。スニーカーでも綺麗めでもいける。😍🥺,5,2026-06-27 23:40:19 UTC,ひなの,summer-floral-bustier-sk-2@example.invalid,8923052277987,summer-floral-bustier-skirt,,
リピートです,色違いでリピしました。今回はホワイトにしました。重ね着の幅が広がる。またリピートすると思います。,5,2026-07-28 13:10:42 UTC,まな,urban-graffiti-slim-cami-1@example.invalid,8923047395555,urban-graffiti-slim-camisole,,
まとめると,"◎ 肩紐の位置がいい
◎ 体のラインがきれいに見える
△ 色は画面より少し落ち着いてる",5,2026-04-16 22:57:17 UTC,リコ,urban-graffiti-slim-cami-2@example.invalid,8923047395555,urban-graffiti-slim-camisole,,
,"◎ 肩紐の位置がいい
◎ クロシェ編みの質感が好き
△ 少し透けるのでインナー必須",5,2026-06-15 04:42:46 UTC,カナ💗,summer-crochet-camisole-1@example.invalid,8923043791075,summer-crochet-camisole,,
参考までに,164cm、普段Mサイズです。この商品もMで、着丈74cm・胸囲76cmはほぼ表記どおりでした。サイズ表どおりで選んで問題ないと思います。ハイウエストと合わせてます。,5,2026-04-16 04:26:37 UTC,モモ,summer-crochet-camisole-2@example.invalid,8923043791075,summer-crochet-camisole,,
,友達の結婚式の二次会に。迷わず着られる。トップスだけでも使える。おすすめです。,5,2026-06-21 13:50:52 UTC,Mina,seaside-graffiti-bustier-1@example.invalid,8923038154979,seaside-graffiti-bustier-skirt-corset-set-up,,
詳しめに書きます,151cmでSを着用しています。小物で印象が変わる。お気に入りになりました。,5,2026-04-20 21:19:19 UTC,アオイ,seaside-graffiti-bustier-2@example.invalid,8923038154979,seaside-graffiti-bustier-skirt-corset-set-up,,
イメージどおり,写真で見るより落ち着いた色味でした。ドットの大きさがちょうどいい。腰まわりが楽。コンパクトなトップスと相性◎。満足しています。,5,2026-07-02 18:22:57 UTC,みな,summer-polka-dot-wide-le-1@example.invalid,8923035599075,summer-polka-dot-wide-leg-pants,,
サイズ感の参考に,162cm、普段Mサイズです。この商品もMで、着丈103cm・ウエスト72cmはほぼ表記どおりでした。普段のサイズで問題なかったです。,5,2026-07-31 17:01:44 UTC,Karen,summer-polka-dot-wide-le-2@example.invalid,8923035599075,summer-polka-dot-wide-leg-pants,,
イメージどおり,画面で見るよりしっかりしてました。サテンの光沢が上品。肩紐の位置がいい。ハイウエストと合わせてます。おすすめです。,5,2026-03-17 09:20:03 UTC,エマ,summer-satin-pleated-cam-1@example.invalid,8923033829603,summer-satin-pleated-camisole,,
サイズ感の参考に,158cm、普段Mサイズです。Mでちょうどよかったです。迷ったら表記どおりで大丈夫だと思います。カーデと重ねても可愛い。,5,2026-04-07 08:05:23 UTC,みな,summer-satin-pleated-cam-2@example.invalid,8923033829603,summer-satin-pleated-camisole,,
旅行に持っていきました,旅行用に買いました。シルエットがきれい。ドット柄が可愛い。スニーカーでも綺麗めでもいける。✨☺️,5,2026-06-15 16:13:51 UTC,セナ,pink-polka-dot-layered-h-1@example.invalid,8923030880483,pink-polka-dot-layered-half-skirt,,
色違い購入,前に買って良かったのでまた買いました。今回はレッドにしました。一枚で雰囲気が出る。ドット柄が可愛い。何回買っても満足してます。✨,5,2026-06-03 21:29:34 UTC,A.T,pink-polka-dot-layered-h-2@example.invalid,8923030880483,pink-polka-dot-layered-half-skirt,,
最高でした,可愛すぎる、フリルの量がちょうどいい、また買います！🥺💗,5,2026-07-14 05:37:34 UTC,エマ,ruffle-strappy-shorts-pa-1@example.invalid,8923026489571,ruffle-strappy-shorts-pants,,
まとめると,"◎ フリルの量がちょうどいい
◎ カジュアルすぎず履ける
△ 少し透けるのでインナー必須",5,2026-06-25 16:45:54 UTC,Mina,ruffle-strappy-shorts-pa-2@example.invalid,8923026489571,ruffle-strappy-shorts-pants,,
買ってよかった,肌の見え方が上品、お気に入りになりました。🥺,5,2026-03-27 08:58:26 UTC,リコ,hottie-knit-cut-out-swea-1@example.invalid,8923020984547,hottie-knit-cut-out-sweater,,
,編み目がきれい。生地がしっかりしていて安っぽくないです。コスパは良いと思います。,5,2026-06-18 09:48:30 UTC,マリン,hottie-knit-cut-out-swea-2@example.invalid,8923020984547,hottie-knit-cut-out-sweater,,
イメージどおり,写真で見るよりしっかりしてました。くすみ加減が好き。単品でも使える。小物で印象が変わる。期待どおりでした。,5,2026-03-28 18:40:06 UTC,Aoi,fall-fashion-distressed--1@example.invalid,8923017380067,fall-fashion-distressed-denim-set-up,,
参考までに,157cm、普段Mサイズです。この商品もMで、着丈53cm・胸囲86cmはほぼ表記どおりでした。サイズ表どおりで選んで問題ないと思います。小物で印象が変わる。,5,2026-05-14 23:06:43 UTC,リオ,fall-fashion-distressed--2@example.invalid,8923017380067,fall-fashion-distressed-denim-set-up,,
買ってよかった,気分が上がる、また買います〜！🫶💗🌸,5,2026-06-17 11:27:07 UTC,ルナ,blue-bikini-set-up-1@example.invalid,8922324009187,blue-bikini-set-up,,
,前から似たようなものを探していて、写真の雰囲気に惹かれて購入しました。届いて袋から出してまず思ったのが、作りが丁寧 ということ。171cmでLを着用していて、胸囲90cmは表記とほぼ同じでした。羽織りとサンダルで街でもいける。期待どおりでした。,5,2026-05-26 21:27:27 UTC,ゆい,blue-bikini-set-up-2@example.invalid,8922324009187,blue-bikini-set-up,,
,単品でも使える。チェックの色合いが落ち着いてる。また利用します。,5,2026-03-19 20:26:09 UTC,ルナ,https-item-taobao-com-it-1@example.invalid,8921917784291,https-item-taobao-com-item-htm-abbucket-20-id-933993245171,,
参考になれば,チェックの色合いが落ち着いてる。153cmでSを着用しています。小物で印象が変わる。買ってよかった。,5,2026-04-12 04:15:01 UTC,チヒロ,https-item-taobao-com-it-2@example.invalid,8921917784291,https-item-taobao-com-item-htm-abbucket-20-id-933993245171,,
サイズ迷ってる方へ,157cm、普段Mサイズです。この商品もMで、着丈49cm・ウエスト70cmはほぼ表記どおりでした。サイズ表どおりで選んで問題ないと思います。タイツで秋冬も。,5,2026-04-22 07:07:25 UTC,ナギサ,pink-spice-bustier-skirt-1@example.invalid,8921909461219,pink-spice-bustier-skirt,,
参考になれば,157cmでMを着用しています。タイツで秋冬も。また買います。,5,2026-07-28 01:11:02 UTC,リオ,pink-spice-bustier-skirt-2@example.invalid,8921909461219,pink-spice-bustier-skirt,,
,丈感がちょうどいい。柄の出方がきれい。すっきり見える。買ってよかったです。,5,2026-07-05 21:01:43 UTC,リオ,slim-plaid-skirt-1@example.invalid,8921901465827,slim-plaid-skirt,,
購入を迷っている方へ,同系統のものを持っていないので、試しに買ってみました。実物を手に取ってみると、柄の出方がきれい。151cmでSを着用していて、着丈38cm・ウエスト68cmは表記とほぼ同じでした。すっきり見える。長時間着ていても疲れませんでした。シンプルなトップスで十分。気になった点は、届いたときの折りジワが少し取れにくかったことくらいです。買ってよかったです。,5,2026-07-11 16:19:37 UTC,サキ,slim-plaid-skirt-2@example.invalid,8921901465827,slim-plaid-skirt,,
,ここで買うの三回目です。今回はレッドにしました。動きやすい。何回買っても満足してます。👍,5,2026-05-03 16:26:49 UTC,ここ,summer-pink-wide-leg-pan-1@example.invalid,8921896485091,summer-pink-wide-leg-pants,,
写真より良い,画面で見るより落ち着いた色味でした。動きやすい。コンパクトなトップスと相性◎。買ってよかったです。,5,2026-06-14 00:17:15 UTC,コハル,summer-pink-wide-leg-pan-2@example.invalid,8921896485091,summer-pink-wide-leg-pants,,
参考までに,157cm、普段Fサイズです。Fでちょうどよかったです。普段のサイズで問題なかったです。ヒールで綺麗めに。,5,2026-06-04 00:11:26 UTC,non,embroidered-pants-apron-1@example.invalid,8921890128099,embroidered-pants-apron,,
旅行に持っていきました,ライブ用に買いました。動きやすい。刺繍が丁寧。ヒールで綺麗めに。期待どおりでした。,5,2026-03-01 08:02:59 UTC,はるか,embroidered-pants-apron-2@example.invalid,8921890128099,embroidered-pants-apron,,
,ここで買うの三回目です。今回はホワイトにしました。着回しが効く。レースが安っぽくない。またリピートすると思います。,5,2026-03-28 12:03:30 UTC,ちー,lace-slim-vest-1@example.invalid,8921888260323,lace-slim-vest,,
,顔まわりが明るく見える。レースが安っぽくない。体のラインがきれいに見える。満足しています。,5,2026-05-26 17:26:31 UTC,mii,lace-slim-vest-2@example.invalid,8921888260323,lace-slim-vest,,
可愛すぎる,写真どおりで感動、お気に入りになりました！🩷🌸🎀,5,2026-06-27 17:24:46 UTC,Sena,summer-rabbit-top-1@example.invalid,8921886327011,summer-rabbit-top,,
生地がいい,生地がしっかりしていて安っぽくないです。コスパは良いと思います。,5,2026-06-28 21:37:03 UTC,ユイ,summer-rabbit-top-2@example.invalid,8921886327011,summer-rabbit-top,,
まとめると,"◎ カジュアルすぎず履ける
◎ 古着っぽさがいい",5,2026-07-14 20:54:34 UTC,Nana,blue-retro-shorts-1@example.invalid,8921884164323,blue-retro-shorts,,
,古着っぽさがいい。薄すぎず、ちゃんとした作りでした。コスパは良いと思います。,5,2026-07-26 05:04:06 UTC,mii,blue-retro-shorts-2@example.invalid,8921884164323,blue-retro-shorts,,
,スカートと合わせると女っぽくなる。リボンの位置が絶妙。着回しが効く。ホワイトを選びましたが手持ちと合わせやすいです。着回しが効くので買ってよかったです。😊,5,2026-05-04 03:07:04 UTC,ミク,graffiti-bow-top-1@example.invalid,8921881772259,graffiti-bow-top,,
,合わせやすい。リボンの位置が絶妙。満足しています。,5,2026-06-25 19:09:11 UTC,ホノカ,graffiti-bow-top-2@example.invalid,8921881772259,graffiti-bow-top,,
,画面で見るより上品でした。レースが安っぽくない。一枚で雰囲気が出る。タイツで秋冬も。買ってよかったです。,5,2026-03-21 18:41:52 UTC,マナ,premium-lace-skirt-1@example.invalid,8921880133859,premium-lace-skirt,,
サイズ迷ってる方へ,164cm、普段Mサイズです。Mでちょうどよかったです。サイズ表どおりで選んで問題ないと思います。スニーカーでも綺麗めでもいける。,5,2026-04-05 04:54:12 UTC,Karen,premium-lace-skirt-2@example.invalid,8921880133859,premium-lace-skirt,,
写真より良い,画面で見るよりしっかりしてました。シルエットがきれい。スニーカーでも綺麗めでもいける。おすすめです。,5,2026-03-03 11:45:51 UTC,Mina,luxe-summer-skirt-shorts-1@example.invalid,8921870696675,luxe-summer-skirt-shorts,,
生地がいい,縫製も雑なところがなかったです。この値段でこの質感なら十分満足です。,5,2026-08-06 06:37:00 UTC,モモ,luxe-summer-skirt-shorts-2@example.invalid,8921870696675,luxe-summer-skirt-shorts,,
まとめると,"◎ 着回しが効く
◎ レースが安っぽくない
△ 色は画面より少し落ち着いてる",5,2026-06-28 22:29:19 UTC,Yui,summer-lace-up-sleeve-te-1@example.invalid,8921855590627,summer-lace-up-sleeve-tee,,
着回しやすい,スカートと合わせると女っぽくなる。レースが安っぽくない。一枚で決まる。ホワイトを選びましたが手持ちと合わせやすいです。一枚あると便利だと思います。😊,5,2026-03-03 17:53:12 UTC,エマ,summer-lace-up-sleeve-te-2@example.invalid,8921855590627,summer-lace-up-sleeve-tee,,
出番多そう,ライブ用に買いました。合わせやすい。デニムの色落ちがいい感じ。羽織りとも相性いい。,5,2026-04-26 10:34:45 UTC,モモ,american-print-short-sle-1@example.invalid,8921852281059,american-print-short-sleeve-t-shirt,,
,羽織りとも相性いい。デニムの色落ちがいい感じ。合わせやすい。ブラックを選びましたが手持ちと合わせやすいです。一枚あると便利だと思います。🫧,5,2026-07-14 11:54:26 UTC,もも,american-print-short-sle-2@example.invalid,8921852281059,american-print-short-sleeve-t-shirt,,
,二着目です。今回はピンクにしました。重ね着の幅が広がる。カットアウトの位置が絶妙。またリピートすると思います。,5,2026-05-01 06:45:28 UTC,リオ,cutout-letter-camisole-t-1@example.invalid,8921841860835,cutout-letter-camisole-top,,
お気に入り,カットアウトの位置が絶妙。156cmでSを着用しています。シャツを羽織って抜け感。買ってよかった。,5,2026-03-25 19:03:58 UTC,ひなの,cutout-letter-camisole-t-2@example.invalid,8921841860835,cutout-letter-camisole-top,,
ひと目惚れ,可愛すぎる、また買います！🫶💗🥺,5,2026-05-31 14:53:37 UTC,あおい,sports-logo-short-sleeve-1@example.invalid,8913062658275,sports-logo-short-sleeve-t-shirt,,
着回しやすい,デニムに合わせてます。着回しが効く。青を選びましたが手持ちと合わせやすいです。出番が多くなりそうです。🙆‍♀️,5,2026-03-20 04:28:58 UTC,カレン,sports-logo-short-sleeve-2@example.invalid,8913062658275,sports-logo-short-sleeve-t-shirt,,
サイズ感の参考に,158cm、普段Mサイズです。この商品もMで、着丈53cm・胸囲86cmはほぼ表記どおりでした。だぼっとしすぎない。迷ったら表記どおりで大丈夫だと思います。デニムに合わせてます。,5,2026-05-07 13:14:48 UTC,Y.S,a-summer-strawberry-loos-1@example.invalid,8888836260067,a-summer-strawberry-loose-fit-t-shirt-1,,
リピートです,色違いでリピしました。今回はパープルにしました。顔まわりが明るく見える。何回買っても満足してます。,5,2026-07-18 01:05:43 UTC,チヒロ,a-summer-strawberry-loos-2@example.invalid,8888836260067,a-summer-strawberry-loose-fit-t-shirt-1,,
コーデしやすい,羽織りとも相性いい。リボンが主役。一枚で決まる。出番が多くなりそうです。,5,2026-03-11 23:33:35 UTC,N.H,a-cherry-bow-t-shirt-1@example.invalid,8888220221667,a-cherry-bow-t-shirt,,
,思っていたよりきれいめに見えました。デニムが硬すぎない。着回しが効く。羽織りとも相性いい。買ってよかったです。,5,2026-04-28 06:25:04 UTC,アカリ,a-cherry-bow-t-shirt-2@example.invalid,8888220221667,a-cherry-bow-t-shirt,,
,フリルが甘すぎない。169cmでLを着用しています。ヒールで綺麗めに。めっちゃ気に入ってる。,5,2026-07-26 11:02:33 UTC,ルナ☺️,a-pink-ruffle-shorts-pan-1@example.invalid,8888216944867,a-pink-ruffle-shorts-pants,,
,画面で見るより可愛かったです。フリルが甘すぎない。カジュアルすぎず履ける。期待どおりでした。,5,2026-07-04 13:02:28 UTC,Y.S,a-pink-ruffle-shorts-pan-2@example.invalid,8888216944867,a-pink-ruffle-shorts-pants,,
参考までに,153cm、普段Sサイズです。この商品もSで、着丈52cm・胸囲82cmはほぼ表記どおりでした。体のラインがきれいに見える。サイズ表どおりで選んで問題ないと思います。羽織りとも相性いい。,5,2026-07-04 15:29:11 UTC,ホノカ🥺,a-lace-lettered-slim-fit-1@example.invalid,8888215044323,a-lace-lettered-slim-fit-top,,
コーデしやすい,デニムに合わせてます。レースが安っぽくない。合わせやすい。一枚あると便利だと思います。✨,5,2026-04-21 23:17:11 UTC,みお,a-lace-lettered-slim-fit-2@example.invalid,8888215044323,a-lace-lettered-slim-fit-top,,
,写真撮るとき用に。丈感がちょうどいい。レース部分がとにかく可愛い。タイツで秋冬も。✨,5,2026-07-30 16:55:45 UTC,コハル,a-high-slit-layered-lace-1@example.invalid,8866396668131,a-high-slit-layered-lace-skirt,,
思ったよりしっかりしてる,スリットは歩きやすい深さ。縫製も雑なところがなかったです。コスパは良いと思います。,5,2026-04-08 11:41:19 UTC,シオリ🫶,a-high-slit-layered-lace-2@example.invalid,8866396668131,a-high-slit-layered-lace-skirt,,
,着回しが効く。買ってよかったです。,5,2026-04-22 13:12:40 UTC,カナ,a-tunic-bra-1-1@example.invalid,8866301673699,a-tunic-bra-1,,
生地がいい,生地がしっかりしていて安っぽくないです。コスパは良いと思います。,5,2026-07-12 09:35:38 UTC,モモ,a-tunic-bra-1-2@example.invalid,8866301673699,a-tunic-bra-1,,
リピートです,ここで買うの三回目です。今回はホワイトにしました。顔まわりが明るく見える。何回買っても満足してます。,5,2026-07-20 21:34:17 UTC,コハル,a-lantern-tops-1-1@example.invalid,8866296692963,a-lantern-tops-1,,
,着回しが効く、めっちゃ気に入ってる〜！✨💕💗,5,2026-06-08 00:29:24 UTC,チヒロ,a-lantern-tops-1-2@example.invalid,8866296692963,a-lantern-tops-1,,
お気に入り,157cmでSを着用しています。羽織りを足せば長く着られる。めっちゃ気に入ってる。,5,2026-04-11 00:04:01 UTC,アオイ,a-stitched-balloon-sleev-1@example.invalid,8866273427683,a-stitched-balloon-sleeve-shoulder-dress-1,,
イメージどおり,写真で見るよりしっかりしてました。一枚で完成する。小物で印象が変わる。おすすめです。,5,2026-03-23 20:44:28 UTC,ホノカ,a-stitched-balloon-sleev-2@example.invalid,8866273427683,a-stitched-balloon-sleeve-shoulder-dress-1,,
,思っていたより上品でした。レースが上品。一枚で雰囲気が出る。スニーカーでも綺麗めでもいける。期待どおりでした。,5,2026-05-19 08:18:08 UTC,アオイ,a-lace-layered-gauze-ski-1@example.invalid,8866249277667,a-lace-layered-gauze-skirt,,
,タイツで秋冬も。レースが上品。シルエットがきれい。ホワイトを選びましたが手持ちと合わせやすいです。一枚あると便利だと思います。,5,2026-06-08 09:52:47 UTC,K,a-lace-layered-gauze-ski-2@example.invalid,8866249277667,a-lace-layered-gauze-skirt,,
,思っていたより可愛かったです。柄が写真より落ち着いてる。中に着込める。中がシンプルでも決まる。満足しています。,5,2026-05-10 20:31:38 UTC,カレン,floral-print-ribbon-dres-1@example.invalid,9242443186403,floral-print-ribbon-dress-and-cardigan-set,,
詳しめに書きます,リボンが主役。154cmでSを着用しています。中がシンプルでも決まる。めっちゃ気に入ってる。,5,2026-03-26 13:02:27 UTC,ちひろ,floral-print-ribbon-dres-2@example.invalid,9242443186403,floral-print-ribbon-dress-and-cardigan-set,,
,スタイルよく見える。リブが伸びて着心地いい。ほどよくフィットする。また利用します。,5,2026-04-15 21:09:46 UTC,S.Y,front-button-ribbed-body-1@example.invalid,9242443808995,front-button-ribbed-bodycon-mini-dress,,
最高,リブが伸びて着心地いい！☺️🫶,5,2026-05-03 14:08:37 UTC,あかり,front-button-ribbed-body-2@example.invalid,9242443808995,front-button-ribbed-bodycon-mini-dress,,
,着回しが効く。花柄が上品。長く着られそうです。,5,2026-07-05 16:01:20 UTC,ユナ😍,sheer-lace-paneled-flora-1@example.invalid,9242443350243,sheer-lace-paneled-floral-top,,
色違い購入,色違いでリピしました。今回はブラックにしました。合わせやすい。花柄が派手すぎない。またリピートすると思います。,5,2026-07-05 17:38:52 UTC,N.H,sheer-lace-paneled-flora-2@example.invalid,9242443350243,sheer-lace-paneled-floral-top,,
,小物で印象が変わる。ギャザーの寄せ方がきれい。シーンを選ばない。着回しが効くので買ってよかったです。,5,2026-08-04 01:10:01 UTC,ソラ,square-neck-gathered-fla-1@example.invalid,9242437288163,square-neck-gathered-flared-maxi-dress,,
写真より良い,画面で見るより上品でした。ギャザーの寄せ方がきれい。一枚で完成する。小物で印象が変わる。長く着られそうです。,5,2026-06-15 23:06:12 UTC,アオイ,square-neck-gathered-fla-2@example.invalid,9242437288163,square-neck-gathered-flared-maxi-dress,,
出番多そう,友達の結婚式の二次会に。合わせやすい。サテンの光沢が上品。デニムに合わせてます。,5,2026-06-09 06:32:34 UTC,リコ,satin-bow-tie-halter-nec-1@example.invalid,9242436042979,satin-bow-tie-halter-neck-top,,
,サテンの光沢が上品。縫製も雑なところがなかったです。この値段でこの質感なら十分満足です。,5,2026-03-02 18:52:36 UTC,Karen,satin-bow-tie-halter-nec-2@example.invalid,9242436042979,satin-bow-tie-halter-neck-top,,
詳しく書きます,セールになっていたので思いきって買ってみました。届いて袋から出してまず思ったのが、ドットが細かめで上品 ということ。153cmでSを着用していて、着丈52cm・胸囲82cmは表記とほぼ同じでした。スカートと合わせると女っぽくなる。洗濯は念のためネットに入れています。期待どおりでした。,5,2026-06-29 10:44:07 UTC,アオイ,classic-polka-dot-blouse-1@example.invalid,9242435813603,classic-polka-dot-blouse-with-bow-tie,,
好き,ドットが細かめで上品、めっちゃ気に入ってる〜！🎀🩷,5,2026-07-19 04:16:02 UTC,ミナ,classic-polka-dot-blouse-2@example.invalid,9242435813603,classic-polka-dot-blouse-with-bow-tie,,
コーデしやすい,羽織りを足せば長く着られる。シーンを選ばない。ブルーを選びましたが手持ちと合わせやすいです。着回しが効くので買ってよかったです。,5,2026-04-09 11:07:41 UTC,サキ🥺,square-neck-scalloped-sl-1@example.invalid,9242387841251,square-neck-scalloped-sleeveless-dress,,
,◎ スタイルよく見える,5,2026-04-20 19:00:01 UTC,ユナ,square-neck-scalloped-sl-2@example.invalid,9242387841251,square-neck-scalloped-sleeveless-dress,,
,普段使いに。スタイルよく見える。リボンが取り外せたらもっと良かったけど可愛い。羽織りを足せば長く着られる。🎀💕,5,2026-04-09 08:55:23 UTC,ひなの,square-neck-ribbon-belt--1@example.invalid,9242382401763,square-neck-ribbon-belt-flared-dress,,
参考になれば,リボンが取り外せたらもっと良かったけど可愛い。157cmでMを着用しています。羽織りを足せば長く着られる。また買います。,5,2026-04-26 22:06:24 UTC,アヤ💗,square-neck-ribbon-belt--2@example.invalid,9242382401763,square-neck-ribbon-belt-flared-dress,,
買ってよかった,シーンを選ばない。🥺💗✨,5,2026-05-05 23:37:30 UTC,ミナ,v-neck-belted-flared-dre-1@example.invalid,9242379550947,v-neck-belted-flared-dress,,
長くなりましたが,前から似たようなものを探していて、写真の雰囲気に惹かれて購入しました。実物を手に取ってみると、作りが丁寧。170cmでLを着用していて、着丈84cm・ウエスト74cmは表記とほぼ同じでした。羽織りを足せば長く着られる。洗濯は念のためネットに入れています。長く着られそうです。,5,2026-07-18 01:50:45 UTC,Aoi,v-neck-belted-flared-dre-2@example.invalid,9242379550947,v-neck-belted-flared-dress,,
出番多そう,海行くとき用。スタイルよく見える。リボンの位置が絶妙。羽織りを足せば長く着られる。🫶,5,2026-05-15 14:09:45 UTC,ユイ,waist-ribbon-lace-hem-fl-1@example.invalid,9242377847011,waist-ribbon-lace-hem-flared-dress,,
,"◎ スタイルよく見える
◎ レースが上品",5,2026-05-04 17:52:00 UTC,ナナ,waist-ribbon-lace-hem-fl-2@example.invalid,9242377847011,waist-ribbon-lace-hem-flared-dress,,
最高,シーンを選ばない、お気に入りになりました〜！🌸💕😍,5,2026-06-07 20:25:24 UTC,ヒナ,ruffled-shoulder-square--1@example.invalid,9242376863971,ruffled-shoulder-square-neck-fitted-dress,,
リピートです,ここで買うの三回目です。今回はホワイトにしました。シーンを選ばない。やっぱり間違いないです。,5,2026-06-27 11:17:39 UTC,non,ruffled-shoulder-square--2@example.invalid,9242376863971,ruffled-shoulder-square-neck-fitted-dress,,
,普段使いに。一枚で完成する。スリットが効いてる。そのままで様になる。期待どおりでした。,5,2026-06-30 20:09:36 UTC,ヒナ,camisole-front-slit-flar-1@example.invalid,9242322960611,camisole-front-slit-flared-dress,,
生地がいい,スリットが効いてる。生地がしっかりしていて安っぽくないです。コスパは良いと思います。,5,2026-08-05 20:32:26 UTC,R.N,camisole-front-slit-flar-2@example.invalid,9242322960611,camisole-front-slit-flared-dress,,
,レビューが少なくて少し迷ったのですが、思いきって注文しました。実物を手に取ってみると、プリーツがしっかりついてる。148cmでSを着用していて、着丈81cm・ウエスト66cmは表記とほぼ同じでした。そのままで様になる。気になった点は、届いたときの折りジワが少し取れにくかったことくらいです。期待どおりでした。,5,2026-06-24 05:59:33 UTC,Yui,double-belted-pleated-fl-1@example.invalid,9242322010339,double-belted-pleated-flared-dress,,
思ったよりしっかりしてる,プリーツがしっかりついてる。縫製も雑なところがなかったです。この値段でこの質感なら十分満足です。,5,2026-07-21 01:02:19 UTC,ミナ,double-belted-pleated-fl-2@example.invalid,9242322010339,double-belted-pleated-flared-dress,,
写真より良い,写真で見るより上品でした。チープな光り方じゃない。一枚で完成する。そのままで様になる。買ってよかったです。,5,2026-05-20 15:35:32 UTC,ゆきの,shiny-satin-ribbon-belt--1@example.invalid,9242321912035,shiny-satin-ribbon-belt-flared-dress,,
コスパ良し,"チープな光り方じゃない。縫製も雑なところがなかったです。24,100円とは思えないです。",5,2026-03-18 06:44:46 UTC,みお,shiny-satin-ribbon-belt--2@example.invalid,9242321912035,shiny-satin-ribbon-belt-flared-dress,,
サイズ表どおりでした,161cm、普段Mサイズです。この商品もMで、着丈82cm・ウエスト70cmはほぼ表記どおりでした。サイズ表どおりで選んで問題ないと思います。,5,2026-08-08 18:52:11 UTC,M.K,high-waisted-tucked-puff-1@example.invalid,9242318831843,high-waisted-tucked-puff-sleeve-dress,,
,そのままで様になる。腰位置が高く見える。シーンを選ばない。出番が多くなりそうです。,5,2026-05-24 10:50:46 UTC,ホノカ,high-waisted-tucked-puff-2@example.invalid,9242318831843,high-waisted-tucked-puff-sleeve-dress,,
,二着目です。今回はレッドにしました。一枚で完成する。パフ袖のふくらみが可愛い。やっぱり間違いないです。,5,2026-03-10 00:45:46 UTC,ひなの,asymmetric-puff-sleeve-t-1@example.invalid,9242315325667,asymmetric-puff-sleeve-tucked-flared-dress,,
最高,パフ袖のふくらみが可愛い、買ってよかった。🫶🥺,5,2026-03-15 09:56:06 UTC,R.N,asymmetric-puff-sleeve-t-2@example.invalid,9242315325667,asymmetric-puff-sleeve-tucked-flared-dress,,
サイズ迷ってる方へ,153cm、普段Sサイズです。この商品もSで、着丈81cm・ウエスト66cmはほぼ表記どおりでした。サイズ表どおりで選んで問題ないと思います。そのままで様になる。,5,2026-06-04 01:32:09 UTC,あおい,boat-neck-sleeveless-mer-1@example.invalid,9242311950563,boat-neck-sleeveless-mermaid-dress,,
最高,シーンを選ばない、色違いも欲しい。🎀💕☺️,5,2026-04-14 17:36:56 UTC,なな,boat-neck-sleeveless-mer-2@example.invalid,9242311950563,boat-neck-sleeveless-mermaid-dress,,
可愛すぎる,ひと目惚れして買いました、花柄が派手すぎない、買ってよかった！🩷✨,5,2026-03-25 16:07:58 UTC,Yui,floral-organza-square-ne-1@example.invalid,9242311033059,floral-organza-square-neck-dress,,
,写真で見るよりしっかりしてました。花柄が派手すぎない。シーンを選ばない。また利用します。,5,2026-06-26 11:36:13 UTC,チヒロ,floral-organza-square-ne-2@example.invalid,9242311033059,floral-organza-square-neck-dress,,
良い点と気になる点,"◎ スタイルよく見える
△ 丈は短めなので好みが分かれそう",5,2026-03-11 16:57:15 UTC,アヤ,side-tucked-knot-dress-1@example.invalid,9242310967523,side-tucked-knot-dress,,
思ったよりしっかりしてる,"手に取った質感が値段以上でした。22,900円とは思えないです。",5,2026-04-07 14:40:20 UTC,アカリ,side-tucked-knot-dress-2@example.invalid,9242310967523,side-tucked-knot-dress,,
詳しめに書きます,レース部分がとにかく可愛い。162cmでMを着用しています。羽織りを足せば長く着られる。リピ確定。,5,2026-03-29 11:35:42 UTC,Yui,sheer-lace-embroidered-f-1@example.invalid,9242239008995,sheer-lace-embroidered-flare-dress,,
,"◎ シアー感が上品
◎ スタイルよく見える",5,2026-06-25 20:21:26 UTC,ルナ,sheer-lace-embroidered-f-2@example.invalid,9242239008995,sheer-lace-embroidered-flare-dress,,
お気に入り,リボンの位置が絶妙。149cmでSを着用しています。そのままで様になる。お気に入りになりました。,5,2026-08-03 18:39:20 UTC,Y.S,scalloped-neck-dress-wit-1@example.invalid,9242237272291,scalloped-neck-dress-with-ribbon-waist,,
可愛い,リボンの位置が絶妙、めっちゃ気に入ってる。🫶,5,2026-07-30 18:32:02 UTC,ハルカ,scalloped-neck-dress-wit-2@example.invalid,9242237272291,scalloped-neck-dress-with-ribbon-waist,,
長くなりましたが,前から似たようなものを探していて、写真の雰囲気に惹かれて購入しました。実物を手に取ってみると、リボンが主役。169cmでLを着用していて、着丈84cm・ウエスト74cmは表記とほぼ同じでした。小物で印象が変わる。買ってよかったです。,5,2026-06-29 21:24:34 UTC,あかり,notched-neck-waist-tie-f-1@example.invalid,9242236354787,notched-neck-waist-tie-flare-dress,,
色違い購入,色違いでリピしました。今回はブラックにしました。シーンを選ばない。リボンが主役。何回買っても満足してます。,5,2026-03-21 16:03:20 UTC,ミナ,notched-neck-waist-tie-f-2@example.invalid,9242236354787,notched-neck-waist-tie-flare-dress,,
,色違いでリピしました。今回はピンクにしました。シーンを選ばない。またリピートすると思います。,5,2026-03-02 03:27:42 UTC,ミナ,side-twist-draped-flare--1@example.invalid,9242164887779,side-twist-draped-flare-dress,,
コーデしやすい,そのままで様になる。スタイルよく見える。ピンクを選びましたが手持ちと合わせやすいです。出番が多くなりそうです。,5,2026-07-15 06:11:41 UTC,ハルカ,side-twist-draped-flare--2@example.invalid,9242164887779,side-twist-draped-flare-dress,,
写真より良い,写真で見るより可愛かったです。一枚で完成する。羽織りを足せば長く着られる。また利用します。,5,2026-03-30 06:19:35 UTC,Yui,square-neck-fit-and-flar-1@example.invalid,9242164756707,square-neck-fit-and-flare-dress,,
,前に買って良かったのでまた買いました。今回はピンクにしました。一枚で完成する。何回買っても満足してます。✨,5,2026-07-01 06:13:44 UTC,ミオ,square-neck-fit-and-flar-2@example.invalid,9242164756707,square-neck-fit-and-flare-dress,,
参考になれば,ギャザーの寄せ方がきれい。155cmでMを着用しています。そのままで様になる。リピ確定。,5,2026-06-11 01:19:45 UTC,ちー,白のキャミソールドレス-女性のフランス証明書-初-1@example.invalid,9242162528483,白のキャミソールドレス-女性のフランス証明書-初恋-純白のドレス-誕生日ドレス-高級感-ウエストを締めてスリムに,,
最高,ギャザーの寄せ方がきれい、また買います！！🎀🌸🩷,5,2026-06-16 09:58:27 UTC,Mina,白のキャミソールドレス-女性のフランス証明書-初-2@example.invalid,9242162528483,白のキャミソールドレス-女性のフランス証明書-初恋-純白のドレス-誕生日ドレス-高級感-ウエストを締めてスリムに,,
,◎ 一枚で完成する,5,2026-05-21 17:22:44 UTC,アオイ,front-twist-draped-flare-1@example.invalid,9242160333027,front-twist-draped-flare-dress,,
イメージどおり,画面で見るよりきれいめに見えました。一枚で完成する。長く着られそうです。,5,2026-06-01 11:27:24 UTC,ハルカ,front-twist-draped-flare-2@example.invalid,9242160333027,front-twist-draped-flare-dress,,
参考になれば,163cmでLを着用しています。羽織りを足せば長く着られる。また買います。,5,2026-07-21 22:01:46 UTC,Luna,v-neck-flare-dress-with--1@example.invalid,9242158170339,v-neck-flare-dress-with-gold-buttons,,
買ってよかった,夏フェスで着ました。スタイルよく見える。羽織りを足せば長く着られる。,5,2026-03-27 23:23:13 UTC,ナギサ,v-neck-flare-dress-with--2@example.invalid,9242158170339,v-neck-flare-dress-with-gold-buttons,,
生地がいい,"縫製も雑なところがなかったです。23,670円とは思えないです。",5,2026-04-13 21:26:20 UTC,ちー,square-neck-narrow-belt--1@example.invalid,9242157285603,square-neck-narrow-belt-flare-dress,,
着回しやすい,羽織りを足せば長く着られる。シーンを選ばない。着回しが効くので買ってよかったです。👍,5,2026-04-03 19:23:08 UTC,Nana,square-neck-narrow-belt--2@example.invalid,9242157285603,square-neck-narrow-belt-flare-dress,,
,肩の出方がちょうどいい〜！💕,5,2026-05-07 00:30:32 UTC,K,off-shoulder-ruffle-blou-1@example.invalid,9242151289059,off-shoulder-ruffle-blouse,,
良い点と気になる点,"◎ 肩の出方がちょうどいい
◎ 合わせやすい",5,2026-03-29 12:03:43 UTC,リコ,off-shoulder-ruffle-blou-2@example.invalid,9242151289059,off-shoulder-ruffle-blouse,,
サイズ迷ってる方へ,155cm、普段Sサイズです。この商品もSで、袖丈64cmはほぼ表記どおりでした。サイズ表どおりで選んで問題ないと思います。,5,2026-03-13 01:20:45 UTC,あおい,day-and-night-knitted-to-1@example.invalid,9242136051939,day-and-night-knitted-top,,
参考になれば,チクチクしない。159cmでMを着用しています。パンツでもスカートでも。お気に入りになりました。,5,2026-05-15 08:04:12 UTC,Mina,day-and-night-knitted-to-2@example.invalid,9242136051939,day-and-night-knitted-top,,
,"◎ 一枚で決まる
△ 色は画面より少し落ち着いてる",5,2026-07-09 02:38:04 UTC,スミレ,breathing-tides-commuter-1@example.invalid,9242118717667,breathing-tides-commuter-blouse,,
,合わせやすい。おすすめです。,5,2026-04-16 18:27:25 UTC,Karen,breathing-tides-commuter-2@example.invalid,9242118717667,breathing-tides-commuter-blouse,,
最高でした,写真どおりで感動、デニムの色落ちがいい感じ、また買います！😍🩷,5,2026-04-27 12:57:35 UTC,ユイ,blue-light-beaded-denim--1@example.invalid,9242112065763,blue-light-beaded-denim-pants,,
,デニムの色落ちがいい感じ。165cmでMを着用しています。コンパクトなトップスと相性◎。リピ確定。,5,2026-07-07 08:33:11 UTC,Y.S,blue-light-beaded-denim--2@example.invalid,9242112065763,blue-light-beaded-denim-pants,,
詳しめに書きます,171cmでLを着用しています。デニムに合わせてます。買ってよかった。,5,2026-06-13 15:14:17 UTC,R.N,soft-night-breeze-spicy--1@example.invalid,9242110132451,soft-night-breeze-spicy-top,,
使いやすいです,羽織りとも相性いい。合わせやすい。コーラルピンクを選びましたが手持ちと合わせやすいです。着回しが効くので買ってよかったです。,5,2026-05-27 02:19:04 UTC,Momo,soft-night-breeze-spicy--2@example.invalid,9242110132451,soft-night-breeze-spicy-top,,
好き,レース部分がとにかく可愛い〜！🫶,5,2026-07-15 15:00:47 UTC,M.K,silent-rose-semi-sheer-l-1@example.invalid,9242075594979,silent-rose-semi-sheer-lace-t-shirt,,
良い点と気になる点,"◎ 一枚で決まる
◎ 透け方がきれい",5,2026-05-29 12:09:34 UTC,ルナ,silent-rose-semi-sheer-l-2@example.invalid,9242075594979,silent-rose-semi-sheer-lace-t-shirt,,
着回しやすい,デニムに合わせてます。レースの透け感が絶妙。合わせやすい。ブラックを選びましたが手持ちと合わせやすいです。一枚あると便利だと思います。,5,2026-03-18 10:15:44 UTC,Rio,lace-v-neck-summer-top-1@example.invalid,9242073989347,lace-v-neck-summer-top,,
好き,レースの透け感が絶妙！😍,5,2026-04-18 15:51:27 UTC,ミオ,lace-v-neck-summer-top-2@example.invalid,9242073989347,lace-v-neck-summer-top,,
思ったよりしっかりしてる,"プリーツがしっかりついてる。薄すぎず、ちゃんとした作りでした。6,680円とは思えないです。",5,2026-08-05 17:46:09 UTC,R.N,white-pleated-summer-set-1@example.invalid,9241998229731,white-pleated-summer-set-up,,
サイズ表どおりでした,157cm、普段Sサイズです。この商品もSで、胸囲101cmはほぼ表記どおりでした。迷ったら表記どおりで大丈夫だと思います。,5,2026-08-05 16:40:57 UTC,モモ,white-pleated-summer-set-2@example.invalid,9241998229731,white-pleated-summer-set-up,,
,スタイルよく見える〜！💗🫶🎀,5,2026-04-30 06:56:04 UTC,Karen,sweet-v-neck-summer-dres-1@example.invalid,9241996394723,sweet-v-neck-summer-dress,,
ひと目惚れ,可愛すぎる、色違いも欲しい！🫶💗,5,2026-08-05 23:49:57 UTC,りん,sweet-v-neck-summer-dres-2@example.invalid,9241996394723,sweet-v-neck-summer-dress,,
好き,顔まわりが明るく見える、リピ確定。✨🫶😍,5,2026-07-01 15:34:35 UTC,リコ,heartlight-ruffled-blous-1@example.invalid,9241443401955,heartlight-ruffled-blouse,,
,スカートと合わせると女っぽくなる。合わせやすい。Cloudy Whiteを選びましたが手持ちと合わせやすいです。出番が多くなりそうです。,5,2026-07-29 05:55:01 UTC,すみれ,heartlight-ruffled-blous-2@example.invalid,9241443401955,heartlight-ruffled-blouse,,
使いやすいです,デニムに合わせてます。一枚で決まる。一枚あると便利だと思います。,5,2026-07-05 15:09:20 UTC,さき,spring-gauze-blouse-1@example.invalid,9241397559523,spring-gauze-blouse,,
可愛すぎる,ひと目惚れして買いました、また買います！💗🌸🩷,5,2026-03-12 22:22:00 UTC,スミレ,spring-gauze-blouse-2@example.invalid,9241397559523,spring-gauze-blouse,,
コスパ良し,フリルにボリュームがある。縫製も雑なところがなかったです。この値段でこの質感なら十分満足です。,5,2026-03-19 23:44:34 UTC,マリン,ruffled-off-shoulder-top-1@example.invalid,9241356828899,ruffled-off-shoulder-top,,
,スカートと合わせると女っぽくなる。フリルにボリュームがある。着回しが効く。Dried Roseを選びましたが手持ちと合わせやすいです。一枚あると便利だと思います。,5,2026-03-18 12:01:30 UTC,りん,ruffled-off-shoulder-top-2@example.invalid,9241356828899,ruffled-off-shoulder-top,,
生地がいい,レース部分がとにかく可愛い。薄すぎず、ちゃんとした作りでした。コスパは良いと思います。,5,2026-03-19 11:08:19 UTC,ここ,spring-trace-lace-blouse-1@example.invalid,9241355387107,spring-trace-lace-blouse,,
お気に入り,レース部分がとにかく可愛い。149cmでSを着用しています。羽織りとも相性いい。めっちゃ気に入ってる。,5,2026-03-07 13:39:35 UTC,ナナ,spring-trace-lace-blouse-2@example.invalid,9241355387107,spring-trace-lace-blouse,,
良い点と気になる点,◎ 一枚で決まる,5,2026-07-29 13:43:49 UTC,K,moonlight-strapless-top-1@example.invalid,9241345065187,moonlight-strapless-top,,
期待以上でした,画面で見るより上品でした。合わせやすい。スカートと合わせると女っぽくなる。おすすめです。,5,2026-05-19 08:24:32 UTC,ひなの,moonlight-strapless-top-2@example.invalid,9241345065187,moonlight-strapless-top,,
写真より良い,届いてみたら上品でした。レースが安っぽくない。合わせやすい。羽織りとも相性いい。また利用します。,5,2026-03-03 05:30:41 UTC,ナナ,summer-lace-transparent--1@example.invalid,9241344868579,summer-lace-transparent-blouse,,
,友達の結婚式の二次会に。顔まわりが明るく見える。レースが安っぽくない。デニムに合わせてます。おすすめです。,5,2026-03-04 21:49:03 UTC,mii,summer-lace-transparent--2@example.invalid,9241344868579,summer-lace-transparent-blouse,,
購入を迷っている方へ,レビューが少なくて少し迷ったのですが、思いきって注文しました。写真では分かりませんでしたが、作りが丁寧。157cmでMを着用していて、着丈38cm・胸囲84cmは表記とほぼ同じでした。シャツを羽織って抜け感。洗濯は念のためネットに入れています。期待どおりでした。,5,2026-04-10 05:16:11 UTC,mii,soft-breeze-camisole-top-1@example.invalid,9241344573667,soft-breeze-camisole-top,,
,インナーにも一枚でも使える。満足しています。,5,2026-04-08 16:04:15 UTC,ホノカ,soft-breeze-camisole-top-2@example.invalid,9241344573667,soft-breeze-camisole-top,,
詳しめに書きます,158cmでMを着用しています。羽織りとも相性いい。大満足。,5,2026-05-01 12:16:11 UTC,ゆい,soft-blue-and-white-tube-1@example.invalid,9241344508131,soft-blue-and-white-tube-top,,
,画面で見るより上品でした。着回しが効く。スカートと合わせると女っぽくなる。期待どおりでした。,5,2026-06-13 06:30:48 UTC,Luna,soft-blue-and-white-tube-2@example.invalid,9241344508131,soft-blue-and-white-tube-top,,
詳しめに書きます,156cmでMを着用しています。小物で印象が変わる。お気に入りになりました。,5,2026-04-23 01:12:38 UTC,ミク,water-wave-summer-dress-1@example.invalid,9241344442595,water-wave-summer-dress,,
買ってよかった,一枚で完成する、買ってよかった！！🥺,5,2026-04-13 20:25:17 UTC,N.H,water-wave-summer-dress-2@example.invalid,9241344442595,water-wave-summer-dress,,
思ったよりしっかりしてる,"ハイウエストで脚長効果すごい。手に取った質感が値段以上でした。7,800円とは思えないです。",5,2026-08-03 04:38:02 UTC,ノア,lace-slim-fit-cropped-to-1@example.invalid,9241341657315,lace-slim-fit-cropped-top,,
写真より良い,画面で見るより可愛かったです。レースが安っぽくない。一枚で決まる。デニムに合わせてます。満足しています。,5,2026-05-14 07:57:39 UTC,エマ,lace-slim-fit-cropped-to-2@example.invalid,9241341657315,lace-slim-fit-cropped-top,,
,レビューが少なくて少し迷ったのですが、思いきって注文しました。実物を手に取ってみると、デコルテがきれいに見える。153cmでSを選んでちょうどよかったです。小物で印象が変わる。おすすめです。,5,2026-03-25 13:53:24 UTC,ゆい,minimalist-summer-off-sh-1@example.invalid,9241341296867,minimalist-summer-off-shoulder-top-set-up,,
ひと目惚れ,写真どおりで感動、デコルテがきれいに見える、大満足！🎀☺️💗,5,2026-05-11 16:31:57 UTC,K,minimalist-summer-off-sh-2@example.invalid,9241341296867,minimalist-summer-off-shoulder-top-set-up,,
期待以上でした,画面で見るより可愛かったです。一枚で決まる。デニムに合わせてます。長く着られそうです。,5,2026-03-31 02:39:05 UTC,なな,white-breaths-v-neck-top-1@example.invalid,9241341100259,white-breaths-v-neck-top,,
詳しく書きます,同系統のものを持っていないので、試しに買ってみました。届いて袋から出してまず思ったのが、作りが丁寧 ということ。169cmでLを着用していて、袖丈15cmは表記とほぼ同じでした。羽織りとも相性いい。強いて言えば、色は画面で見るより少し落ち着いて見えます。長く着られそうです。,5,2026-04-08 03:32:58 UTC,さき,white-breaths-v-neck-top-2@example.invalid,9241341100259,white-breaths-v-neck-top,,
コーデしやすい,小物で印象が変わる。思ったより透けない。単品でも使える。着回しが効くので買ってよかったです。,5,2026-03-09 01:02:36 UTC,コハル,sheer-lace-floral-top-se-1@example.invalid,9241339101411,sheer-lace-floral-top-set,,
,色違いでリピしました。単品でも使える。花柄の色数が抑えてある。やっぱり間違いないです。🫧,5,2026-05-24 22:19:57 UTC,ユナ,sheer-lace-floral-top-se-2@example.invalid,9241339101411,sheer-lace-floral-top-set,,
旅行に持っていきました,デート用に。合わせやすい。デニムに合わせてます。おすすめです。,5,2026-03-22 16:44:33 UTC,ソラ,the-wind-steals-moonligh-1@example.invalid,9241338904803,the-wind-steals-moonlight-t-shirt,,
,前に買って良かったのでまた買いました。今回はHaze Blueにしました。着回しが効く。またリピートすると思います。,5,2026-07-21 22:18:46 UTC,Aoi,the-wind-steals-moonligh-2@example.invalid,9241338904803,the-wind-steals-moonlight-t-shirt,,
サイズ感の参考に,150cm、普段Sサイズです。この商品もSで、着丈55cm・胸囲92cmはほぼ表記どおりでした。普段のサイズで問題なかったです。,5,2026-08-01 06:09:29 UTC,Rio,moonlight-sheer-summer-t-1@example.invalid,9241291817187,moonlight-sheer-summer-top,,
,前から似たようなものを探していて、写真の雰囲気に惹かれて購入しました。届いて袋から出してまず思ったのが、シアー感が上品 ということ。159cmでMを着用していて、着丈56cm・胸囲96cmは表記とほぼ同じでした。デニムに合わせてます。おすすめです。,5,2026-04-09 22:50:13 UTC,Luna,moonlight-sheer-summer-t-2@example.invalid,9241291817187,moonlight-sheer-summer-top,,
お気に入り,レースが安っぽくない。164cmでLを着用しています。デニムに合わせてます。買ってよかった。,5,2026-03-04 19:03:59 UTC,カナ,wind-trace-lace-top-1@example.invalid,9241288704227,wind-trace-lace-top,,
,同系統のものを持っていないので、試しに買ってみました。実物を手に取ってみると、レースが安っぽくない。165cmでLを着用していて、袖丈66cmは表記とほぼ同じでした。スカートと合わせると女っぽくなる。洗濯は念のためネットに入れています。買ってよかったです。,5,2026-06-22 20:20:48 UTC,ナギサ,wind-trace-lace-top-2@example.invalid,9241288704227,wind-trace-lace-top,,
コスパ良し,透け方がきれい。薄すぎず、ちゃんとした作りでした。コスパは良いと思います。,5,2026-03-30 12:02:35 UTC,ホノカ,summer-sheer-pleated-chi-1@example.invalid,9241262063843,summer-sheer-pleated-chiffon-shirt,,
,"◎ 透け方がきれい
◎ 着回しが効く",5,2026-08-03 08:49:09 UTC,ちひろ,summer-sheer-pleated-chi-2@example.invalid,9241262063843,summer-sheer-pleated-chiffon-shirt,,
,"縫製も雑なところがなかったです。12,490円とは思えないです。",5,2026-06-07 10:50:52 UTC,すみれ,french-flutter-sleeve-ba-1@example.invalid,9241261965539,french-flutter-sleeve-babydoll-top-set,,
,ここで買うの三回目です。今回はLotus Colorにしました。統一感が出る。何回買っても満足してます。🫧,5,2026-07-21 17:14:28 UTC,リオ,french-flutter-sleeve-ba-2@example.invalid,9241261965539,french-flutter-sleeve-babydoll-top-set,,
イメージどおり,画面で見るより上品でした。顔まわりが明るく見える。デニムに合わせてます。満足しています。,5,2026-07-13 02:07:15 UTC,M.K,shadow-and-light-t-shirt-1@example.invalid,9241261900003,shadow-and-light-t-shirt,,
まとめると,◎ 一枚で決まる,5,2026-03-08 16:36:24 UTC,アカリ,shadow-and-light-t-shirt-2@example.invalid,9241261900003,shadow-and-light-t-shirt,,
,"◎ 一枚で完成する
◎ レースの透け感が絶妙
△ 色は画面より少し落ち着いてる",5,2026-07-15 20:24:05 UTC,マナ,eye-catching-lace-collar-1@example.invalid,9241261703395,eye-catching-lace-collar-dress-set,,
,シーンを選ばない。レースの透け感が絶妙。また利用します。,5,2026-06-29 20:35:56 UTC,アヤ,eye-catching-lace-collar-2@example.invalid,9241261703395,eye-catching-lace-collar-dress-set,,
使いやすいです,デニムに合わせてます。顔まわりが明るく見える。出番が多くなりそうです。,5,2026-03-09 06:09:53 UTC,サキ🌸,skin-emotion-twist-top-1@example.invalid,9241261605091,skin-emotion-twist-top,,
リピートです,前に買って良かったのでまた買いました。今回はRime Grayにしました。着回しが効く。やっぱり間違いないです。,5,2026-07-02 05:50:50 UTC,モモ,skin-emotion-twist-top-2@example.invalid,9241261605091,skin-emotion-twist-top,,
最高,インナー次第で調整できる〜！🫶💗🎀,5,2026-06-02 20:22:47 UTC,チヒロ,knitted-hollow-out-summe-1@example.invalid,9241249087715,knitted-hollow-out-summer-top,,
,肌ざわりがいい。インナー次第で調整できる。期待どおりでした。,5,2026-07-13 20:47:17 UTC,Haruka,knitted-hollow-out-summe-2@example.invalid,9241249087715,knitted-hollow-out-summer-top,,
サイズ表どおりでした,165cm、普段Lサイズです。この商品もLで、着丈86cm・胸囲98cmはほぼ表記どおりでした。普段のサイズで問題なかったです。小物で印象が変わる。,5,2026-03-24 03:34:58 UTC,みな,bow-design-long-sleeve-a-1@example.invalid,9241248334051,bow-design-long-sleeve-autumn-dress,,
,色違いでリピしました。今回はホワイトにしました。一枚で完成する。リボンの位置が絶妙。何回買っても満足してます。,5,2026-04-24 09:11:26 UTC,Luna,bow-design-long-sleeve-a-2@example.invalid,9241248334051,bow-design-long-sleeve-autumn-dress,,
最高,着回しが効く、買ってよかった〜！🫶💗,5,2026-04-03 04:43:44 UTC,M.K,autumn-long-sleeved-wais-1@example.invalid,9241248235747,autumn-long-sleeved-waist-top,,
まとめると,"◎ 顔まわりが明るく見える
△ 丈は短めなので好みが分かれそう",5,2026-06-09 18:36:52 UTC,チヒロ,autumn-long-sleeved-wais-2@example.invalid,9241248235747,autumn-long-sleeved-waist-top,,
,前に買って良かったのでまた買いました。今回はレッドにしました。シーンを選ばない。レースが上品。何回買っても満足してます。,5,2026-06-09 13:38:24 UTC,Aoi,patchwork-lace-camisole--1@example.invalid,9241248137443,patchwork-lace-camisole-dress,,
お気に入り,レースが上品。171cmでLを着用しています。羽織りを足せば長く着られる。リピ確定。,5,2026-04-11 03:27:54 UTC,セナ,patchwork-lace-camisole--2@example.invalid,9241248137443,patchwork-lace-camisole-dress,,
ひと目惚れ,可愛すぎる、リピ確定！🩷🫶,5,2026-06-13 17:14:33 UTC,スミレ,layered-slanted-shoulder-1@example.invalid,9241247973603,layered-slanted-shoulder-white-shirt,,
,合わせやすい。満足しています。,5,2026-05-02 16:44:02 UTC,サキ💗,layered-slanted-shoulder-2@example.invalid,9241247973603,layered-slanted-shoulder-white-shirt,,
旅行に持っていきました,夏フェスで着ました。シーンを選ばない。リボンが主役。羽織りを足せば長く着られる。また利用します。😍,5,2026-03-17 18:45:38 UTC,Luna,red-bow-waist-dress-1@example.invalid,9241247580387,red-bow-waist-dress,,
まとめると,"◎ リボンが主役
◎ スタイルよく見える
△ 少し透けるのでインナー必須",5,2026-05-03 15:48:30 UTC,Nana,red-bow-waist-dress-2@example.invalid,9241247580387,red-bow-waist-dress,,
参考になれば,縦のラインで細く見える。163cmでLを着用しています。小物で印象が変わる。めっちゃ気に入ってる。,5,2026-03-28 01:03:25 UTC,シオリ,french-striped-bow-sundr-1@example.invalid,9241229230307,french-striped-bow-sundress,,
思ったよりしっかりしてる,リボンが主役。縫製も雑なところがなかったです。コスパは良いと思います。,5,2026-05-18 07:01:26 UTC,Haruka,french-striped-bow-sundr-2@example.invalid,9241229230307,french-striped-bow-sundress,,
好き,レースの透け感が絶妙！！💗☺️🥺,5,2026-06-21 03:24:55 UTC,Y.S,slim-lace-sleeve-t-shirt-1@example.invalid,9241229033699,slim-lace-sleeve-t-shirt,,
,友達の結婚式の二次会に。合わせやすい。レースの透け感が絶妙。スカートと合わせると女っぽくなる。おすすめです。🫶,5,2026-04-21 08:19:21 UTC,みお,slim-lace-sleeve-t-shirt-2@example.invalid,9241229033699,slim-lace-sleeve-t-shirt,,
写真より良い,画面で見るより上品でした。古着っぽさがいい。シーンを選ばない。そのままで様になる。買ってよかったです。,5,2026-03-28 12:58:35 UTC,マナ,retro-layered-slimming-d-1@example.invalid,9241228706019,retro-layered-slimming-dress,,
生地がいい,"古着っぽさがいい。縫製も雑なところがなかったです。21,800円とは思えないです。",5,2026-04-29 03:11:42 UTC,さき,retro-layered-slimming-d-2@example.invalid,9241228706019,retro-layered-slimming-dress,,
神,スタイルよく見える〜！💗😍,5,2026-04-13 12:42:18 UTC,Haruka,autumn-sweet-pink-tulip--1@example.invalid,9241161072867,autumn-sweet-pink-tulip-dress,,
買ってよかった,海行くとき用。スタイルよく見える。小物で印象が変わる。おすすめです。,5,2026-03-27 04:39:37 UTC,コハル,autumn-sweet-pink-tulip--2@example.invalid,9241161072867,autumn-sweet-pink-tulip-dress,,
,旅行用に買いました。迷わず着られる。レースが安っぽくない。小物で印象が変わる。💗,5,2026-03-27 12:26:15 UTC,ゆきの,plaid-lace-up-blouse-set-1@example.invalid,9241159467235,plaid-lace-up-blouse-set-up,,
使いやすいです,トップスだけでも使える。レースが安っぽくない。迷わず着られる。Shortを選びましたが手持ちと合わせやすいです。出番が多くなりそうです。,5,2026-04-21 13:41:13 UTC,Luna,plaid-lace-up-blouse-set-2@example.invalid,9241159467235,plaid-lace-up-blouse-set-up,,
,前に買って良かったのでまた買いました。今回はホワイトにしました。シーンを選ばない。花柄が上品。何回買っても満足してます。😊,5,2026-06-18 06:59:24 UTC,Mina,white-floral-strapless-d-1@example.invalid,9241159336163,white-floral-strapless-dress,,
まとめると,"◎ 花柄が上品
◎ 一枚で完成する
△ 少し透けるのでインナー必須",5,2026-04-27 21:58:01 UTC,あかり,white-floral-strapless-d-2@example.invalid,9241159336163,white-floral-strapless-dress,,
好き,柄が写真より落ち着いてる、お気に入りになりました〜！🫶,5,2026-03-28 13:39:19 UTC,Nana,floral-embroidered-ruffl-1@example.invalid,9241158844643,floral-embroidered-ruffled-camisole-top-set-up,,
良い点と気になる点,"◎ 花柄が上品
◎ 単品でも使える",5,2026-03-24 15:09:24 UTC,みな,floral-embroidered-ruffl-2@example.invalid,9241158844643,floral-embroidered-ruffled-camisole-top-set-up,,
可愛すぎる,ひと目惚れして買いました、花柄の色数が抑えてある、リピ確定！💗🩷,5,2026-05-26 22:20:13 UTC,さき,blue-sea-floral-layered--1@example.invalid,9241157566691,blue-sea-floral-layered-dress,,
好き,花柄の色数が抑えてある！！☺️🌸✨,5,2026-07-06 05:53:17 UTC,アカリ,blue-sea-floral-layered--2@example.invalid,9241157566691,blue-sea-floral-layered-dress,,
使いやすいです,トップスだけでも使える。リボンの位置が絶妙。統一感が出る。Peach -を選びましたが手持ちと合わせやすいです。着回しが効くので買ってよかったです。👗,5,2026-03-24 13:56:35 UTC,Mina,peach-bow-tube-top-set-u-1@example.invalid,9241157075171,peach-bow-tube-top-set-up,,
,"◎ 迷わず着られる
◎ リボンの位置が絶妙
△ 少し透けるのでインナー必須",5,2026-03-29 00:58:16 UTC,スミレ,peach-bow-tube-top-set-u-2@example.invalid,9241157075171,peach-bow-tube-top-set-up,,
,長い期間着られそう。編み地がしっかりしてる。おすすめです。,5,2026-03-18 22:06:22 UTC,カナ,mixed-yarn-slanted-shoul-1@example.invalid,9144696013027,mixed-yarn-slanted-shoulder-sweater,,
リピートです,前に買って良かったのでまた買いました。今回はベージュにしました。肌ざわりがいい。編み地がしっかりしてる。何回買っても満足してます。,5,2026-05-03 06:26:25 UTC,はるか,mixed-yarn-slanted-shoul-2@example.invalid,9144696013027,mixed-yarn-slanted-shoulder-sweater,,
,海行くとき用。中に着込める。中がシンプルでも決まる。買ってよかったです。,5,2026-05-18 19:14:00 UTC,ルナ,double-layered-fur-trimm-1@example.invalid,9144695193827,double-layered-fur-trimmed-coat,,
詳しめに書きます,151cmでSを着用しています。中がシンプルでも決まる。お気に入りになりました。,5,2026-06-28 09:10:56 UTC,ホノカ,double-layered-fur-trimm-2@example.invalid,9144695193827,double-layered-fur-trimmed-coat,,
参考になれば,153cmでSを着用しています。色が落ち着いてて合わせやすい。大満足。,5,2026-05-19 10:18:09 UTC,セナ,batwing-sleeve-wool-coat-1@example.invalid,9144668684515,batwing-sleeve-wool-coat,,
長くなりましたが,同系統のものを持っていないので、試しに買ってみました。写真では分かりませんでしたが、作りが丁寧。157cmでMを着用していて、着丈58.5cm・袖丈63cmは表記とほぼ同じでした。色が落ち着いてて合わせやすい。満足しています。,5,2026-03-26 18:43:13 UTC,Sena,batwing-sleeve-wool-coat-2@example.invalid,9144668684515,batwing-sleeve-wool-coat,,
お気に入り,花柄が派手すぎない。169cmでLを着用しています。色が落ち着いてて合わせやすい。また買います。,5,2026-03-19 20:22:43 UTC,ナナ,floral-patchwork-jacket--1@example.invalid,9144675041507,floral-patchwork-jacket-dress,,
思ったよりしっかりしてる,花柄が派手すぎない。縫製も雑なところがなかったです。コスパは良いと思います。,5,2026-06-27 03:53:43 UTC,スミレ,floral-patchwork-jacket--2@example.invalid,9144675041507,floral-patchwork-jacket-dress,,
使いやすいです,ヒールで綺麗めに。動きやすい。ブラウンを選びましたが手持ちと合わせやすいです。着回しが効くので買ってよかったです。😊,5,2026-04-01 07:26:41 UTC,Luna,suede-fringe-tassel-shor-1@example.invalid,9144663113955,suede-fringe-tassel-shorts,,
サイズ表どおりでした,154cm、普段Sサイズです。Sでちょうどよかったです。普段のサイズで問題なかったです。コンパクトなトップスと相性◎。,5,2026-04-24 19:02:15 UTC,マリン,suede-fringe-tassel-shor-2@example.invalid,9144663113955,suede-fringe-tassel-shorts,,
着回しやすい,シンプルなトップスで十分。一枚で雰囲気が出る。ベージュを選びましたが手持ちと合わせやすいです。出番が多くなりそうです。,5,2026-04-04 07:23:10 UTC,ミオ,stereo-tassel-feather-sk-1@example.invalid,9144642076899,stereo-tassel-feather-skirt,,
好き,一枚で雰囲気が出る、リピ確定！✨💕,5,2026-06-10 20:33:16 UTC,スミレ,stereo-tassel-feather-sk-2@example.invalid,9144642076899,stereo-tassel-feather-skirt,,
最高でした,届いた瞬間テンション上がりました、買ってよかった！😍✨,5,2026-05-02 02:48:25 UTC,ミオ,star-rabbit-hooded-sweat-1@example.invalid,9144656560355,star-rabbit-hooded-sweatshirt,,
,一枚で決まる。期待どおりでした。,5,2026-05-11 23:46:24 UTC,マナ,star-rabbit-hooded-sweat-2@example.invalid,9144656560355,star-rabbit-hooded-sweatshirt,,
神,編み地がしっかりしてる、また買います！✨💗,5,2026-06-14 08:58:51 UTC,マリン,patchwork-tassel-knit-sw-1@example.invalid,9144638472419,patchwork-tassel-knit-sweater-jacket,,
,軽くて着やすい。編み地がしっかりしてる。また利用します。,5,2026-05-12 04:00:58 UTC,あおい,patchwork-tassel-knit-sw-2@example.invalid,9144638472419,patchwork-tassel-knit-sweater-jacket,,
コスパ良し,"縫製も雑なところがなかったです。22,000円とは思えないです。",5,2026-06-06 11:57:33 UTC,スミレ,gray-fleece-wide-leg-pan-1@example.invalid,9144636178659,gray-fleece-wide-leg-pants,,
買ってよかった,ライブ用に買いました。腰まわりが楽。スニーカーでラフに。おすすめです。,5,2026-04-23 07:18:09 UTC,りん,gray-fleece-wide-leg-pan-2@example.invalid,9144636178659,gray-fleece-wide-leg-pants,,
,写真で見るよりしっかりしてました。羽織るだけで決まる。丈短めのトップスと相性いい。満足しています。,5,2026-03-12 13:46:15 UTC,あおい,lapel-yarn-fleece-cardig-1@example.invalid,9144623431907,lapel-yarn-fleece-cardigan,,
参考までに,171cm、普段Lサイズです。この商品もLで、着丈104cmはほぼ表記どおりでした。サイズ表どおりで選んで問題ないと思います。色が落ち着いてて合わせやすい。,5,2026-04-02 20:54:41 UTC,ゆきの,lapel-yarn-fleece-cardig-2@example.invalid,9144623431907,lapel-yarn-fleece-cardigan,,
好き,リボンが取り外せたらもっと良かったけど可愛い、リピ確定。✨,5,2026-04-14 02:22:49 UTC,ミク,bow-flower-knit-cardigan-1@example.invalid,9144608850147,bow-flower-knit-cardigan,,
,同系統のものを持っていないので、試しに買ってみました。実物を手に取ってみると、花柄が上品。167cmでLを着用していて、着丈85cm・袖丈44cmは表記とほぼ同じでした。中がシンプルでも決まる。長く着られそうです。,5,2026-05-07 06:07:49 UTC,なな,bow-flower-knit-cardigan-2@example.invalid,9144608850147,bow-flower-knit-cardigan,,
,セールになっていたので思いきって買ってみました。届いて袋から出してまず思ったのが、花柄が上品 ということ。166cmでLを選んでちょうどよかったです。色が落ち着いてて合わせやすい。気になった点は、届いたときの折りジワが少し取れにくかったことくらいです。買ってよかったです。,5,2026-05-07 11:46:54 UTC,ここ,floral-high-neck-chanel--1@example.invalid,9144607998179,floral-high-neck-chanel-jacket,,
色違い購入,前に買って良かったのでまた買いました。今回はアプリコットにしました。中に着込める。花柄が上品。何回買っても満足してます。,5,2026-07-08 14:23:50 UTC,Karen,floral-high-neck-chanel--2@example.invalid,9144607998179,floral-high-neck-chanel-jacket,,
,動くたびにきれい〜！🎀🫶✨,5,2026-05-27 12:41:06 UTC,Nana,deconstructed-patchwork--1@example.invalid,9144592695523,deconstructed-patchwork-pleated-trousers,,
,海行くとき用。カジュアルすぎず履ける。動くたびにきれい。コンパクトなトップスと相性◎。長く着られそうです。,5,2026-04-03 11:05:18 UTC,コハル,deconstructed-patchwork--2@example.invalid,9144592695523,deconstructed-patchwork-pleated-trousers,,
可愛すぎる,届いた瞬間テンション上がりました、チクチクしない、色違いも欲しい！💗🥺🎀,5,2026-06-01 12:57:47 UTC,Nana,snowflake-rabbit-knit-ca-1@example.invalid,9144575787235,snowflake-rabbit-knit-cardigan,,
イメージどおり,写真で見るより上品でした。チクチクしない。羽織るだけで決まる。中がシンプルでも決まる。長く着られそうです。,5,2026-04-17 05:26:12 UTC,コハル,snowflake-rabbit-knit-ca-2@example.invalid,9144575787235,snowflake-rabbit-knit-cardigan,,
,ニットが柔らかい。165cmでMを着用しています。インナー足して重ね着も。また買います。,5,2026-04-30 17:14:31 UTC,マナ,fair-isle-knit-vest-1@example.invalid,9144559206627,fair-isle-knit-vest,,
写真より良い,思っていたよりしっかりしてました。ニットが柔らかい。長い期間着られそう。インナー足して重ね着も。また利用します。,5,2026-04-24 12:36:15 UTC,エマ,fair-isle-knit-vest-2@example.invalid,9144559206627,fair-isle-knit-vest,,
色違い購入,二着目です。今回はレッドにしました。動きやすい。デニムの色落ちがいい感じ。またリピートすると思います。,5,2026-07-12 01:07:25 UTC,non,red-wave-denim-pants-1@example.invalid,9144485970147,red-wave-denim-pants,,
,腰まわりが楽。デニムの色落ちがいい感じ。期待どおりでした。,5,2026-03-16 23:28:48 UTC,すみれ,red-wave-denim-pants-2@example.invalid,9144485970147,red-wave-denim-pants,,
,思っていたよりきれいめに見えました。柄の出方がきれい。着回しが効く。満足しています。,5,2026-06-30 02:54:59 UTC,ソラ,forest-whispering-plaid--1@example.invalid,9082668384483,forest-whispering-plaid-shirt,,
,柄の出方がきれい、リピ確定！😍🫶,5,2026-07-11 10:19:11 UTC,ナギサ,forest-whispering-plaid--2@example.invalid,9082668384483,forest-whispering-plaid-shirt,,
旅行に持っていきました,友達の結婚式の二次会に。羽織るだけで決まる。丈短めのトップスと相性いい。満足しています。🌸💕,5,2026-04-04 15:33:11 UTC,なな,lamb-wool-hooded-winter--1@example.invalid,9082668220643,lamb-wool-hooded-winter-coat,,
コスパ良し,薄すぎず、ちゃんとした作りでした。この値段でこの質感なら十分満足です。,5,2026-05-01 04:23:10 UTC,アヤ,lamb-wool-hooded-winter--2@example.invalid,9082668220643,lamb-wool-hooded-winter-coat,,
サイズ迷ってる方へ,158cm、普段Mサイズです。この商品もMで、ウエスト68cm・胸囲88cmはほぼ表記どおりでした。サイズ表どおりで選んで問題ないと思います。中がシンプルでも決まる。,5,2026-07-19 01:38:50 UTC,non,little-girls-winter-coat-1@example.invalid,9082668122339,little-girls-winter-coat-set-up,,
コスパ良し,薄すぎず、ちゃんとした作りでした。コスパは良いと思います。,5,2026-05-19 13:47:25 UTC,ルナ,little-girls-winter-coat-2@example.invalid,9082668122339,little-girls-winter-coat-set-up,,
,中に着込める。チェックが派手じゃない。期待どおりでした。,5,2026-03-02 23:16:58 UTC,mii,plaid-padded-cotton-jack-1@example.invalid,9082667892963,plaid-padded-cotton-jacket,,
旅行に持っていきました,友達の結婚式の二次会に。羽織るだけで決まる。チェックが派手じゃない。色が落ち着いてて合わせやすい。💕🩷,5,2026-04-26 14:36:36 UTC,ヒナ,plaid-padded-cotton-jack-2@example.invalid,9082667892963,plaid-padded-cotton-jacket,,
神,レース部分がとにかく可愛い！😍💗🫶,5,2026-05-24 06:28:00 UTC,ソラ,black-and-white-lace-top-1@example.invalid,9082667794659,black-and-white-lace-top,,
買ってよかった,旅行用に買いました。一枚で決まる。レース部分がとにかく可愛い。スカートと合わせると女っぽくなる。長く着られそうです。💗🫶,5,2026-03-08 05:34:24 UTC,ルナ,black-and-white-lace-top-2@example.invalid,9082667794659,black-and-white-lace-top,,
リピートです,前に買って良かったのでまた買いました。今回はBrown Quiltedにしました。羽織るだけで決まる。またリピートすると思います。,5,2026-07-22 22:12:12 UTC,カナ,hepburn-style-quilted-wi-1@example.invalid,9082667598051,hepburn-style-quilted-winter-coat,,
好き,羽織るだけで決まる、めっちゃ気に入ってる。☺️,5,2026-06-08 22:28:59 UTC,M.K,hepburn-style-quilted-wi-2@example.invalid,9082667598051,hepburn-style-quilted-winter-coat,,
,肌ざわりがいい。ニットが柔らかい。買ってよかったです。,5,2026-04-19 20:39:09 UTC,なな,american-knit-polo-sweat-1@example.invalid,9082667565283,american-knit-polo-sweater,,
色違い購入,色違いでリピしました。今回はアプリコットにしました。肌ざわりがいい。ニットが柔らかい。やっぱり間違いないです。👗,5,2026-05-27 20:22:47 UTC,エマ,american-knit-polo-sweat-2@example.invalid,9082667565283,american-knit-polo-sweater,,
好き,編み地がしっかりしてる、また買います。☺️😍,5,2026-03-04 07:56:55 UTC,リオ,whispers-knit-sweater-se-1@example.invalid,9082648363235,whispers-knit-sweater-set-up,,
イメージどおり,画面で見るより落ち着いた色味でした。編み地がしっかりしてる。肌ざわりがいい。インナー足して重ね着も。おすすめです。,5,2026-03-19 22:24:56 UTC,ソラ,whispers-knit-sweater-se-2@example.invalid,9082648363235,whispers-knit-sweater-set-up,,
詳しめに書きます,広がりすぎない。160cmでMを着用しています。スニーカーでラフに。買ってよかった。,5,2026-05-10 04:09:36 UTC,チヒロ,black-autumn-a-line-shor-1@example.invalid,9082644955363,black-autumn-a-line-shorts,,
参考までに,152cm、普段Sサイズです。Sでちょうどよかったです。迷ったら表記どおりで大丈夫だと思います。,5,2026-04-24 07:45:23 UTC,マナ,black-autumn-a-line-shor-2@example.invalid,9082644955363,black-autumn-a-line-shorts,,
可愛い,羽織るだけで決まる、大満足。🎀,5,2026-07-11 11:25:48 UTC,リオ,wool-padded-winter-coat-1@example.invalid,9082639319267,wool-padded-winter-coat,,
,色違いでリピしました。羽織るだけで決まる。何回買っても満足してます。,5,2026-07-03 02:14:29 UTC,りん,wool-padded-winter-coat-2@example.invalid,9082639319267,wool-padded-winter-coat,,
コスパ良し,編み地がしっかりしてる。手に取った質感が値段以上でした。コスパは良いと思います。,5,2026-07-12 03:11:56 UTC,ユイ,heart-pony-knit-sweater-1@example.invalid,9082636304611,heart-pony-knit-sweater,,
詳しめに書きます,編み地がしっかりしてる。163cmでLを着用しています。インナー足して重ね着も。リピ確定。,5,2026-07-04 01:52:50 UTC,Aoi,heart-pony-knit-sweater-2@example.invalid,9082636304611,heart-pony-knit-sweater,,
お気に入り,柄の出方がきれい。156cmでSを着用しています。スニーカーでも綺麗めでもいける。お気に入りになりました。,5,2026-07-02 04:26:57 UTC,リコ,patchwork-plaid-long-ski-1@example.invalid,9082634240227,patchwork-plaid-long-skirt,,
可愛い,柄の出方がきれい！！💗☺️,5,2026-07-15 18:06:38 UTC,ノア,patchwork-plaid-long-ski-2@example.invalid,9082634240227,patchwork-plaid-long-skirt,,
参考までに,162cm、普段Lサイズです。この商品もLで、着丈56cm・胸囲88cmはほぼ表記どおりでした。迷ったら表記どおりで大丈夫だと思います。インナー足して重ね着も。,5,2026-06-19 14:38:33 UTC,もも,lapel-tie-waist-cinching-1@example.invalid,9082633847011,lapel-tie-waist-cinching-knit-sweater,,
,インナー足して重ね着も。チクチクしない。長い期間着られそう。出番が多くなりそうです。👍,5,2026-04-12 15:46:56 UTC,ミク,lapel-tie-waist-cinching-2@example.invalid,9082633847011,lapel-tie-waist-cinching-knit-sweater,,
可愛い,レトロな雰囲気が好み、買ってよかった。😍🌸🫶,5,2026-05-13 20:10:43 UTC,はるか,plaid-corduroy-collar-ja-1@example.invalid,9082633552099,plaid-corduroy-collar-jacket,,
使いやすいです,丈短めのトップスと相性いい。柄の出方がきれい。羽織るだけで決まる。グレーを選びましたが手持ちと合わせやすいです。着回しが効くので買ってよかったです。,5,2026-04-10 13:10:05 UTC,ナギサ🫶,plaid-corduroy-collar-ja-2@example.invalid,9082633552099,plaid-corduroy-collar-jacket,,
生地がいい,チクチクしない。手に取った質感が値段以上でした。この値段でこの質感なら十分満足です。,5,2026-05-25 22:20:11 UTC,エマ,grumpy-maid-hooded-sweat-1@example.invalid,9082633421027,grumpy-maid-hooded-sweater,,
,レビューが少なくて少し迷ったのですが、思いきって注文しました。実物を手に取ってみると、チクチクしない。151cmでSを着用していて、着丈62cm・袖丈60cmは表記とほぼ同じでした。インナー足して重ね着も。期待どおりでした。,5,2026-05-19 23:11:26 UTC,ちひろ,grumpy-maid-hooded-sweat-2@example.invalid,9082633421027,grumpy-maid-hooded-sweater,,
,丈短めのトップスと相性いい。チェックが派手じゃない。軽くて着やすい。レッドを選びましたが手持ちと合わせやすいです。一枚あると便利だと思います。,5,2026-05-09 23:33:33 UTC,Aoi,plaid-red-knit-cardigan-1@example.invalid,9082633257187,plaid-red-knit-cardigan,,
,前に買って良かったのでまた買いました。今回はレッドにしました。軽くて着やすい。ニットが柔らかい。何回買っても満足してます。,5,2026-07-25 02:38:32 UTC,アオイ,plaid-red-knit-cardigan-2@example.invalid,9082633257187,plaid-red-knit-cardigan,,
長くなりましたが,同系統のものを持っていないので、試しに買ってみました。届いて袋から出してまず思ったのが、リボンの位置が絶妙 ということ。172cmでLを着用していて、肩幅53cmは表記とほぼ同じでした。中がシンプルでも決まる。洗濯は念のためネットに入れています。おすすめです。,5,2026-04-09 00:40:02 UTC,カナ,winter-bow-cargo-jacket-1@example.invalid,9082633126115,winter-bow-cargo-jacket,,
良い点と気になる点,"◎ 軽くて着やすい
◎ リボンの位置が絶妙",5,2026-06-15 23:07:22 UTC,マリン,winter-bow-cargo-jacket-2@example.invalid,9082633126115,winter-bow-cargo-jacket,,
ひと目惚れ,写真どおりで感動、チクチクしない、買ってよかった！💕🫶,5,2026-03-01 17:11:11 UTC,まな,desire-lace-halterneck-k-1@example.invalid,9082552221923,desire-lace-halterneck-knitted-top,,
色違い購入,ここで買うの三回目です。今回はダークブルーにしました。長い期間着られそう。チクチクしない。何回買っても満足してます。👍,5,2026-07-12 13:07:22 UTC,ユイ😍,desire-lace-halterneck-k-2@example.invalid,9082552221923,desire-lace-halterneck-knitted-top,,
サイズ感の参考に,165cm、普段Mサイズです。この商品もMで、胸囲114cm・肩幅48cmはほぼ表記どおりでした。サイズ表どおりで選んで問題ないと思います。スカートと合わせると女っぽくなる。,5,2026-05-24 06:22:53 UTC,カレン,design-sense-collar-belt-1@example.invalid,9082550419683,design-sense-collar-belt-shirt,,
参考になれば,163cmでLを着用しています。デニムに合わせてます。色違いも欲しい。,5,2026-05-25 15:28:48 UTC,マリン,design-sense-collar-belt-2@example.invalid,9082550419683,design-sense-collar-belt-shirt,,
神,動きやすい！✨,5,2026-03-22 11:43:42 UTC,ゆい,elegant-wide-leg-pants-1@example.invalid,9082549666019,elegant-wide-leg-pants,,
,旅行用に買いました。動きやすい。ヒールで綺麗めに。満足しています。,5,2026-03-12 17:12:20 UTC,ナナ,elegant-wide-leg-pants-2@example.invalid,9082549666019,elegant-wide-leg-pants,,
買ってよかった,柄の出方がきれい、色違いも欲しい！！🩷🎀💗,5,2026-08-09 14:35:28 UTC,チヒロ,blue-white-plaid-pocket--1@example.invalid,9082549469411,blue-white-plaid-pocket-shirt,,
コスパ良し,柄の出方がきれい。手に取った質感が値段以上でした。この値段でこの質感なら十分満足です。,5,2026-07-07 14:05:57 UTC,アカリ,blue-white-plaid-pocket--2@example.invalid,9082549469411,blue-white-plaid-pocket-shirt,,
良い点と気になる点,"◎ 着回しが効く
◎ 体のラインがきれいに見える",5,2026-03-09 06:15:29 UTC,はるか,design-sense-slim-top-1@example.invalid,9082549272803,design-sense-slim-top,,
買ってよかった,夏フェスで着ました。合わせやすい。スカートと合わせると女っぽくなる。,5,2026-05-05 21:20:51 UTC,サキ,design-sense-slim-top-2@example.invalid,9082549272803,design-sense-slim-top,,
出番多そう,友達の結婚式の二次会に。長い期間着られそう。レースが安っぽくない。インナー足して重ね着も。おすすめです。,5,2026-06-27 12:09:54 UTC,アヤ,twill-stitch-lace-knit-t-1@example.invalid,9082549043427,twill-stitch-lace-knit-top,,
色違い購入,色違いでリピしました。今回はグレーにしました。長い期間着られそう。編み地がしっかりしてる。またリピートすると思います。👗,5,2026-04-04 07:40:47 UTC,ノア,twill-stitch-lace-knit-t-2@example.invalid,9082549043427,twill-stitch-lace-knit-top,,
最高でした,届いた瞬間テンション上がりました、リピ確定！💗✨😍,5,2026-07-19 04:17:29 UTC,ハルカ,autumn-winter-dark-blue--1@example.invalid,9082548846819,autumn-winter-dark-blue-jacket,,
コスパ良し,生地がしっかりしていて安っぽくないです。コスパは良いと思います。,5,2026-03-14 20:08:39 UTC,アカリ,autumn-winter-dark-blue--2@example.invalid,9082548846819,autumn-winter-dark-blue-jacket,,
詳しめに書きます,151cmでSを着用しています。すっきり見える。色が落ち着いてて合わせやすい。色違いも欲しい。,5,2026-06-29 01:54:27 UTC,Karen,slim-fit-sports-style-ja-1@example.invalid,9082548584675,slim-fit-sports-style-jacket,,
,"◎ すっきり見える
◎ 羽織るだけで決まる",5,2026-07-13 10:50:44 UTC,non,slim-fit-sports-style-ja-2@example.invalid,9082548584675,slim-fit-sports-style-jacket,,
出番多そう,旅行用に買いました。丈感がちょうどいい。ハイウエストで脚長効果すごい。タイツで秋冬も。満足しています。,5,2026-07-06 17:17:29 UTC,Nana,elegant-high-waist-skirt-1@example.invalid,9082548519139,elegant-high-waist-skirt,,
,シルエットがきれい。ハイウエストで脚長効果すごい。満足しています。,5,2026-05-02 08:54:21 UTC,N.H,elegant-high-waist-skirt-2@example.invalid,9082548519139,elegant-high-waist-skirt,,
,写真で見るより上品でした。顔まわりが明るく見える。羽織りとも相性いい。また利用します。,5,2026-04-11 11:03:54 UTC,りん,elegant-oversize-shirt-1@example.invalid,9082548289763,elegant-oversize-shirt,,
サイズ迷ってる方へ,149cm、普段Sサイズです。この商品もSで、肩幅49cmはほぼ表記どおりでした。ちょうどいい抜け感。普段のサイズで問題なかったです。デニムに合わせてます。,5,2026-03-18 17:11:40 UTC,もも,elegant-oversize-shirt-2@example.invalid,9082548289763,elegant-oversize-shirt,,
ひと目惚れ,ひと目惚れして買いました、くすみ加減が好き、大満足！😍🥺💕,5,2026-03-17 20:49:22 UTC,ここ,vintage-pink-knitted-v-n-1@example.invalid,9082290340067,vintage-pink-knitted-v-neck-sweater-vest,,
参考になれば,古着っぽさがいい。149cmでSを着用しています。パンツでもスカートでも。リピ確定。,5,2026-07-06 11:44:44 UTC,ゆきの,vintage-pink-knitted-v-n-2@example.invalid,9082290340067,vintage-pink-knitted-v-neck-sweater-vest,,
サイズ感の参考に,153cm、普段Sサイズです。Sでちょうどよかったです。サイズ表どおりで選んで問題ないと思います。パンツでもスカートでも。,5,2026-03-02 06:43:31 UTC,アカリ,gentle-vintage-stripe-sw-1@example.invalid,9082290700515,gentle-vintage-stripe-sweater,,
コーデしやすい,パンツでもスカートでも。ストライプの幅がちょうどいい。肌ざわりがいい。ブルーを選びましたが手持ちと合わせやすいです。着回しが効くので買ってよかったです。,5,2026-03-12 11:23:49 UTC,ナギサ,gentle-vintage-stripe-sw-2@example.invalid,9082290700515,gentle-vintage-stripe-sweater,,
,肌ざわりがいい。古着っぽさがいい。ゆるっと着られる。また利用します。,5,2026-04-16 11:06:51 UTC,ホノカ,lazy-retro-polo-neck-swe-1@example.invalid,9082290438371,lazy-retro-polo-neck-sweater,,
良い点と気になる点,"◎ 古着っぽさがいい
◎ ゆるっと着られる
◎ 一枚で様になる
△ 色は画面より少し落ち着いてる",5,2026-04-10 11:50:49 UTC,ひなの,lazy-retro-polo-neck-swe-2@example.invalid,9082290438371,lazy-retro-polo-neck-sweater,,
,リボンが取り外せたらもっと良かったけど可愛い。154cmでSを着用しています。デニムに合わせてます。お気に入りになりました。,5,2026-06-25 06:30:08 UTC,ナナ,autumn-bow-halterneck-sl-1@example.invalid,9082290110691,autumn-bow-halterneck-slimming-top,,
写真より良い,届いてみたら可愛かったです。リボンが取り外せたらもっと良かったけど可愛い。着回しが効く。また利用します。,5,2026-06-11 10:59:01 UTC,Y.S,autumn-bow-halterneck-sl-2@example.invalid,9082290110691,autumn-bow-halterneck-slimming-top,,
好き,ドット柄が可愛い。🥺🌸✨,5,2026-06-28 15:22:01 UTC,ナナ,retro-polka-dot-high-nec-1@example.invalid,9082290045155,retro-polka-dot-high-neck-long-sleeve-t-shirt,,
写真より良い,思っていたより上品でした。ドット柄が可愛い。一枚で決まる。デニムに合わせてます。期待どおりでした。,5,2026-07-19 07:14:32 UTC,みな,retro-polka-dot-high-nec-2@example.invalid,9082290045155,retro-polka-dot-high-neck-long-sleeve-t-shirt,,
期待以上でした,画面で見るより可愛かったです。レースの透け感が絶妙。顔まわりが明るく見える。羽織りとも相性いい。長く着られそうです。,5,2026-06-21 12:45:32 UTC,ひなの,autumn-lace-doll-collar--1@example.invalid,9082289881315,autumn-lace-doll-collar-shirt,,
,"レースの透け感が絶妙。手に取った質感が値段以上でした。12,800円とは思えないです。",5,2026-05-08 07:51:55 UTC,ゆきの,autumn-lace-doll-collar--2@example.invalid,9082289881315,autumn-lace-doll-collar-shirt,,
サイズ迷ってる方へ,166cm、普段Lサイズです。この商品もLで、肩幅53cmはほぼ表記どおりでした。サイズ表どおりで選んで問題ないと思います。,5,2026-04-09 17:04:45 UTC,セナ,winter-retro-green-plaid-1@example.invalid,9082289553635,winter-retro-green-plaid-jacket,,
お気に入り,チェックの色合いが落ち着いてる。169cmでLを着用しています。色が落ち着いてて合わせやすい。買ってよかった。,5,2026-07-31 20:08:29 UTC,すみれ,winter-retro-green-plaid-2@example.invalid,9082289553635,winter-retro-green-plaid-jacket,,
リピートです,前に買って良かったのでまた買いました。今回はカーキにしました。シルエットがきれい。ハイウエストで脚長効果すごい。やっぱり間違いないです。,5,2026-07-13 17:11:51 UTC,まな,autumn-high-waisted-wool-1@example.invalid,9082289291491,autumn-high-waisted-woolen-a-line-skirt,,
,旅行用に買いました。シルエットがきれい。ハイウエストで脚長効果すごい。シンプルなトップスで十分。満足しています。✨,5,2026-04-12 18:20:58 UTC,ゆきの,autumn-high-waisted-wool-2@example.invalid,9082289291491,autumn-high-waisted-woolen-a-line-skirt,,
買ってよかった,海行くとき用。カジュアルすぎず履ける。チェックの色合いが落ち着いてる。ヒールで綺麗めに。長く着られそうです。,5,2026-05-04 06:25:01 UTC,アカリ,american-pink-plaid-wide-1@example.invalid,9082286473443,american-pink-plaid-wide-leg-slacks,,
,チェックの色合いが落ち着いてる。縫製も雑なところがなかったです。コスパは良いと思います。,5,2026-06-30 01:10:36 UTC,ちひろ,american-pink-plaid-wide-2@example.invalid,9082286473443,american-pink-plaid-wide-leg-slacks,,
長くなりましたが,同系統のものを持っていないので、試しに買ってみました。写真では分かりませんでしたが、チェックの色合いが落ち着いてる。150cmでSを着用していて、肩幅49cmは表記とほぼ同じでした。デニムに合わせてます。おすすめです。,5,2026-03-29 10:16:54 UTC,Yui,retro-plaid-long-sleeved-1@example.invalid,9082285097187,retro-plaid-long-sleeved-shirt,,
写真より良い,写真で見るより落ち着いた色味でした。レトロな雰囲気が好み。着回しが効く。また利用します。,5,2026-04-17 18:19:21 UTC,マナ,retro-plaid-long-sleeved-2@example.invalid,9082285097187,retro-plaid-long-sleeved-shirt,,
サイズ迷ってる方へ,164cm、普段Mサイズです。この商品もMで、胸囲114cmはほぼ表記どおりでした。迷ったら表記どおりで大丈夫だと思います。色が落ち着いてて合わせやすい。,5,2026-06-13 19:04:15 UTC,ちー,american-retro-bow-gray--1@example.invalid,9082220576995,american-retro-bow-gray-sports-jacket,,
期待以上でした,届いてみたらしっかりしてました。古着っぽさがいい。中に着込める。色が落ち着いてて合わせやすい。買ってよかったです。,5,2026-06-12 18:46:03 UTC,ルナ,american-retro-bow-gray--2@example.invalid,9082220576995,american-retro-bow-gray-sports-jacket,,
,丈感がちょうどいい。デニムの色落ちがいい感じ。買ってよかったです。,5,2026-08-08 23:01:58 UTC,コハル,high-waisted-irregular-d-1@example.invalid,9082220839139,high-waisted-irregular-denim-skirt,,
最高,デニムの色落ちがいい感じ、大満足。🫶💕,5,2026-05-22 18:06:24 UTC,エマ,high-waisted-irregular-d-2@example.invalid,9082220839139,high-waisted-irregular-denim-skirt,,
イメージどおり,画面で見るより上品でした。古着っぽさがいい。腰まわりが楽。コンパクトなトップスと相性◎。また利用します。,5,2026-06-21 05:55:11 UTC,ちー,retro-bow-design-high-wa-1@example.invalid,9082220675299,retro-bow-design-high-waisted-denim-pants,,
サイズ表どおりでした,156cm、普段Sサイズです。この商品もSで、ウエスト66cmはほぼ表記どおりでした。普段のサイズで問題なかったです。ヒールで綺麗めに。,5,2026-06-27 13:21:24 UTC,ルナ✨,retro-bow-design-high-wa-2@example.invalid,9082220675299,retro-bow-design-high-waisted-denim-pants,,
期待以上でした,画面で見るより上品でした。腰位置が高く見える。一枚で雰囲気が出る。シンプルなトップスで十分。おすすめです。,5,2026-05-23 02:15:52 UTC,ヒナ,autumn-design-high-waist-1@example.invalid,9082219593955,autumn-design-high-waist-skirt,,
詳しめに書きます,腰位置が高く見える。158cmでMを着用しています。スニーカーでも綺麗めでもいける。買ってよかった。,5,2026-07-17 10:06:51 UTC,さき,autumn-design-high-waist-2@example.invalid,9082219593955,autumn-design-high-waist-skirt,,
まとめると,"◎ 腰位置が高く見える
◎ 動きやすい
◎ 締めつけ感ゼロ
△ 丈は短めなので好みが分かれそう",5,2026-03-10 02:21:39 UTC,セナ,high-waisted-wide-leg-sp-1@example.invalid,9082218479843,high-waisted-wide-leg-sports-sweatpants,,
使いやすいです,ヒールで綺麗めに。腰位置が高く見える。動きやすい。ブラックを選びましたが手持ちと合わせやすいです。着回しが効くので買ってよかったです。,5,2026-03-12 04:01:52 UTC,S.Y,high-waisted-wide-leg-sp-2@example.invalid,9082218479843,high-waisted-wide-leg-sports-sweatpants,,
サイズ感の参考に,156cm、普段Sサイズです。この商品もSで、肩幅29cmはほぼ表記どおりでした。普段のサイズで問題なかったです。,5,2026-04-04 12:01:07 UTC,ソラ,retro-design-bow-top-lon-1@example.invalid,9082217201891,retro-design-bow-top-long-sleeve-t-shirt,,
使いやすいです,羽織りとも相性いい。リボンが取り外せたらもっと良かったけど可愛い。一枚で決まる。ブルーを選びましたが手持ちと合わせやすいです。一枚あると便利だと思います。,5,2026-06-29 18:18:45 UTC,ヒナ,retro-design-bow-top-lon-2@example.invalid,9082217201891,retro-design-bow-top-long-sleeve-t-shirt,,
,着回しが効く。長く着られそうです。,5,2026-07-19 03:35:55 UTC,non,polo-collar-long-sleeve--1@example.invalid,9082217005283,polo-collar-long-sleeve-t-shirt,,
,"縫製も雑なところがなかったです。11,180円とは思えないです。",5,2026-04-04 04:09:54 UTC,すみれ,polo-collar-long-sleeve--2@example.invalid,9082217005283,polo-collar-long-sleeve-t-shirt,,
買ってよかった,写真撮るとき用に。中に着込める。レトロな雰囲気が好み。中がシンプルでも決まる。買ってよかったです。,5,2026-04-16 11:33:15 UTC,コハル,high-end-retro-blue-plai-1@example.invalid,9082216972515,high-end-retro-blue-plaid-jacket,,
最高,レトロな雰囲気が好み。🎀😍🥺,5,2026-04-11 12:26:46 UTC,ひなの,high-end-retro-blue-plai-2@example.invalid,9082216972515,high-end-retro-blue-plaid-jacket,,
購入を迷っている方へ,同系統のものを持っていないので、試しに買ってみました。写真では分かりませんでしたが、腰位置が高く見える。170cmでLを着用していて、ウエスト78cmは表記とほぼ同じでした。コンパクトなトップスと相性◎。強いて言えば、色は画面で見るより少し落ち着いて見えます。また利用します。,5,2026-07-11 07:13:13 UTC,ナナ,autumn-high-waisted-slim-1@example.invalid,9082216874211,autumn-high-waisted-slimming-brown-trousers,,
最高,腰位置が高く見える、大満足。🥺🫶,5,2026-03-20 08:51:22 UTC,Momo,autumn-high-waisted-slim-2@example.invalid,9082216874211,autumn-high-waisted-slimming-brown-trousers,,
生地がいい,縫製も雑なところがなかったです。コスパは良いと思います。,5,2026-06-16 15:57:55 UTC,Y.S,autumn-star-flared-long--1@example.invalid,9082216743139,autumn-star-flared-long-sleeve-t-shirt,,
,"◎ 一枚で決まる
△ 丈は短めなので好みが分かれそう",5,2026-03-17 00:09:28 UTC,Karen,autumn-star-flared-long--2@example.invalid,9082216743139,autumn-star-flared-long-sleeve-t-shirt,,
思ったよりしっかりしてる,チクチクしない。手に取った質感が値段以上でした。この値段でこの質感なら十分満足です。,5,2026-04-18 10:08:19 UTC,チヒロ,patchwork-halterneck-kni-1@example.invalid,9082049659107,patchwork-halterneck-knitted-top,,
,色違いでリピしました。今回はグリーンにしました。一枚で様になる。チクチクしない。またリピートすると思います。,5,2026-03-07 22:01:35 UTC,りん,patchwork-halterneck-kni-2@example.invalid,9082049659107,patchwork-halterneck-knitted-top,,
神,デニムが硬すぎない、お気に入りになりました。🥺🫶🎀,5,2026-04-05 21:02:10 UTC,Nana,denim-asymmetry-fit-pant-1@example.invalid,9082049429731,denim-asymmetry-fit-pants,,
ひと目惚れ,写真どおりで感動、デニムが硬すぎない、また買います！🌸🥺✨,5,2026-07-29 17:47:07 UTC,リコ,denim-asymmetry-fit-pant-2@example.invalid,9082049429731,denim-asymmetry-fit-pants,,
旅行に持っていきました,ライブ用に買いました。顔まわりが明るく見える。羽織りとも相性いい。満足しています。,5,2026-05-08 17:40:31 UTC,まな,american-slim-high-neck--1@example.invalid,9082048741603,american-slim-high-neck-top,,
購入を迷っている方へ,レビューが少なくて少し迷ったのですが、思いきって注文しました。届いて袋から出してまず思ったのが、作りが丁寧 ということ。171cmでLを着用していて、胸囲80cm・肩幅35cmは表記とほぼ同じでした。すっきり見える。長時間着ていても疲れませんでした。スカートと合わせると女っぽくなる。おすすめです。,5,2026-06-11 14:01:37 UTC,ひなの,american-slim-high-neck--2@example.invalid,9082048741603,american-slim-high-neck-top,,
最高でした,ひと目惚れして買いました、お気に入りになりました！💗🥺,5,2026-06-18 22:16:38 UTC,マリン,autumn-american-strap-to-1@example.invalid,9082048577763,autumn-american-strap-top,,
リピートです,色違いでリピしました。今回はライトグレーにしました。合わせやすい。やっぱり間違いないです。,5,2026-05-05 21:59:15 UTC,Mina,autumn-american-strap-to-2@example.invalid,9082048577763,autumn-american-strap-top,,
コーデしやすい,羽織りとも相性いい。顔まわりが明るく見える。一枚あると便利だと思います。,5,2026-05-21 05:32:57 UTC,すみれ,swing-collar-fake-two-pi-1@example.invalid,9082048446691,swing-collar-fake-two-pieces-slim-top,,
色違い購入,二着目です。今回はグリーンにしました。一枚で決まる。またリピートすると思います。,5,2026-07-29 12:05:47 UTC,M.K,swing-collar-fake-two-pi-2@example.invalid,9082048446691,swing-collar-fake-two-pieces-slim-top,,
,リボンが主役。161cmでMを着用しています。羽織りとも相性いい。めっちゃ気に入ってる。,5,2026-03-27 21:33:23 UTC,みお,fake-two-bow-long-sleeve-1@example.invalid,9082048217315,fake-two-bow-long-sleeve-t-shirt,,
最高,リボンが主役、めっちゃ気に入ってる！🩷😍,5,2026-07-24 17:36:53 UTC,ユナ,fake-two-bow-long-sleeve-2@example.invalid,9082048217315,fake-two-bow-long-sleeve-t-shirt,,
着回しやすい,デニムに合わせてます。レトロな雰囲気が好み。一枚で決まる。ホワイトを選びましたが手持ちと合わせやすいです。着回しが効くので買ってよかったです。,5,2026-03-25 00:32:16 UTC,アヤ,retro-design-tie-print-s-1@example.invalid,9082047889635,retro-design-tie-print-shirt,,
,"◎ 顔まわりが明るく見える
◎ レトロな雰囲気が好み",5,2026-03-18 21:03:28 UTC,ゆい,retro-design-tie-print-s-2@example.invalid,9082047889635,retro-design-tie-print-shirt,,
イメージどおり,写真で見るより可愛かったです。秋冬っぽさが出る。軽くて着やすい。おすすめです。,5,2026-03-15 22:47:06 UTC,Aoi,bow-corduroy-collar-retr-1@example.invalid,9082047135971,bow-corduroy-collar-retro-denim-jacket,,
出番多そう,ライブ用に買いました。軽くて着やすい。古着っぽさがいい。中がシンプルでも決まる。,5,2026-05-08 17:07:00 UTC,ナギサ,bow-corduroy-collar-retr-2@example.invalid,9082047135971,bow-corduroy-collar-retro-denim-jacket,,
買ってよかった,リボンが主役。☺️😍,5,2026-03-31 00:26:11 UTC,みな,fake-two-bow-halterneck--1@example.invalid,9082046873827,fake-two-bow-halterneck-top,,
着回しやすい,スカートと合わせると女っぽくなる。肩が出るぶん華奢に見える。着回しが効く。ピンクを選びましたが手持ちと合わせやすいです。出番が多くなりそうです。🙆‍♀️,5,2026-03-05 05:04:23 UTC,もも,fake-two-bow-halterneck--2@example.invalid,9082046873827,fake-two-bow-halterneck-top,,
コスパ良し,ストライプの幅がちょうどいい。縫製も雑なところがなかったです。コスパは良いと思います。,5,2026-04-10 19:48:50 UTC,ゆい,autumn-winter-color-bloc-1@example.invalid,9081347244259,autumn-winter-color-blocking-striped-v-neck-sweater,,
神,編み地がしっかりしてる、リピ確定。☺️😍,5,2026-07-02 20:16:46 UTC,ナギサ,autumn-winter-color-bloc-2@example.invalid,9081347244259,autumn-winter-color-blocking-striped-v-neck-sweater,,
購入を迷っている方へ,セールになっていたので思いきって買ってみました。実物を手に取ってみると、リボンの位置が絶妙。164cmでLを着用していて、胸囲86cm・肩幅37cmは表記とほぼ同じでした。合わせるものを選ばない。買ってよかったです。,5,2026-06-12 22:56:16 UTC,あかり,autumn-bow-turtleneck-kn-1@example.invalid,9081345900771,autumn-bow-turtleneck-knitted-sweater,,
,デート用に。作りが丁寧。チクチクしない。手持ちとすぐ合わせられた。🩷,5,2026-08-03 21:32:47 UTC,リコ,autumn-bow-turtleneck-kn-2@example.invalid,9081345900771,autumn-bow-turtleneck-knitted-sweater,,
コスパ良し,"チェックの色合いが落ち着いてる。薄すぎず、ちゃんとした作りでした。10,300円とは思えないです。",5,2026-04-10 12:46:57 UTC,ソラ,green-plaid-woolen-skirt-1@example.invalid,9081344655587,green-plaid-woolen-skirt,,
サイズ表どおりでした,157cm、普段Mサイズです。この商品もMで、ウエスト72cm・総丈39cmはほぼ表記どおりでした。サイズ表どおりで選んで問題ないと思います。,5,2026-07-10 18:26:19 UTC,R.N,green-plaid-woolen-skirt-2@example.invalid,9081344655587,green-plaid-woolen-skirt,,
,柄の出方がきれい！！💗✨,5,2026-04-17 01:03:36 UTC,ソラ,autumn-retro-lace-plaid--1@example.invalid,9081342689507,autumn-retro-lace-plaid-dress,,
,作りが丁寧。レースの透け感が絶妙。また利用します。,5,2026-06-03 21:37:16 UTC,リコ,autumn-retro-lace-plaid--2@example.invalid,9081342689507,autumn-retro-lace-plaid-dress,,
サイズ表どおりでした,165cm、普段Mサイズです。この商品もMで、胸囲82cm・肩幅34cmはほぼ表記どおりでした。すっきり見える。サイズ表どおりで選んで問題ないと思います。合わせるものを選ばない。,5,2026-06-09 09:19:16 UTC,マリン,autumn-slim-halterneck-k-1@example.invalid,9081341149411,autumn-slim-halterneck-knit-top,,
,肩が出るぶん華奢に見える。166cmでLを着用しています。すっきり見える。小物で印象が変わる。リピ確定。,5,2026-07-30 20:28:23 UTC,Rio,autumn-slim-halterneck-k-2@example.invalid,9081341149411,autumn-slim-halterneck-knit-top,,
詳しく書きます,同系統のものを持っていないので、試しに買ってみました。届いて袋から出してまず思ったのが、ニットが柔らかい ということ。158cmでMを着用していて、胸囲78cm・肩幅36cmは表記とほぼ同じでした。すっきり見える。長時間着ていても疲れませんでした。小物で印象が変わる。洗濯は念のためネットに入れています。また利用します。,5,2026-05-20 09:11:12 UTC,ソラ,slim-rabbit-print-knitte-1@example.invalid,9081335808227,slim-rabbit-print-knitted-base-shirt,,
良い点と気になる点,"◎ すっきり見える
◎ 雰囲気が出る
◎ ニットが柔らかい",5,2026-04-07 02:08:58 UTC,モモ,slim-rabbit-print-knitte-2@example.invalid,9081335808227,slim-rabbit-print-knitted-base-shirt,,
,写真で見るよりしっかりしてました。リボンが取り外せたらもっと良かったけど可愛い。雰囲気が出る。小物で印象が変わる。長く着られそうです。,5,2026-05-22 02:37:14 UTC,リオ,gray-bow-wide-leg-sweatp-1@example.invalid,9081334104291,gray-bow-wide-leg-sweatpants,,
思ったよりしっかりしてる,リボンが取り外せたらもっと良かったけど可愛い。縫製も雑なところがなかったです。コスパは良いと思います。,5,2026-05-25 15:11:14 UTC,Y.S,gray-bow-wide-leg-sweatp-2@example.invalid,9081334104291,gray-bow-wide-leg-sweatpants,,
使いやすいです,合わせるものを選ばない。リボンが取り外せたらもっと良かったけど可愛い。合わせやすい。ダークブルーを選びましたが手持ちと合わせやすいです。着回しが効くので買ってよかったです。,5,2026-05-17 03:00:40 UTC,Y.S,autumn-silk-bow-cardigan-1@example.invalid,9081332564195,autumn-silk-bow-cardigan,,
イメージどおり,画面で見るより可愛かったです。リボンが取り外せたらもっと良かったけど可愛い。作りが丁寧。手持ちとすぐ合わせられた。期待どおりでした。,5,2026-07-14 17:10:05 UTC,チヒロ,autumn-silk-bow-cardigan-2@example.invalid,9081332564195,autumn-silk-bow-cardigan,,
コーデしやすい,手持ちとすぐ合わせられた。編み地がしっかりしてる。合わせやすい。一枚あると便利だと思います。,5,2026-07-09 12:06:29 UTC,シオリ,american-retro-knitted-s-1@example.invalid,9081330237667,american-retro-knitted-sweater,,
好き,古着っぽさがいい、色違いも欲しい。💗🩷,5,2026-04-08 04:28:29 UTC,ミオ,american-retro-knitted-s-2@example.invalid,9081330237667,american-retro-knitted-sweater,,
,雰囲気が出る。長く着られそうです。,5,2026-06-27 12:38:09 UTC,ナナ,autumn-glutinous-green-l-1@example.invalid,9081328861411,autumn-glutinous-green-leopard-cardigan,,
写真より良い,思っていたよりきれいめに見えました。作りが丁寧。小物で印象が変わる。長く着られそうです。,5,2026-06-20 00:06:11 UTC,スミレ,autumn-glutinous-green-l-2@example.invalid,9081328861411,autumn-glutinous-green-leopard-cardigan,,
,海行くとき用。合わせやすい。柄の出方がきれい。小物で印象が変わる。,5,2026-08-01 17:58:36 UTC,ホノカ,high-waist-irregular-pla-1@example.invalid,9081199788259,high-waist-irregular-plaid-leopard-print-midi-skirt,,
,思っていたより可愛かったです。柄の出方がきれい。合わせやすい。小物で印象が変わる。おすすめです。,5,2026-06-06 02:44:21 UTC,ちー,high-waist-irregular-pla-2@example.invalid,9081199788259,high-waist-irregular-plaid-leopard-print-midi-skirt,,
買ってよかった,編み目がきれい！！💗🎀,5,2026-06-29 20:10:00 UTC,スミレ,autumn-retro-high-neck-k-1@example.invalid,9081199689955,autumn-retro-high-neck-knitted-top,,
お気に入り,編み目がきれい。153cmでSを着用しています。合わせるものを選ばない。また買います。,5,2026-08-03 20:27:32 UTC,ミナ,autumn-retro-high-neck-k-2@example.invalid,9081199689955,autumn-retro-high-neck-knitted-top,,
リピートです,二着目です。今回はブラウンにしました。作りが丁寧。ハイウエストで脚長効果すごい。やっぱり間違いないです。,5,2026-06-23 07:19:26 UTC,ナナ,autumn-winter-high-waist-1@example.invalid,9081199526115,autumn-winter-high-waisted-slimming-skirt,,
,デート用に。作りが丁寧。ハイウエストで脚長効果すごい。小物で印象が変わる。🩷,5,2026-07-21 01:19:11 UTC,non,autumn-winter-high-waist-2@example.invalid,9081199526115,autumn-winter-high-waisted-slimming-skirt,,
コスパ良し,"レトロな雰囲気が好み。縫製も雑なところがなかったです。15,600円とは思えないです。",5,2026-03-21 10:32:24 UTC,ひなの,autumn-retro-bow-high-wa-1@example.invalid,9081199427811,autumn-retro-bow-high-waist-slimming-trousers,,
使いやすいです,手持ちとすぐ合わせられた。レトロな雰囲気が好み。合わせやすい。ブラウンを選びましたが手持ちと合わせやすいです。着回しが効くので買ってよかったです。,5,2026-03-17 04:34:14 UTC,サキ,autumn-retro-bow-high-wa-2@example.invalid,9081199427811,autumn-retro-bow-high-waist-slimming-trousers,,
,小物で印象が変わる。ニットが柔らかい。雰囲気が出る。ピンクを選びましたが手持ちと合わせやすいです。出番が多くなりそうです。🙆‍♀️,5,2026-06-14 10:31:55 UTC,セナ,design-leopard-print-lon-1@example.invalid,9081197723875,design-leopard-print-long-sleeve-knit-shirt,,
まとめると,"◎ ニットが柔らかい
◎ 雰囲気が出る
△ 色は画面より少し落ち着いてる",5,2026-03-24 01:05:26 UTC,サキ🎀,design-leopard-print-lon-2@example.invalid,9081197723875,design-leopard-print-long-sleeve-knit-shirt,,
参考までに,166cm、普段Lサイズです。この商品もLで、胸囲114cm・肩幅40cmはほぼ表記どおりでした。サイズ表どおりで選んで問題ないと思います。手持ちとすぐ合わせられた。,5,2026-04-09 20:51:06 UTC,N.H,autumn-leopard-lace-jack-1@example.invalid,9081193595107,autumn-leopard-lace-jacket,,
,作りが丁寧。レースが上品。長く着られそうです。,5,2026-05-15 19:47:54 UTC,あおい,autumn-leopard-lace-jack-2@example.invalid,9081193595107,autumn-leopard-lace-jacket,,
,合わせやすい。柄の出方がきれい。また利用します。,5,2026-05-08 10:56:34 UTC,シオリ,autumn-reddish-brown-pla-1@example.invalid,9081193267427,autumn-reddish-brown-plaid-rabbit-pocket-vest-dress,,
,"◎ 雰囲気が出る
◎ 柄の出方がきれい",5,2026-05-14 09:15:53 UTC,ハルカ,autumn-reddish-brown-pla-2@example.invalid,9081193267427,autumn-reddish-brown-plaid-rabbit-pocket-vest-dress,,
色違い購入,二着目です。今回はブルーにしました。合わせやすい。古着っぽさがいい。何回買っても満足してます。👍,5,2026-06-12 22:48:25 UTC,ユイ,american-retro-bow-pocke-1@example.invalid,9081193201891,american-retro-bow-pocket-woolen-coat,,
長くなりましたが,同系統のものを持っていないので、試しに買ってみました。写真では分かりませんでしたが、リボンの位置が絶妙。161cmでMを着用していて、肩幅48cmは表記とほぼ同じでした。合わせるものを選ばない。期待どおりでした。,5,2026-06-23 18:15:12 UTC,Momo,american-retro-bow-pocke-2@example.invalid,9081193201891,american-retro-bow-pocket-woolen-coat,,
,合わせるものを選ばない。ヴィンテージ感のある色味。作りが丁寧。着回しが効くので買ってよかったです。,5,2026-07-08 19:52:03 UTC,はるか,autumn-vintage-rabbit-ca-1@example.invalid,9081193038051,autumn-vintage-rabbit-cardigan,,
期待以上でした,写真で見るよりしっかりしてました。ヴィンテージ感のある色味。雰囲気が出る。また利用します。,5,2026-07-27 18:54:14 UTC,Sena,autumn-vintage-rabbit-ca-2@example.invalid,9081193038051,autumn-vintage-rabbit-cardigan,,
長くなりましたが,セールになっていたので思いきって買ってみました。実物を手に取ってみると、リボンの位置が絶妙。162cmでMを着用していて、胸囲98cm・肩幅37cmは表記とほぼ同じでした。手持ちとすぐ合わせられた。洗濯は念のためネットに入れています。また利用します。,5,2026-08-06 22:13:09 UTC,ゆい,american-retro-striped-b-1@example.invalid,9081192972515,american-retro-striped-bow-knitted-vest-dress,,
サイズ感の参考に,151cm、普段Sサイズです。この商品もSで、胸囲94cm・肩幅36cmはほぼ表記どおりでした。迷ったら表記どおりで大丈夫だと思います。,5,2026-05-12 03:46:17 UTC,マリン,american-retro-striped-b-2@example.invalid,9081192972515,american-retro-striped-bow-knitted-vest-dress,,
長くなりましたが,レビューが少なくて少し迷ったのですが、思いきって注文しました。実物を手に取ってみると、作りが丁寧。154cmでSを着用していて、肩幅49cmは表記とほぼ同じでした。手持ちとすぐ合わせられた。洗濯は念のためネットに入れています。買ってよかったです。,5,2026-07-29 19:34:53 UTC,ちー,autumn-doll-brown-woolen-1@example.invalid,9081192874211,autumn-doll-brown-woolen-coat,,
サイズ表どおりでした,164cm、普段Mサイズです。この商品もMで、肩幅50cmはほぼ表記どおりでした。サイズ表どおりで選んで問題ないと思います。小物で印象が変わる。,5,2026-04-13 14:52:18 UTC,Y.S,autumn-doll-brown-woolen-2@example.invalid,9081192874211,autumn-doll-brown-woolen-coat,,
購入を迷っている方へ,同系統のものを持っていないので、試しに買ってみました。写真では分かりませんでしたが、作りが丁寧。159cmでMを着用していて、肩幅52cmは表記とほぼ同じでした。小物で印象が変わる。期待どおりでした。,5,2026-04-28 19:46:09 UTC,セナ,cat-pattern-workwear-sty-1@example.invalid,9081123274979,cat-pattern-workwear-style-slimming-cotton-jacket,,
イメージどおり,思っていたより可愛かったです。雰囲気が出る。小物で印象が変わる。期待どおりでした。,5,2026-03-03 04:07:47 UTC,アヤ,cat-pattern-workwear-sty-2@example.invalid,9081123274979,cat-pattern-workwear-style-slimming-cotton-jacket,,
,合わせやすい。ハイウエストで脚長効果すごい。期待どおりでした。,5,2026-07-02 00:09:09 UTC,ミナ,retro-design-high-waist--1@example.invalid,9081123045603,retro-design-high-waist-a-line-knitted-skirt,,
良い点と気になる点,"◎ ハイウエストで脚長効果すごい
◎ 雰囲気が出る",5,2026-07-12 03:19:41 UTC,なな,retro-design-high-waist--2@example.invalid,9081123045603,retro-design-high-waist-a-line-knitted-skirt,,
参考になれば,リボンが取り外せたらもっと良かったけど可愛い。159cmでMを着用しています。合わせるものを選ばない。めっちゃ気に入ってる。,5,2026-06-16 21:12:37 UTC,みな,bow-knot-knitted-halter--1@example.invalid,9081122619619,bow-knot-knitted-halter-top,,
生地がいい,"ニットが柔らかい。手に取った質感が値段以上でした。8,360円とは思えないです。",5,2026-03-29 18:06:18 UTC,コハル,bow-knot-knitted-halter--2@example.invalid,9081122619619,bow-knot-knitted-halter-top,,
イメージどおり,届いてみたら上品でした。柄の出方がきれい。雰囲気が出る。合わせるものを選ばない。買ってよかったです。,5,2026-04-17 15:16:57 UTC,ナナ,autumn-embroidery-plaid--1@example.invalid,9081122554083,autumn-embroidery-plaid-cotton-jacket,,
リピートです,色違いでリピしました。今回はホワイトにしました。雰囲気が出る。柄の出方がきれい。何回買っても満足してます。,5,2026-06-20 06:52:43 UTC,あかり,autumn-embroidery-plaid--2@example.invalid,9081122554083,autumn-embroidery-plaid-cotton-jacket,,
旅行に持っていきました,海行くとき用。作りが丁寧。合わせるものを選ばない。満足しています。,5,2026-08-03 19:15:11 UTC,リコ,butterfly-cardigan-sweat-1@example.invalid,9081122521315,butterfly-cardigan-sweater-jacket,,
,小物で印象が変わる。合わせやすい。グリーンを選びましたが手持ちと合わせやすいです。出番が多くなりそうです。😊,5,2026-04-06 14:18:38 UTC,エマ,butterfly-cardigan-sweat-2@example.invalid,9081122521315,butterfly-cardigan-sweater-jacket,,
写真より良い,届いてみたら上品でした。作りが丁寧。買ってよかったです。,5,2026-03-01 19:05:28 UTC,エマ,autumn-doll-blue-woolen--1@example.invalid,9080807391459,autumn-doll-blue-woolen-coat,,
,157cmでSを着用しています。合わせるものを選ばない。また買います。,5,2026-06-22 06:58:51 UTC,まな,autumn-doll-blue-woolen--2@example.invalid,9080807391459,autumn-doll-blue-woolen-coat,,
,丈短めのトップスと相性いい。レース部分がとにかく可愛い。軽くて着やすい。出番が多くなりそうです。,5,2026-07-18 22:03:26 UTC,あおい,american-vintage-lace-sp-1@example.invalid,9080807162083,american-vintage-lace-splicing-cotton-jacket,,
長くなりましたが,前から似たようなものを探していて、写真の雰囲気に惹かれて購入しました。届いて袋から出してまず思ったのが、くすみ加減が好き ということ。148cmでSを着用していて、肩幅54cmは表記とほぼ同じでした。丈短めのトップスと相性いい。洗濯は念のためネットに入れています。買ってよかったです。,5,2026-06-17 20:59:00 UTC,ソラ,american-vintage-lace-sp-2@example.invalid,9080807162083,american-vintage-lace-splicing-cotton-jacket,,
サイズ表どおりでした,163cm、普段Lサイズです。この商品もLで、胸囲76cm・肩幅35cmはほぼ表記どおりでした。サイズ表どおりで選んで問題ないと思います。ロングスカートと合わせるのが好き。,5,2026-06-05 15:12:55 UTC,みお,leopard-print-knitted-sw-1@example.invalid,9080807063779,leopard-print-knitted-sweater,,
,ロングスカートと合わせるのが好き。編み地がしっかりしてる。一枚で様になる。ブラックを選びましたが手持ちと合わせやすいです。着回しが効くので買ってよかったです。,5,2026-07-31 19:06:41 UTC,ゆい,leopard-print-knitted-sw-2@example.invalid,9080807063779,leopard-print-knitted-sweater,,
買ってよかった,軽くて着やすい、また買います！！☺️,5,2026-03-06 21:36:02 UTC,みな,star-print-color-blockin-1@example.invalid,9080802574563,star-print-color-blocking-cotton-coat,,
参考になれば,149cmでSを着用しています。色が落ち着いてて合わせやすい。お気に入りになりました。,5,2026-07-21 17:29:54 UTC,カナ,star-print-color-blockin-2@example.invalid,9080802574563,star-print-color-blocking-cotton-coat,,
コーデしやすい,色が落ち着いてて合わせやすい。軽くて着やすい。ブルーを選びましたが手持ちと合わせやすいです。出番が多くなりそうです。😊,5,2026-07-13 11:44:57 UTC,リオ,american-style-warm-cott-1@example.invalid,9080802410723,american-style-warm-cotton-coat,,
詳しめに書きます,155cmでSを着用しています。中がシンプルでも決まる。お気に入りになりました。,5,2026-08-06 09:22:01 UTC,Nana,american-style-warm-cott-2@example.invalid,9080802410723,american-style-warm-cotton-coat,,
サイズ表どおりでした,169cm、普段Lサイズです。この商品もLで、胸囲90cm・肩幅34cmはほぼ表記どおりでした。迷ったら表記どおりで大丈夫だと思います。,5,2026-03-03 15:13:35 UTC,リコ,green-plaid-teddy-vest-d-1@example.invalid,9080621793507,green-plaid-teddy-vest-dress,,
最高,チェックが派手じゃない！！☺️,5,2026-04-17 05:55:45 UTC,ソラ,green-plaid-teddy-vest-d-2@example.invalid,9080621793507,green-plaid-teddy-vest-dress,,
神,リボンの位置が絶妙〜！✨,5,2026-07-10 07:59:53 UTC,サキ,bow-halter-knitted-top-1@example.invalid,9080621727971,bow-halter-knitted-top,,
サイズ感の参考に,169cm、普段Lサイズです。この商品もLで、胸囲84cm・肩幅38cmはほぼ表記どおりでした。普段のサイズで問題なかったです。パンツでもスカートでも。,5,2026-07-18 12:32:16 UTC,ナギサ,bow-halter-knitted-top-2@example.invalid,9080621727971,bow-halter-knitted-top,,
出番多そう,普段使いに。シルエットがきれい。柄の出方がきれい。スニーカーでも綺麗めでもいける。長く着られそうです。,5,2026-04-14 09:26:44 UTC,みお,dark-brown-plaid-skirt-1@example.invalid,9080621662435,dark-brown-plaid-skirt,,
参考になれば,柄の出方がきれい。171cmでLを着用しています。シンプルなトップスで十分。色違いも欲しい。,5,2026-06-22 04:26:54 UTC,ルナ,dark-brown-plaid-skirt-2@example.invalid,9080621662435,dark-brown-plaid-skirt,,
お気に入り,ドット柄が可愛い。157cmでMを着用しています。ロングスカートと合わせるのが好き。リピ確定。,5,2026-07-15 09:48:48 UTC,ソラ,polka-dot-knitted-top-1@example.invalid,9080610717923,polka-dot-knitted-top,,
良い点と気になる点,"◎ 肌ざわりがいい
◎ チクチクしない",5,2026-03-16 20:37:33 UTC,リコ,polka-dot-knitted-top-2@example.invalid,9080610717923,polka-dot-knitted-top,,
,シルエットがきれい。レトロな雰囲気が好み。また利用します。,5,2026-04-24 03:51:44 UTC,Rio,retro-plaid-drawstring-s-1@example.invalid,9080610848995,retro-plaid-drawstring-skirt,,
詳しめに書きます,レトロな雰囲気が好み。155cmでMを着用しています。タイツで秋冬も。リピ確定。,5,2026-07-17 12:14:47 UTC,ユイ,retro-plaid-drawstring-s-2@example.invalid,9080610848995,retro-plaid-drawstring-skirt,,
,一枚で様になる。レトロな雰囲気が好み。おすすめです。,5,2026-07-29 06:06:18 UTC,ゆきの,retro-gradient-v-neck-sw-1@example.invalid,9080610947299,retro-gradient-v-neck-sweater,,
神,編み地がしっかりしてる〜！✨🩷🥺,5,2026-04-28 11:46:03 UTC,Momo,retro-gradient-v-neck-sw-2@example.invalid,9080610947299,retro-gradient-v-neck-sweater,,
参考までに,156cm、普段Sサイズです。この商品もSで、胸囲98cm・肩幅54cmはほぼ表記どおりでした。サイズ表どおりで選んで問題ないと思います。丈短めのトップスと相性いい。,5,2026-06-06 10:43:51 UTC,マリン,american-style-red-cardi-1@example.invalid,9080560124131,american-style-red-cardigan-sweater,,
お気に入り,チクチクしない。151cmでSを着用しています。色が落ち着いてて合わせやすい。お気に入りになりました。,5,2026-06-20 06:52:54 UTC,Yui,american-style-red-cardi-2@example.invalid,9080560124131,american-style-red-cardigan-sweater,,
,丈感がちょうどいい。ドット柄が可愛い。おすすめです。,5,2026-07-19 13:51:32 UTC,ちひろ,retro-polka-dot-skirt-1@example.invalid,9080559304931,retro-polka-dot-skirt,,
好き,古着っぽさがいい。🩷💗☺️,5,2026-07-06 18:56:49 UTC,あかり,retro-polka-dot-skirt-2@example.invalid,9080559304931,retro-polka-dot-skirt,,
好き,フリルの量がちょうどいい。🥺✨,5,2026-03-29 00:08:59 UTC,ユイ,bow-knot-ruffled-knit-to-1@example.invalid,9080558420195,bow-knot-ruffled-knit-top,,
,前に買って良かったのでまた買いました。今回はアプリコットにしました。一枚で様になる。フリルの量がちょうどいい。またリピートすると思います。😊,5,2026-05-16 04:10:37 UTC,ナギサ,bow-knot-ruffled-knit-to-2@example.invalid,9080558420195,bow-knot-ruffled-knit-top,,
購入を迷っている方へ,同系統のものを持っていないので、試しに買ってみました。写真では分かりませんでしたが、チェックの色合いが落ち着いてる。158cmでSを着用していて、肩幅47cmは表記とほぼ同じでした。色が落ち着いてて合わせやすい。強いて言えば、色は画面で見るより少し落ち着いて見えます。長く着られそうです。,5,2026-06-08 20:40:29 UTC,ナギサ,retro-plaid-woolen-coat-1@example.invalid,9080477221091,retro-plaid-woolen-coat,,
サイズ表どおりでした,157cm、普段Sサイズです。この商品もSで、肩幅47cmはほぼ表記どおりでした。迷ったら表記どおりで大丈夫だと思います。中がシンプルでも決まる。,5,2026-05-16 10:05:23 UTC,ノア,retro-plaid-woolen-coat-2@example.invalid,9080477221091,retro-plaid-woolen-coat,,
サイズ表どおりでした,150cm、普段Sサイズです。この商品もSで、肩幅31cmはほぼ表記どおりでした。迷ったら表記どおりで大丈夫だと思います。インナー足して重ね着も。,5,2026-05-18 07:15:27 UTC,ナギサ✨,zizifei-knit-lace-top-1@example.invalid,9080474829027,zizifei-knit-lace-top,,
最高,ニットが柔らかい〜！☺️🎀🩷,5,2026-05-15 19:42:10 UTC,もも,zizifei-knit-lace-top-2@example.invalid,9080474829027,zizifei-knit-lace-top,,
好き,古着っぽさがいい！！✨☺️🥺,5,2026-07-05 23:29:32 UTC,あおい,retro-striped-knitted-sk-1@example.invalid,9080472305891,retro-striped-knitted-skirt,,
着回しやすい,インナー足して重ね着も。ニットが柔らかい。長い期間着られそう。出番が多くなりそうです。👍,5,2026-03-25 14:51:58 UTC,スミレ,retro-striped-knitted-sk-2@example.invalid,9080472305891,retro-striped-knitted-skirt,,
コーデしやすい,ヒールで綺麗めに。カジュアルすぎず履ける。一枚あると便利だと思います。,5,2026-03-07 12:08:44 UTC,Sena,korean-style-wide-pants-1@example.invalid,9051860238563,korean-style-wide-pants,,
可愛い,腰まわりが楽！！🎀💕,5,2026-05-14 22:46:50 UTC,まな,korean-style-wide-pants-2@example.invalid,9051860238563,korean-style-wide-pants,,
,羽織るだけで決まる、お気に入りになりました！💕,5,2026-06-28 19:26:30 UTC,R.N,autumn-two-piece-jacket--1@example.invalid,9051855782115,autumn-two-piece-jacket-skirt-set-up,,
思ったよりしっかりしてる,手に取った質感が値段以上でした。この値段でこの質感なら十分満足です。,5,2026-03-26 04:44:33 UTC,さき,autumn-two-piece-jacket--2@example.invalid,9051855782115,autumn-two-piece-jacket-skirt-set-up,,
,"縦のラインで細く見える。生地がしっかりしていて安っぽくないです。14,110円とは思えないです。",5,2026-06-08 10:10:24 UTC,アヤ,french-lace-stripe-shirt-1@example.invalid,9051850440931,french-lace-stripe-shirt-set-up,,
良い点と気になる点,"◎ 統一感が出る
◎ レース部分がとにかく可愛い
△ シワになりやすいかも",5,2026-04-17 10:16:32 UTC,リオ,french-lace-stripe-shirt-2@example.invalid,9051850440931,french-lace-stripe-shirt-set-up,,
可愛い,顔まわりが明るく見える、また買います。💕😍,5,2026-05-30 15:09:56 UTC,ノア🩷,coffee-shade-long-sleeve-1@example.invalid,9051842805987,coffee-shade-long-sleeve-top,,
,二着目です。今回はアプリコットにしました。着回しが効く。またリピートすると思います。,5,2026-04-28 20:35:58 UTC,マリン,coffee-shade-long-sleeve-2@example.invalid,9051842805987,coffee-shade-long-sleeve-top,,
好き,透け感は控えめ、お気に入りになりました！🎀💗,5,2026-06-20 21:19:21 UTC,Luna,pure-hollow-lace-top-1@example.invalid,9051839267043,pure-hollow-lace-top,,
,レースの透け感が絶妙。158cmでMを着用しています。羽織りとも相性いい。リピ確定。,5,2026-07-03 05:16:43 UTC,ホノカ,pure-hollow-lace-top-2@example.invalid,9051839267043,pure-hollow-lace-top,,
サイズ迷ってる方へ,171cm、普段Lサイズです。Lでちょうどよかったです。サイズ表どおりで選んで問題ないと思います。,5,2026-06-12 15:07:16 UTC,ミク,barbaric-lace-off-the-sh-1@example.invalid,9051836776675,barbaric-lace-off-the-shoulder-top,,
,スカートと合わせると女っぽくなる。レースが上品。合わせやすい。一枚あると便利だと思います。,5,2026-06-20 04:04:08 UTC,チヒロ,barbaric-lace-off-the-sh-2@example.invalid,9051836776675,barbaric-lace-off-the-shoulder-top,,
,"チクチクしない。縫製も雑なところがなかったです。7,890円とは思えないです。",5,2026-06-30 10:41:18 UTC,コハル,lace-pure-desire-sexy-kn-1@example.invalid,9051834581219,lace-pure-desire-sexy-knitted-t-shirt,,
,肌ざわりがいい。レースが安っぽくない。期待どおりでした。,5,2026-07-06 02:37:53 UTC,ミオ,lace-pure-desire-sexy-kn-2@example.invalid,9051834581219,lace-pure-desire-sexy-knitted-t-shirt,,
買ってよかった,着回しが効く、リピ確定！🥺,5,2026-05-07 16:27:39 UTC,R.N,semi-high-neck-long-slee-1@example.invalid,9051832352995,semi-high-neck-long-sleeved-autumn-inner-t-shirt-top,,
イメージどおり,届いてみたらきれいめに見えました。合わせやすい。期待どおりでした。,5,2026-08-02 07:52:29 UTC,セナ,semi-high-neck-long-slee-2@example.invalid,9051832352995,semi-high-neck-long-sleeved-autumn-inner-t-shirt-top,,
コスパ良し,チェックの色合いが落ち着いてる。縫製も雑なところがなかったです。この値段でこの質感なら十分満足です。,5,2026-07-07 04:47:46 UTC,マリン,american-plaid-knitted-t-1@example.invalid,9051825963235,american-plaid-knitted-t-shirt,,
参考になれば,編み地がしっかりしてる。168cmでLを着用しています。ロングスカートと合わせるのが好き。買ってよかった。,5,2026-06-23 20:42:48 UTC,ユイ,american-plaid-knitted-t-2@example.invalid,9051825963235,american-plaid-knitted-t-shirt,,
サイズ迷ってる方へ,150cm、普段Sサイズです。この商品もSで、着丈49cm・胸囲110cmはほぼ表記どおりでした。サイズ表どおりで選んで問題ないと思います。羽織りとも相性いい。,5,2026-06-01 07:47:46 UTC,あかり,shaoya-plaid-shirt-1@example.invalid,9051823177955,shaoya-plaid-shirt,,
ひと目惚れ,写真どおりで感動、チェックの色合いが落ち着いてる、お気に入りになりました！🩷💕,5,2026-03-28 23:50:15 UTC,チヒロ,shaoya-plaid-shirt-2@example.invalid,9051823177955,shaoya-plaid-shirt,,
思ったよりしっかりしてる,ニットが柔らかい。薄すぎず、ちゃんとした作りでした。コスパは良いと思います。,5,2026-04-10 10:35:23 UTC,あおい,knitted-long-sleeved-pla-1@example.invalid,9051536687331,knitted-long-sleeved-plaid-top,,
良い点と気になる点,"◎ 一枚で様になる
◎ ニットが柔らかい
△ 色は画面より少し落ち着いてる",5,2026-06-21 14:40:20 UTC,Mina,knitted-long-sleeved-pla-2@example.invalid,9051536687331,knitted-long-sleeved-plaid-top,,
着回しやすい,色が落ち着いてて合わせやすい。軽くて着やすい。一枚あると便利だと思います。,5,2026-03-28 09:06:25 UTC,Nana,golden-suede-womens-autu-1@example.invalid,9051532296419,golden-suede-womens-autumn-jacket-set-up,,
,軽くて着やすい。買ってよかったです。,5,2026-05-12 12:48:29 UTC,シオリ,golden-suede-womens-autu-2@example.invalid,9051532296419,golden-suede-womens-autumn-jacket-set-up,,
イメージどおり,思っていたよりしっかりしてました。チェックが派手じゃない。中に着込める。色が落ち着いてて合わせやすい。また利用します。,5,2026-06-02 07:21:57 UTC,Yui,vienna-plaid-coat-1@example.invalid,9051529248995,vienna-plaid-coat,,
旅行に持っていきました,夏フェスで着ました。羽織るだけで決まる。チェックが派手じゃない。丈短めのトップスと相性いい。💕,5,2026-06-19 01:37:50 UTC,すみれ,vienna-plaid-coat-2@example.invalid,9051529248995,vienna-plaid-coat,,
イメージどおり,写真で見るよりきれいめに見えました。軽くて着やすい。中がシンプルでも決まる。買ってよかったです。,5,2026-05-12 00:49:59 UTC,ミナ,french-suede-blazer-1@example.invalid,9051526267107,french-suede-blazer,,
思ったよりしっかりしてる,手に取った質感が値段以上でした。この値段でこの質感なら十分満足です。,5,2026-04-16 09:01:21 UTC,すみれ,french-suede-blazer-2@example.invalid,9051526267107,french-suede-blazer,,
神,ニットが柔らかい！！💗🎀,5,2026-07-29 23:51:16 UTC,コハル,winter-knitted-scarf-swe-1@example.invalid,9051524563171,winter-knitted-scarf-sweater-shorts-set-up,,
サイズ表どおりでした,158cm、普段Mサイズです。Mでちょうどよかったです。普段のサイズで問題なかったです。パンツでもスカートでも。,5,2026-04-06 22:46:01 UTC,mii,winter-knitted-scarf-swe-2@example.invalid,9051524563171,winter-knitted-scarf-sweater-shorts-set-up,,
ひと目惚れ,届いた瞬間テンション上がりました、色違いも欲しい！😍✨☺️,5,2026-03-28 11:35:59 UTC,ソラ🩷,autumn-hooded-three-piec-1@example.invalid,9051518304483,autumn-hooded-three-piece-set-up,,
,単品でも使える！🩷🎀,5,2026-03-16 04:10:47 UTC,ちひろ,autumn-hooded-three-piec-2@example.invalid,9051518304483,autumn-hooded-three-piece-set-up,,
,二着目です。今回はコーヒーブラウンにしました。一枚で様になる。編み地がしっかりしてる。何回買っても満足してます。,5,2026-06-28 06:34:39 UTC,ナナ,norwegian-knitted-sweate-1@example.invalid,9051513094371,norwegian-knitted-sweater,,
お気に入り,編み地がしっかりしてる。170cmでLを着用しています。インナー足して重ね着も。お気に入りになりました。,5,2026-08-04 18:31:02 UTC,ここ,norwegian-knitted-sweate-2@example.invalid,9051513094371,norwegian-knitted-sweater,,
,レビューが少なくて少し迷ったのですが、思いきって注文しました。実物を手に取ってみると、作りが丁寧。156cmでSを着用していて、着丈64cm・肩幅47cmは表記とほぼ同じでした。色が落ち着いてて合わせやすい。また利用します。,5,2026-05-27 01:19:36 UTC,R.N,french-autumn-blazer-sui-1@example.invalid,9051508441315,french-autumn-blazer-suit-set-up,,
コーデしやすい,色が落ち着いてて合わせやすい。羽織るだけで決まる。グレーを選びましたが手持ちと合わせやすいです。出番が多くなりそうです。✨,5,2026-06-16 21:58:30 UTC,もも,french-autumn-blazer-sui-2@example.invalid,9051508441315,french-autumn-blazer-suit-set-up,,
ひと目惚れ,可愛すぎる、チェックの色合いが落ち着いてる、めっちゃ気に入ってる！🥺☺️🎀,5,2026-07-23 08:56:38 UTC,ナナ,american-long-sleeved-bo-1@example.invalid,9051502444771,american-long-sleeved-bow-plaid-t-shirt,,
,"◎ リボンの位置が絶妙
◎ 一枚で決まる
△ シワになりやすいかも",5,2026-05-12 05:30:20 UTC,サキ,american-long-sleeved-bo-2@example.invalid,9051502444771,american-long-sleeved-bow-plaid-t-shirt,,
,縦のラインで細く見える。手に取った質感が値段以上でした。この値段でこの質感なら十分満足です。,5,2026-06-04 09:49:25 UTC,ちひろ,slimming-striped-waist-t-1@example.invalid,9051499331811,slimming-striped-waist-top,,
イメージどおり,写真で見るよりきれいめに見えました。縦のラインで細く見える。着回しが効く。おすすめです。,5,2026-03-15 17:07:07 UTC,ノア,slimming-striped-waist-t-2@example.invalid,9051499331811,slimming-striped-waist-top,,
コーデしやすい,丈短めのトップスと相性いい。中に着込める。コーヒーを選びましたが手持ちと合わせやすいです。着回しが効くので買ってよかったです。,5,2026-05-24 19:33:48 UTC,スミレ,nuremberg-cargo-jacket-1@example.invalid,9050351272163,nuremberg-cargo-jacket,,
神,中に着込める、買ってよかった〜！🫶,5,2026-05-13 21:42:54 UTC,Karen,nuremberg-cargo-jacket-2@example.invalid,9050351272163,nuremberg-cargo-jacket,,
買ってよかった,編み目がきれい、お気に入りになりました。😍🥺🎀,5,2026-05-05 17:26:32 UTC,ナナ,lazy-style-knitted-suit--1@example.invalid,9050349011171,lazy-style-knitted-suit-set-up,,
サイズ感の参考に,155cm、普段Mサイズです。この商品もMで、着丈66cm・袖丈69cmはほぼ表記どおりでした。締めつけ感ゼロ。サイズ表どおりで選んで問題ないと思います。ロングスカートと合わせるのが好き。,5,2026-05-31 18:50:14 UTC,ミオ,lazy-style-knitted-suit--2@example.invalid,9050349011171,lazy-style-knitted-suit-set-up,,
神,軽くて着やすい。🎀💗,5,2026-07-03 07:09:59 UTC,Karen,autumn-collegiate-trench-1@example.invalid,9050346651875,autumn-collegiate-trench-coat,,
サイズ迷ってる方へ,154cm、普段Sサイズです。この商品もSで、着丈54.5cm・胸囲104cmはほぼ表記どおりでした。サイズ表どおりで選んで問題ないと思います。色が落ち着いてて合わせやすい。,5,2026-03-23 08:43:19 UTC,S.Y,autumn-collegiate-trench-2@example.invalid,9050346651875,autumn-collegiate-trench-coat,,
買ってよかった,旅行用に買いました。迷わず着られる。動くたびにきれい。小物で印象が変わる。,5,2026-05-14 13:04:05 UTC,コハル,french-pleated-short-ski-1@example.invalid,9050344358115,french-pleated-short-skirt-set-up,,
参考までに,165cm、普段Mサイズです。この商品もMで、着丈50cm・ウエスト84cmはほぼ表記どおりでした。迷ったら表記どおりで大丈夫だと思います。,5,2026-04-14 01:35:45 UTC,あおい,french-pleated-short-ski-2@example.invalid,9050344358115,french-pleated-short-skirt-set-up,,
お気に入り,163cmでLを着用しています。色が落ち着いてて合わせやすい。買ってよかった。,5,2026-06-11 05:32:58 UTC,ユイ,french-autumn-blazer-1@example.invalid,9050340786403,french-autumn-blazer,,
購入を迷っている方へ,同系統のものを持っていないので、試しに買ってみました。写真では分かりませんでしたが、作りが丁寧。157cmでMを着用していて、着丈69cm・胸囲106cmは表記とほぼ同じでした。色が落ち着いてて合わせやすい。おすすめです。,5,2026-05-25 09:24:42 UTC,ここ,french-autumn-blazer-2@example.invalid,9050340786403,french-autumn-blazer,,
色違い購入,前に買って良かったのでまた買いました。今回はブラックにしました。単品でも使える。やっぱり間違いないです。,5,2026-07-05 09:01:54 UTC,みな,autumn-daughters-skirt-s-1@example.invalid,9050338754787,autumn-daughters-skirt-set-up,,
神,単品でも使える、リピ確定！！😍,5,2026-04-15 15:27:40 UTC,ヒナ,autumn-daughters-skirt-s-2@example.invalid,9050338754787,autumn-daughters-skirt-set-up,,
着回しやすい,丈短めのトップスと相性いい。軽くて着やすい。出番が多くなりそうです。🙆‍♀️,5,2026-05-03 11:29:27 UTC,カナ💗,gatsby-daughter-two-piec-1@example.invalid,9050334986467,gatsby-daughter-two-piece-black-jacket-set-up,,
生地がいい,"生地がしっかりしていて安っぽくないです。19,200円とは思えないです。",5,2026-04-03 02:53:05 UTC,Luna,gatsby-daughter-two-piec-2@example.invalid,9050334986467,gatsby-daughter-two-piece-black-jacket-set-up,,
イメージどおり,画面で見るより上品でした。古着っぽさがいい。軽くて着やすい。色が落ち着いてて合わせやすい。買ってよかったです。,5,2026-03-02 03:20:35 UTC,ナナ,showa-french-celebrity-s-1@example.invalid,9050084638947,showa-french-celebrity-suit-jacket-set-up,,
お気に入り,古着っぽさがいい。170cmでLを着用しています。中がシンプルでも決まる。お気に入りになりました。,5,2026-06-04 20:51:13 UTC,りん,showa-french-celebrity-s-2@example.invalid,9050084638947,showa-french-celebrity-suit-jacket-set-up,,
最高,統一感が出る、色違いも欲しい！！🎀💕,5,2026-07-29 01:38:56 UTC,モモ🎀,manchester-french-hepbur-1@example.invalid,9050081722595,manchester-french-hepburn-skirt-set-up,,
,統一感が出る。長く着られそうです。,5,2026-06-10 00:16:47 UTC,ハルカ,manchester-french-hepbur-2@example.invalid,9050081722595,manchester-french-hepburn-skirt-set-up,,
,"レースの透け感が絶妙。縫製も雑なところがなかったです。7,540円とは思えないです。",5,2026-06-14 05:38:18 UTC,Mina,high-neck-lace-top-1@example.invalid,9050077888739,high-neck-lace-top,,
最高でした,可愛すぎる、レースの透け感が絶妙、お気に入りになりました！🌸✨☺️,5,2026-07-12 14:09:00 UTC,マナ🎀,high-neck-lace-top-2@example.invalid,9050077888739,high-neck-lace-top,,
最高,レースが安っぽくない。🌸✨,5,2026-06-22 06:08:22 UTC,Yui,wisdom-lace-long-sleeved-1@example.invalid,9050070974691,wisdom-lace-long-sleeved-t-shirt,,
,"◎ レースが安っぽくない
◎ 着回しが効く",5,2026-04-21 20:00:38 UTC,Momo,wisdom-lace-long-sleeved-2@example.invalid,9050070974691,wisdom-lace-long-sleeved-t-shirt,,
サイズ迷ってる方へ,166cm、普段Lサイズです。この商品もLで、袖丈66cmはほぼ表記どおりでした。体のラインがきれいに見える。サイズ表どおりで選んで問題ないと思います。インナー足して重ね着も。,5,2026-04-07 17:33:47 UTC,ルナ,slim-polo-knit-tops-1@example.invalid,9050067534051,slim-polo-knit-tops,,
,一枚で様になる。チクチクしない。体のラインがきれいに見える。買ってよかったです。,5,2026-04-16 03:12:52 UTC,シオリ,slim-polo-knit-tops-2@example.invalid,9050067534051,slim-polo-knit-tops,,
使いやすいです,羽織りとも相性いい。合わせやすい。出番が多くなりそうです。,5,2026-08-05 02:40:35 UTC,ゆい,melbourne-korean-slanted-1@example.invalid,9049957040355,melbourne-korean-slanted-shoulder-t-shirt,,
期待以上でした,思っていたよりしっかりしてました。着回しが効く。デニムに合わせてます。また利用します。,5,2026-04-05 07:01:48 UTC,ここ,melbourne-korean-slanted-2@example.invalid,9049957040355,melbourne-korean-slanted-shoulder-t-shirt,,
思ったよりしっかりしてる,"薄すぎず、ちゃんとした作りでした。19,780円とは思えないです。",5,2026-07-08 09:23:54 UTC,ユイ,french-style-slimming-ja-1@example.invalid,9049962381539,french-style-slimming-jacket,,
可愛い,軽くて着やすい、色違いも欲しい！🥺,5,2026-06-06 00:23:19 UTC,K,french-style-slimming-ja-2@example.invalid,9049962381539,french-style-slimming-jacket,,
買ってよかった,ニットが柔らかい〜！😍,5,2026-04-08 06:48:42 UTC,Momo,french-autumn-knit-top-1@example.invalid,9049954058467,french-autumn-knit-top,,
色違い購入,ここで買うの三回目です。今回はグレーにしました。肌ざわりがいい。ニットが柔らかい。何回買っても満足してます。,5,2026-08-07 23:21:13 UTC,コハル,french-autumn-knit-top-2@example.invalid,9049954058467,french-autumn-knit-top,,
可愛すぎる,写真どおりで感動、ニットが柔らかい、めっちゃ気に入ってる！🌸💕,5,2026-06-13 12:01:25 UTC,カナ,gold-wisdom-french-knitt-1@example.invalid,9049949700323,gold-wisdom-french-knitted-dress-set-up,,
購入を迷っている方へ,同系統のものを持っていないので、試しに買ってみました。写真では分かりませんでしたが、ニットが柔らかい。157cmでSを選んでちょうどよかったです。パンツでもスカートでも。買ってよかったです。,5,2026-03-28 20:33:19 UTC,Luna,gold-wisdom-french-knitt-2@example.invalid,9049949700323,gold-wisdom-french-knitted-dress-set-up,,
サイズ感の参考に,156cm、普段Mサイズです。この商品もMで、着丈74cm・袖丈53cmはほぼ表記どおりでした。迷ったら表記どおりで大丈夫だと思います。丈短めのトップスと相性いい。,5,2026-06-28 22:38:20 UTC,ゆい,autumn-striped-slimming--1@example.invalid,9049933185251,autumn-striped-slimming-jacket,,
参考になれば,ストライプの幅がちょうどいい。157cmでMを着用しています。色が落ち着いてて合わせやすい。大満足。,5,2026-05-27 04:38:59 UTC,リオ,autumn-striped-slimming--2@example.invalid,9049933185251,autumn-striped-slimming-jacket,,
,思っていたより上品でした。一枚で決まる。羽織りとも相性いい。また利用します。,5,2026-04-08 14:34:12 UTC,みな,slimming-waist-design-to-1@example.invalid,9049427181795,slimming-waist-design-top,,
サイズ表どおりでした,165cm、普段Mサイズです。この商品もMで、袖丈65cmはほぼ表記どおりでした。サイズ表どおりで選んで問題ないと思います。羽織りとも相性いい。,5,2026-07-08 10:57:41 UTC,エマ,slimming-waist-design-to-2@example.invalid,9049427181795,slimming-waist-design-top,,
購入を迷っている方へ,同系統のものを持っていないので、試しに買ってみました。実物を手に取ってみると、縦のラインで細く見える。172cmでLを着用していて、袖丈42cmは表記とほぼ同じでした。羽織りとも相性いい。おすすめです。,5,2026-03-17 02:23:27 UTC,モモ,gray-tone-striped-t-shir-1@example.invalid,9049326420195,gray-tone-striped-t-shirt,,
詳しめに書きます,縦のラインで細く見える。168cmでLを着用しています。羽織りとも相性いい。色違いも欲しい。,5,2026-05-02 03:58:44 UTC,Luna,gray-tone-striped-t-shir-2@example.invalid,9049326420195,gray-tone-striped-t-shirt,,
最高,顔まわりが明るく見える！✨☺️,5,2026-05-17 14:23:35 UTC,マリン,pure-desire-long-sleeved-1@example.invalid,9049324388579,pure-desire-long-sleeved-black-top,,
可愛すぎる,ひと目惚れして買いました、色違いも欲しい！💗💕,5,2026-05-22 08:05:16 UTC,ミオ,pure-desire-long-sleeved-2@example.invalid,9049324388579,pure-desire-long-sleeved-black-top,,
最高でした,可愛すぎる、リボンが取り外せたらもっと良かったけど可愛い、めっちゃ気に入ってる！🌸💕,5,2026-07-18 13:06:07 UTC,りん,vintage-plaid-bow-waist--1@example.invalid,9049318424803,vintage-plaid-bow-waist-dress,,
,くすみ加減が好き。手に取った質感が値段以上でした。コスパは良いと思います。,5,2026-04-14 23:53:01 UTC,R.N,vintage-plaid-bow-waist--2@example.invalid,9049318424803,vintage-plaid-bow-waist-dress,,
サイズ表どおりでした,154cm、普段Sサイズです。この商品もSで、着丈59cm・胸囲92cmはほぼ表記どおりでした。迷ったら表記どおりで大丈夫だと思います。中がシンプルでも決まる。,5,2026-07-17 05:27:41 UTC,コハル,polka-dot-waist-cardigan-1@example.invalid,9049312919779,polka-dot-waist-cardigan,,
長くなりましたが,前から似たようなものを探していて、写真の雰囲気に惹かれて購入しました。写真では分かりませんでしたが、ドットが細かめで上品。163cmでMを着用していて、着丈61cm・胸囲96cmは表記とほぼ同じでした。丈短めのトップスと相性いい。期待どおりでした。,5,2026-08-09 03:55:09 UTC,Haruka,polka-dot-waist-cardigan-2@example.invalid,9049312919779,polka-dot-waist-cardigan,,
,一枚で決まる。満足しています。,5,2026-06-13 21:23:38 UTC,K,blue-waist-long-sleeve-s-1@example.invalid,9049307906275,blue-waist-long-sleeve-shirt,,
まとめると,◎ 合わせやすい,5,2026-04-18 09:15:31 UTC,マナ,blue-waist-long-sleeve-s-2@example.invalid,9049307906275,blue-waist-long-sleeve-shirt,,
コーデしやすい,スニーカーでラフに。ヴィンテージ感のある色味。動きやすい。ブルーを選びましたが手持ちと合わせやすいです。出番が多くなりそうです。🫧,5,2026-03-05 03:41:50 UTC,ナナ,vintage-denim-trousers-1@example.invalid,9049303384291,vintage-denim-trousers,,
生地がいい,デニムの色落ちがいい感じ。生地がしっかりしていて安っぽくないです。この値段でこの質感なら十分満足です。,5,2026-07-11 11:45:12 UTC,ミク,vintage-denim-trousers-2@example.invalid,9049303384291,vintage-denim-trousers,,
期待以上でした,写真で見るよりしっかりしてました。合わせやすい。羽織りとも相性いい。満足しています。,5,2026-03-28 17:25:47 UTC,スミレ,autumn-white-long-sleeve-1@example.invalid,9049301483747,autumn-white-long-sleeved-blouse-top,,
可愛い,合わせやすい、買ってよかった！😍,5,2026-07-17 13:20:41 UTC,Sena,autumn-white-long-sleeve-2@example.invalid,9049301483747,autumn-white-long-sleeved-blouse-top,,
好き,編み目がきれい！！😍💗,5,2026-07-27 06:02:55 UTC,R.N,autumn-wool-knit-smock-t-1@example.invalid,9049298272483,autumn-wool-knit-smock-top,,
,"編み目がきれい。手に取った質感が値段以上でした。18,460円とは思えないです。",5,2026-06-29 03:20:40 UTC,ノア,autumn-wool-knit-smock-t-2@example.invalid,9049298272483,autumn-wool-knit-smock-top,,
お気に入り,159cmでMを着用しています。デニムに合わせてます。お気に入りになりました。,5,2026-03-07 11:19:25 UTC,Nana,high-neck-slimming-long--1@example.invalid,9049295552739,high-neck-slimming-long-sleeve-tee,,
イメージどおり,画面で見るよりきれいめに見えました。一枚で決まる。スカートと合わせると女っぽくなる。期待どおりでした。,5,2026-08-06 19:49:30 UTC,マナ,high-neck-slimming-long--2@example.invalid,9049295552739,high-neck-slimming-long-sleeve-tee,,
参考になれば,チェックが派手じゃない。155cmでMを着用しています。羽織りとも相性いい。お気に入りになりました。,5,2026-04-12 03:23:17 UTC,ちひろ,retro-plaid-long-sleeve--1@example.invalid,9048793874659,retro-plaid-long-sleeve-shirt,,
出番多そう,ライブ用に買いました。着回しが効く。チェックが派手じゃない。羽織りとも相性いい。,5,2026-06-03 20:32:08 UTC,すみれ,retro-plaid-long-sleeve--2@example.invalid,9048793874659,retro-plaid-long-sleeve-shirt,,
期待以上でした,写真で見るよりしっかりしてました。畝がきれい。一枚で完成する。そのままで様になる。おすすめです。,5,2026-06-02 20:08:41 UTC,チヒロ,sweet-corduroy-suspender-1@example.invalid,9048784273635,sweet-corduroy-suspender-dress,,
旅行に持っていきました,旅行用に買いました。シーンを選ばない。畝がきれい。羽織りを足せば長く着られる。🎀,5,2026-06-11 02:11:20 UTC,カナ,sweet-corduroy-suspender-2@example.invalid,9048784273635,sweet-corduroy-suspender-dress,,
買ってよかった,写真撮るとき用に。羽織るだけで決まる。編み地がしっかりしてる。丈短めのトップスと相性いい。,5,2026-05-08 16:38:17 UTC,Aoi,star-patch-cropped-sweat-1@example.invalid,9048323817699,star-patch-cropped-sweater-jacket,,
期待以上でした,思っていたより落ち着いた色味でした。編み地がしっかりしてる。羽織るだけで決まる。色が落ち着いてて合わせやすい。また利用します。,5,2026-08-01 21:44:08 UTC,mii,star-patch-cropped-sweat-2@example.invalid,9048323817699,star-patch-cropped-sweater-jacket,,
可愛すぎる,届いた瞬間テンション上がりました、リピ確定！🥺☺️✨,5,2026-05-21 08:31:38 UTC,K,college-style-woolen-coa-1@example.invalid,9048317722851,college-style-woolen-coat,,
,"薄すぎず、ちゃんとした作りでした。17,300円とは思えないです。",5,2026-04-14 11:10:49 UTC,ここ,college-style-woolen-coa-2@example.invalid,9048317722851,college-style-woolen-coat,,
着回しやすい,ロングスカートと合わせるのが好き。ニットが柔らかい。一枚で様になる。グレーを選びましたが手持ちと合わせやすいです。一枚あると便利だと思います。,5,2026-06-01 04:04:04 UTC,みお,cross-strap-sweater-1@example.invalid,9048313692387,cross-strap-sweater,,
イメージどおり,届いてみたらきれいめに見えました。ニットが柔らかい。長い期間着られそう。また利用します。,5,2026-07-09 05:00:48 UTC,ナナ,cross-strap-sweater-2@example.invalid,9048313692387,cross-strap-sweater,,
コーデしやすい,インナー足して重ね着も。縦のラインで細く見える。肌ざわりがいい。ホワイトを選びましたが手持ちと合わせやすいです。一枚あると便利だと思います。,5,2026-04-20 01:20:25 UTC,ナナ🎀,high-neck-knitted-stripe-1@example.invalid,9048134975715,high-neck-knitted-striped-slimming-shirt,,
長くなりましたが,レビューが少なくて少し迷ったのですが、思いきって注文しました。届いて袋から出してまず思ったのが、編み目がきれい ということ。172cmでLを着用していて、着丈55cm・胸囲84cmは表記とほぼ同じでした。体のラインがきれいに見える。長時間着ていても疲れませんでした。インナー足して重ね着も。おすすめです。,5,2026-04-11 16:48:33 UTC,N.H,high-neck-knitted-stripe-2@example.invalid,9048134975715,high-neck-knitted-striped-slimming-shirt,,
可愛い,インナー次第で調整できる、また買います。🩷🌸,5,2026-07-28 05:57:08 UTC,mii,micro-sheer-long-skirt-1@example.invalid,9048133075171,micro-sheer-long-skirt,,
イメージどおり,写真で見るより上品でした。インナー次第で調整できる。一枚で雰囲気が出る。シンプルなトップスで十分。期待どおりでした。,5,2026-03-03 15:01:05 UTC,Yui,micro-sheer-long-skirt-2@example.invalid,9048133075171,micro-sheer-long-skirt,,
参考になれば,デニムの色落ちがいい感じ。164cmでMを着用しています。体のラインがきれいに見える。シンプルなトップスで十分。大満足。,5,2026-07-28 21:33:51 UTC,Momo,vintage-slim-short-denim-1@example.invalid,9048153489635,vintage-slim-short-denim-skirt,,
リピートです,二着目です。今回はブラウンにしました。丈感がちょうどいい。デニムの色落ちがいい感じ。何回買っても満足してます。,5,2026-06-08 13:26:55 UTC,Haruka,vintage-slim-short-denim-2@example.invalid,9048153489635,vintage-slim-short-denim-skirt,,
リピートです,色違いでリピしました。今回はブラックにしました。一枚で雰囲気が出る。何回買っても満足してます。,5,2026-07-24 19:08:59 UTC,ソラ,black-gray-layered-long--1@example.invalid,9048129601763,black-gray-layered-long-skirt,,
サイズ感の参考に,159cm、普段Mサイズです。この商品もMで、ウエスト70cmはほぼ表記どおりでした。迷ったら表記どおりで大丈夫だと思います。,5,2026-07-07 02:39:45 UTC,リオ,black-gray-layered-long--2@example.invalid,9048129601763,black-gray-layered-long-skirt,,
好き,羽織るだけで決まる、リピ確定！！✨,5,2026-08-05 15:49:36 UTC,ユイ,high-casual-cargo-jacket-1@example.invalid,9048128258275,high-casual-cargo-jacket,,
着回しやすい,色が落ち着いてて合わせやすい。軽くて着やすい。着回しが効くので買ってよかったです。👗,5,2026-04-25 00:21:46 UTC,ナギサ,high-casual-cargo-jacket-2@example.invalid,9048128258275,high-casual-cargo-jacket,,
写真より良い,写真で見るより可愛かったです。レース部分がとにかく可愛い。顔まわりが明るく見える。デニムに合わせてます。期待どおりでした。,5,2026-07-20 06:57:53 UTC,なな,lace-layered-long-sleeve-1@example.invalid,9046863479011,lace-layered-long-sleeve-t-shirt,,
思ったよりしっかりしてる,レース部分がとにかく可愛い。生地がしっかりしていて安っぽくないです。コスパは良いと思います。,5,2026-05-22 14:00:30 UTC,Nana,lace-layered-long-sleeve-2@example.invalid,9046863479011,lace-layered-long-sleeve-t-shirt,,
サイズ表どおりでした,159cm、普段Mサイズです。この商品もMで、着丈79cm・肩幅54cmはほぼ表記どおりでした。普段のサイズで問題なかったです。羽織りを足せば長く着られる。,5,2026-06-05 07:21:59 UTC,リオ,bow-plaid-shirt-dress-1@example.invalid,9046858891491,bow-plaid-shirt-dress,,
,夏フェスで着ました。スタイルよく見える。リボンが取り外せたらもっと良かったけど可愛い。小物で印象が変わる。また利用します。,5,2026-07-25 14:27:23 UTC,ミナ,bow-plaid-shirt-dress-2@example.invalid,9046858891491,bow-plaid-shirt-dress,,
,スニーカーでラフに。腰まわりが楽。ブルーを選びましたが手持ちと合わせやすいです。着回しが効くので買ってよかったです。,5,2026-05-20 07:44:24 UTC,アカリ,layered-multi-waisted-tr-1@example.invalid,9046857515235,layered-multi-waisted-trousers,,
長くなりましたが,同系統のものを持っていないので、試しに買ってみました。写真では分かりませんでしたが、作りが丁寧。153cmでSを着用していて、ウエスト72cm・総丈102cmは表記とほぼ同じでした。コンパクトなトップスと相性◎。洗濯は念のためネットに入れています。期待どおりでした。,5,2026-05-18 14:14:49 UTC,Luna,layered-multi-waisted-tr-2@example.invalid,9046857515235,layered-multi-waisted-trousers,,
生地がいい,デニムの色落ちがいい感じ。生地がしっかりしていて安っぽくないです。コスパは良いと思います。,5,2026-03-05 00:21:19 UTC,ここ,versatile-printed-womens-1@example.invalid,9046856990947,versatile-printed-womens-jeans,,
,デニムの色落ちがいい感じ。160cmでMを着用しています。コンパクトなトップスと相性◎。めっちゃ気に入ってる。,5,2026-03-28 05:37:06 UTC,マナ,versatile-printed-womens-2@example.invalid,9046856990947,versatile-printed-womens-jeans,,
サイズ迷ってる方へ,164cm、普段Mサイズです。この商品もMで、ウエスト68cm・総丈72cmはほぼ表記どおりでした。サイズ表どおりで選んで問題ないと思います。スニーカーでも綺麗めでもいける。,5,2026-06-29 12:52:22 UTC,アオイ,spliced-plaid-long-skirt-1@example.invalid,9046853779683,spliced-plaid-long-skirt,,
,一枚で雰囲気が出る。柄の出方がきれい。買ってよかったです。,5,2026-04-17 04:58:41 UTC,K,spliced-plaid-long-skirt-2@example.invalid,9046853779683,spliced-plaid-long-skirt,,
コーデしやすい,スカートと合わせると女っぽくなる。縦のラインで細く見える。一枚で決まる。出番が多くなりそうです。,5,2026-05-10 18:52:17 UTC,ミナ,fungus-hem-stripe-shirt-1@example.invalid,9044670808291,fungus-hem-stripe-shirt,,
,届いてみたらきれいめに見えました。縦のラインで細く見える。顔まわりが明るく見える。スカートと合わせると女っぽくなる。買ってよかったです。,5,2026-04-04 17:32:44 UTC,ここ,fungus-hem-stripe-shirt-2@example.invalid,9044670808291,fungus-hem-stripe-shirt,,
,肌ざわりがいい。ニットが柔らかい。期待どおりでした。,5,2026-04-04 12:26:52 UTC,ミク,long-sleeved-knit-top-1@example.invalid,9044668481763,long-sleeved-knit-top,,
リピートです,二着目です。今回はホワイトにしました。肌ざわりがいい。ニットが柔らかい。またリピートすると思います。,5,2026-06-22 21:05:37 UTC,みお,long-sleeved-knit-top-2@example.invalid,9044668481763,long-sleeved-knit-top,,
着回しやすい,スカートと合わせると女っぽくなる。ストライプの幅がちょうどいい。一枚で決まる。ブルーを選びましたが手持ちと合わせやすいです。着回しが効くので買ってよかったです。,5,2026-05-16 07:12:29 UTC,ナギサ,long-striped-long-sleeve-1@example.invalid,9044666319075,long-striped-long-sleeve-shirt,,
,"◎ 顔まわりが明るく見える
◎ ストライプの幅がちょうどいい",5,2026-06-12 05:14:43 UTC,Haruka,long-striped-long-sleeve-2@example.invalid,9044666319075,long-striped-long-sleeve-shirt,,
,前に買って良かったのでまた買いました。今回はブラウンにしました。着回しが効く。ストライプの幅がちょうどいい。やっぱり間違いないです。👍,5,2026-07-01 19:19:39 UTC,Aoi,distressed-striped-long--1@example.invalid,9044651442403,distressed-striped-long-sleeve-polo-collar-t-shirt,,
,デニムに合わせてます。ストライプの幅がちょうどいい。一枚で決まる。一枚あると便利だと思います。,5,2026-04-04 04:13:06 UTC,ゆい,distressed-striped-long--2@example.invalid,9044651442403,distressed-striped-long-sleeve-polo-collar-t-shirt,,
,"編み地がしっかりしてる。縫製も雑なところがなかったです。20,560円とは思えないです。",5,2026-07-31 06:38:48 UTC,マリン,knitted-cherry-cardigan-1@example.invalid,9044637581539,knitted-cherry-cardigan,,
,ここで買うの三回目です。今回はホワイトにしました。軽くて着やすい。編み地がしっかりしてる。またリピートすると思います。👗,5,2026-05-15 00:54:12 UTC,ノア,knitted-cherry-cardigan-2@example.invalid,9044637581539,knitted-cherry-cardigan,,
,夏フェスで着ました。長い期間着られそう。編み目がきれい。パンツでもスカートでも。満足しています。,5,2026-07-04 14:11:39 UTC,R.N,star-stripe-polo-collar--1@example.invalid,9044303020259,star-stripe-polo-collar-sweater,,
買ってよかった,ストライプの幅がちょうどいい！！☺️,5,2026-07-30 00:41:14 UTC,すみれ,star-stripe-polo-collar--2@example.invalid,9044303020259,star-stripe-polo-collar-sweater,,
,"◎ 中に着込める
△ シワになりやすいかも",5,2026-04-18 17:00:15 UTC,ルナ,detachable-fur-collar-do-1@example.invalid,9044305772771,detachable-fur-collar-double-zipper-jacket,,
旅行に持っていきました,ライブ用に買いました。羽織るだけで決まる。中がシンプルでも決まる。長く着られそうです。🥺,5,2026-05-07 14:28:15 UTC,まな,detachable-fur-collar-do-2@example.invalid,9044305772771,detachable-fur-collar-double-zipper-jacket,,
,写真で見るよりしっかりしてました。軽くて着やすい。丈短めのトップスと相性いい。おすすめです。,5,2026-05-12 21:33:13 UTC,マナ🩷,detachable-fur-collar-ca-1@example.invalid,9044304560355,detachable-fur-collar-cargo-jacket,,
サイズ感の参考に,164cm、普段Lサイズです。この商品もLで、着丈77cm・袖丈61cmはほぼ表記どおりでした。サイズ表どおりで選んで問題ないと思います。中がシンプルでも決まる。,5,2026-07-09 03:17:42 UTC,ヒナ,detachable-fur-collar-ca-2@example.invalid,9044304560355,detachable-fur-collar-cargo-jacket,,
イメージどおり,画面で見るよりきれいめに見えました。ニットが柔らかい。中に着込める。丈短めのトップスと相性いい。期待どおりでした。,5,2026-06-04 19:22:41 UTC,Rio,amusement-park-pony-zipp-1@example.invalid,9043192512739,amusement-park-pony-zipper-cardigan,,
生地がいい,ニットが柔らかい。生地がしっかりしていて安っぽくないです。コスパは良いと思います。,5,2026-07-04 11:51:19 UTC,エマ,amusement-park-pony-zipp-2@example.invalid,9043192512739,amusement-park-pony-zipper-cardigan,,
思ったよりしっかりしてる,チェックの色合いが落ち着いてる。手に取った質感が値段以上でした。コスパは良いと思います。,5,2026-08-02 20:38:33 UTC,エマ,patch-plaid-hooded-dress-1@example.invalid,9043197624547,patch-plaid-hooded-dress,,
,スタイルよく見える。チェックの色合いが落ち着いてる。買ってよかったです。,5,2026-08-08 05:48:13 UTC,アカリ,patch-plaid-hooded-dress-2@example.invalid,9043197624547,patch-plaid-hooded-dress,,
良い点と気になる点,"◎ くすみ加減が好き
◎ 肌ざわりがいい
△ 丈は短めなので好みが分かれそう",5,2026-06-12 17:33:29 UTC,ここ,vintage-crochet-v-neck-t-1@example.invalid,9043196117219,vintage-crochet-v-neck-top-set-up,,
最高,レトロな雰囲気が好み、また買います。☺️🌸,5,2026-07-27 16:38:10 UTC,エマ,vintage-crochet-v-neck-t-2@example.invalid,9043196117219,vintage-crochet-v-neck-top-set-up,,
サイズ感の参考に,162cm、普段Mサイズです。この商品もMで、着丈65cm・袖丈55cmはほぼ表記どおりでした。サイズ表どおりで選んで問題ないと思います。デニムに合わせてます。,5,2026-08-01 05:51:53 UTC,ナギサ,button-lapel-polo-sweats-1@example.invalid,9043113279715,button-lapel-polo-sweatshirt,,
,一枚で決まる。また利用します。,5,2026-05-07 21:53:17 UTC,なな,button-lapel-polo-sweats-2@example.invalid,9043113279715,button-lapel-polo-sweatshirt,,
,届いてみたらきれいめに見えました。チクチクしない。長い期間着られそう。パンツでもスカートでも。満足しています。,5,2026-05-30 15:08:15 UTC,N.H,big-v-neck-sweater-vest-1@example.invalid,9043112034531,big-v-neck-sweater-vest,,
,"チクチクしない。手に取った質感が値段以上でした。10,370円とは思えないです。",5,2026-06-30 00:52:23 UTC,セナ,big-v-neck-sweater-vest-2@example.invalid,9043112034531,big-v-neck-sweater-vest,,
生地がいい,ニットが柔らかい。縫製も雑なところがなかったです。この値段でこの質感なら十分満足です。,5,2026-03-03 04:35:53 UTC,A.T,fox-fair-island-knitted--1@example.invalid,9043110854883,fox-fair-island-knitted-sweater,,
参考までに,165cm、普段Mサイズです。この商品もMで、着丈56cm・袖丈50cmはほぼ表記どおりでした。サイズ表どおりで選んで問題ないと思います。,5,2026-04-30 17:49:16 UTC,ゆきの,fox-fair-island-knitted--2@example.invalid,9043110854883,fox-fair-island-knitted-sweater,,
コスパ良し,チクチクしない。手に取った質感が値段以上でした。コスパは良いと思います。,5,2026-06-25 02:37:07 UTC,セナ☺️,lazy-lace-knitwear-sweat-1@example.invalid,9041969414371,lazy-lace-knitwear-sweater,,
サイズ迷ってる方へ,168cm、普段Lサイズです。この商品もLで、着丈52cm・胸囲86cmはほぼ表記どおりでした。ゆるっと着られる。サイズ表どおりで選んで問題ないと思います。,5,2026-04-27 12:21:25 UTC,マナ,lazy-lace-knitwear-sweat-2@example.invalid,9041969414371,lazy-lace-knitwear-sweater,,
期待以上でした,写真で見るより可愛かったです。デニムの色落ちがいい感じ。中に着込める。中がシンプルでも決まる。満足しています。,5,2026-03-21 11:09:43 UTC,Momo,vintage-distressed-fraye-1@example.invalid,9041967349987,vintage-distressed-frayed-cargo-jacket,,
,写真撮るとき用に。軽くて着やすい。ヴィンテージ感のある色味。丈短めのトップスと相性いい。おすすめです。,5,2026-06-17 09:02:29 UTC,ナナ🎀,vintage-distressed-fraye-2@example.invalid,9041967349987,vintage-distressed-frayed-cargo-jacket,,
好き,花柄が上品〜！🌸☺️🥺,5,2026-03-16 22:52:12 UTC,マナ,pleated-flower-bud-high--1@example.invalid,9041911021795,pleated-flower-bud-high-end-skirt,,
ひと目惚れ,可愛すぎる、花柄が派手すぎない、お気に入りになりました！💕💗,5,2026-08-08 19:59:50 UTC,R.N,pleated-flower-bud-high--2@example.invalid,9041911021795,pleated-flower-bud-high-end-skirt,,
最高でした,届いた瞬間テンション上がりました、柄が写真より落ち着いてる、色違いも欲しい！💗🎀,5,2026-05-16 07:30:49 UTC,シオリ,flower-high-end-mid-leng-1@example.invalid,9041909776611,flower-high-end-mid-length-skirt,,
,旅行用に買いました。丈感がちょうどいい。柄が写真より落ち着いてる。タイツで秋冬も。😍✨,5,2026-03-17 05:19:56 UTC,ミク,flower-high-end-mid-leng-2@example.invalid,9041909776611,flower-high-end-mid-length-skirt,,
まとめると,"◎ 中に着込める
◎ ニットが柔らかい
△ 少し透けるのでインナー必須",5,2026-05-26 10:27:48 UTC,Haruka,cute-butterfly-fawn-card-1@example.invalid,9041901977827,cute-butterfly-fawn-cardigan,,
お気に入り,ニットが柔らかい。157cmでSを着用しています。中がシンプルでも決まる。また買います。,5,2026-07-11 23:44:18 UTC,Sena,cute-butterfly-fawn-card-2@example.invalid,9041901977827,cute-butterfly-fawn-cardigan,,
まとめると,"◎ 肌ざわりがいい
◎ ニットが柔らかい",5,2026-04-22 00:41:53 UTC,ルナ,temperament-gray-sweater-1@example.invalid,9041833623779,temperament-gray-sweater-dress,,
,インナー足して重ね着も。ニットが柔らかい。肌ざわりがいい。出番が多くなりそうです。😊,5,2026-06-28 08:45:05 UTC,ナナ,temperament-gray-sweater-2@example.invalid,9041833623779,temperament-gray-sweater-dress,,
生地がいい,くすみ加減が好き。生地がしっかりしていて安っぽくないです。コスパは良いと思います。,5,2026-03-30 09:51:47 UTC,まな,vintage-patchwork-casual-1@example.invalid,9041786667235,vintage-patchwork-casual-plaid-shirt,,
買ってよかった,ライブ用に買いました。一枚で決まる。くすみ加減が好き。羽織りとも相性いい。買ってよかったです。💗,5,2026-04-02 03:52:48 UTC,ヒナ,vintage-patchwork-casual-2@example.invalid,9041786667235,vintage-patchwork-casual-plaid-shirt,,
,同系統のものを持っていないので、試しに買ってみました。実物を手に取ってみると、レトロな雰囲気が好み。162cmでLを着用していて、着丈74cm・袖丈57cmは表記とほぼ同じでした。羽織りとも相性いい。買ってよかったです。,5,2026-06-27 07:21:37 UTC,Yui,vintage-striped-polo-shi-1@example.invalid,9041768251619,vintage-striped-polo-shirt,,
思ったよりしっかりしてる,"縦のラインで細く見える。生地がしっかりしていて安っぽくないです。20,190円とは思えないです。",5,2026-07-08 22:55:47 UTC,S.Y,vintage-striped-polo-shi-2@example.invalid,9041768251619,vintage-striped-polo-shirt,,
イメージどおり,届いてみたら可愛かったです。ニットが柔らかい。長い期間着られそう。パンツでもスカートでも。おすすめです。,5,2026-03-20 11:43:34 UTC,サキ,autumn-plaid-layered-nic-1@example.invalid,9041763008739,autumn-plaid-layered-niche-skirt,,
参考までに,167cm、普段Fサイズです。この商品もFで、ウエスト84cmはほぼ表記どおりでした。普段のサイズで問題なかったです。,5,2026-07-20 13:17:26 UTC,アヤ,autumn-plaid-layered-nic-2@example.invalid,9041763008739,autumn-plaid-layered-niche-skirt,,
買ってよかった,編み目がきれい、また買います〜！😍,5,2026-07-19 17:17:34 UTC,Rio,gentle-knitted-cardigan--1@example.invalid,9041693638883,gentle-knitted-cardigan-set-up,,
,思っていたより落ち着いた色味でした。編み目がきれい。羽織るだけで決まる。丈短めのトップスと相性いい。期待どおりでした。,5,2026-06-09 14:45:28 UTC,セナ,gentle-knitted-cardigan--2@example.invalid,9041693638883,gentle-knitted-cardigan-set-up,,
好き,ヴィンテージ感のある色味！💕,5,2026-08-03 18:32:57 UTC,りん,vintage-patchwork-lapel--1@example.invalid,9041689542883,vintage-patchwork-lapel-jacket-set-up,,
,軽くて着やすい。柄の出方がきれい。長く着られそうです。,5,2026-06-21 02:15:34 UTC,ホノカ,vintage-patchwork-lapel--2@example.invalid,9041689542883,vintage-patchwork-lapel-jacket-set-up,,
思ったよりしっかりしてる,刺繍のおかげで高見えする。縫製も雑なところがなかったです。この値段でこの質感なら十分満足です。,5,2026-05-26 16:21:27 UTC,ひなの,flower-embroidery-round--1@example.invalid,9041686003939,flower-embroidery-round-neck-sweater,,
お気に入り,柄が写真より落ち着いてる。169cmでLを着用しています。ロングスカートと合わせるのが好き。また買います。,5,2026-04-13 22:17:15 UTC,すみれ,flower-embroidery-round--2@example.invalid,9041686003939,flower-embroidery-round-neck-sweater,,
コーデしやすい,スニーカーでラフに。レトロな雰囲気が好み。カジュアルすぎず履ける。ブラウンを選びましたが手持ちと合わせやすいです。一枚あると便利だと思います。,5,2026-04-22 14:32:23 UTC,R.N,american-retro-corduroy--1@example.invalid,9041554407651,american-retro-corduroy-pants,,
サイズ表どおりでした,156cm、普段Sサイズです。この商品もSで、ウエスト70cm・総丈101cmはほぼ表記どおりでした。迷ったら表記どおりで大丈夫だと思います。スニーカーでラフに。,5,2026-07-02 21:55:39 UTC,スミレ,american-retro-corduroy--2@example.invalid,9041554407651,american-retro-corduroy-pants,,
良い点と気になる点,"◎ 肌ざわりがいい
◎ チクチクしない",5,2026-03-31 01:41:50 UTC,ナナ,cute-cat-ear-hooded-swea-1@example.invalid,9041367695587,cute-cat-ear-hooded-sweater,,
可愛い,チクチクしない！！💗,5,2026-05-16 14:20:07 UTC,みな,cute-cat-ear-hooded-swea-2@example.invalid,9041367695587,cute-cat-ear-hooded-sweater,,
,写真撮るとき用に。長い期間着られそう。編み地がしっかりしてる。パンツでもスカートでも。また利用します。🎀🥺,5,2026-07-02 11:14:28 UTC,Nana,star-jacquard-sweater-to-1@example.invalid,9041337712867,star-jacquard-sweater-top-set-up,,
好き,編み地がしっかりしてる。🌸,5,2026-04-27 05:14:31 UTC,Yui,star-jacquard-sweater-to-2@example.invalid,9041337712867,star-jacquard-sweater-top-set-up,,
神,編み地がしっかりしてる、大満足！☺️😍💕,5,2026-03-17 16:43:09 UTC,Y.S,lazy-red-plaid-sweater-d-1@example.invalid,9041274011875,lazy-red-plaid-sweater-dress,,
使いやすいです,ロングスカートと合わせるのが好き。チェックの色合いが落ち着いてる。一枚で様になる。レッドを選びましたが手持ちと合わせやすいです。着回しが効くので買ってよかったです。,5,2026-07-16 08:50:37 UTC,エマ,lazy-red-plaid-sweater-d-2@example.invalid,9041274011875,lazy-red-plaid-sweater-dress,,
,一枚で決まる。買ってよかったです。,5,2026-04-18 10:14:47 UTC,Yui,large-v-neck-t-shirt-1@example.invalid,8974371684579,large-v-neck-t-shirt,,
色違い購入,前に買って良かったのでまた買いました。今回はピンクにしました。合わせやすい。やっぱり間違いないです。,5,2026-07-20 15:24:45 UTC,アヤ,large-v-neck-t-shirt-2@example.invalid,8974371684579,large-v-neck-t-shirt,,
,丈感がちょうどいい。ふわっと感がいい。長く着られそうです。,5,2026-07-11 00:51:13 UTC,モモ🫶,work-style-tulle-short-s-1@example.invalid,8974376337635,work-style-tulle-short-skirt,,
使いやすいです,スニーカーでも綺麗めでもいける。ふわっと感がいい。シルエットがきれい。着回しが効くので買ってよかったです。,5,2026-06-27 12:18:32 UTC,ハルカ,work-style-tulle-short-s-2@example.invalid,8974376337635,work-style-tulle-short-skirt,,
色違い購入,二着目です。今回はレッドにしました。シーンを選ばない。何回買っても満足してます。,5,2026-06-06 14:13:06 UTC,ユイ,autumn-logo-hooded-zippe-1@example.invalid,8974356906211,autumn-logo-hooded-zipper-dress,,
,"◎ スタイルよく見える
△ シワになりやすいかも",5,2026-06-17 09:55:43 UTC,R.N,autumn-logo-hooded-zippe-2@example.invalid,8974356906211,autumn-logo-hooded-zipper-dress,,
参考になれば,170cmでLを着用しています。羽織りを足せば長く着られる。また買います。,5,2026-06-28 15:14:07 UTC,アカリ,blue-irregular-waist-dre-1@example.invalid,8974354874595,blue-irregular-waist-dress,,
,ライブ用に買いました。シーンを選ばない。羽織りを足せば長く着られる。,5,2026-05-10 20:43:33 UTC,みな,blue-irregular-waist-dre-2@example.invalid,8974354874595,blue-irregular-waist-dress,,
,顔まわりが明るく見える。ストライプの幅がちょうどいい。体のラインがきれいに見える。期待どおりでした。,5,2026-03-25 19:34:07 UTC,カナ,striped-slim-long-sleeve-1@example.invalid,8974352187619,striped-slim-long-sleeved-top,,
,画面で見るよりきれいめに見えました。ストライプの幅がちょうどいい。着回しが効く。スカートと合わせると女っぽくなる。期待どおりでした。,5,2026-06-17 17:26:09 UTC,Haruka,striped-slim-long-sleeve-2@example.invalid,8974352187619,striped-slim-long-sleeved-top,,
イメージどおり,届いてみたらしっかりしてました。編み目がきれい。軽くて着やすい。色が落ち着いてて合わせやすい。満足しています。,5,2026-06-10 22:48:35 UTC,アカリ,lapel-knitted-loose-swea-1@example.invalid,8974094336227,lapel-knitted-loose-sweater-jacket,,
購入を迷っている方へ,前から似たようなものを探していて、写真の雰囲気に惹かれて購入しました。届いて袋から出してまず思ったのが、編み目がきれい ということ。162cmでLを着用していて、着丈78cm・袖丈51cmは表記とほぼ同じでした。ゆとりがあって楽。長時間着ていても疲れませんでした。丈短めのトップスと相性いい。おすすめです。,5,2026-03-23 11:10:31 UTC,ハルカ,lapel-knitted-loose-swea-2@example.invalid,8974094336227,lapel-knitted-loose-sweater-jacket,,
参考になれば,ニットが柔らかい。170cmでLを着用しています。色が落ち着いてて合わせやすい。リピ確定。,5,2026-03-31 10:15:23 UTC,サキ,star-applique-short-knit-1@example.invalid,8974090764515,star-applique-short-knit-cardigan,,
,友達の結婚式の二次会に。羽織るだけで決まる。ニットが柔らかい。色が落ち着いてて合わせやすい。,5,2026-03-06 21:05:37 UTC,チヒロ,star-applique-short-knit-2@example.invalid,8974090764515,star-applique-short-knit-cardigan,,
買ってよかった,普段使いに。軽くて着やすい。中がシンプルでも決まる。満足しています。,5,2026-06-05 07:02:10 UTC,コハル,classic-belted-jacket-1@example.invalid,8974090109155,classic-belted-jacket,,
,レビューが少なくて少し迷ったのですが、思いきって注文しました。届いて袋から出してまず思ったのが、作りが丁寧 ということ。151cmでSを着用していて、着丈59cm・胸囲104cmは表記とほぼ同じでした。色が落ち着いてて合わせやすい。長く着られそうです。,5,2026-03-22 00:55:50 UTC,ソラ,classic-belted-jacket-2@example.invalid,8974090109155,classic-belted-jacket,,
詳しく書きます,同系統のものを持っていないので、試しに買ってみました。写真では分かりませんでしたが、チクチクしない。163cmでLを着用していて、着丈55cm・胸囲86cmは表記とほぼ同じでした。インナー足して重ね着も。洗濯は念のためネットに入れています。期待どおりでした。,5,2026-07-27 23:43:06 UTC,みな,apple-stripe-hoodie-swea-1@example.invalid,8974023852259,apple-stripe-hoodie-sweater,,
,一枚で様になる。縦のラインで細く見える。満足しています。,5,2026-03-31 16:06:57 UTC,サキ,apple-stripe-hoodie-swea-2@example.invalid,8974023852259,apple-stripe-hoodie-sweater,,
,一枚で決まる。ストライプの幅がちょうどいい。ゆとりがあって楽。長く着られそうです。,5,2026-08-06 10:00:19 UTC,non,striped-hoodue-tunic-top-1@example.invalid,8974021165283,striped-hoodue-tunic-top,,
着回しやすい,羽織りとも相性いい。ストライプの幅がちょうどいい。合わせやすい。ブラックを選びましたが手持ちと合わせやすいです。出番が多くなりそうです。👗,5,2026-05-23 01:17:26 UTC,リオ,striped-hoodue-tunic-top-2@example.invalid,8974021165283,striped-hoodue-tunic-top,,
お気に入り,くすみ加減が好き。162cmでLを着用しています。シンプルなトップスで十分。買ってよかった。,5,2026-06-15 23:24:13 UTC,K,american-vintage-multi-l-1@example.invalid,8974015463651,american-vintage-multi-layer-maxi-skirt,,
写真より良い,届いてみたらしっかりしてました。くすみ加減が好き。一枚で雰囲気が出る。おすすめです。,5,2026-06-01 19:33:46 UTC,ちー,american-vintage-multi-l-2@example.invalid,8974015463651,american-vintage-multi-layer-maxi-skirt,,
買ってよかった,夏フェスで着ました。合わせやすい。スカートと合わせると女っぽくなる。満足しています。🎀☺️,5,2026-03-23 14:24:52 UTC,まな,red-layered-spice-girl-t-1@example.invalid,8973975453923,red-layered-spice-girl-top,,
色違い購入,ここで買うの三回目です。今回はレッドにしました。着回しが効く。やっぱり間違いないです。,5,2026-07-04 17:08:49 UTC,Mina,red-layered-spice-girl-t-2@example.invalid,8973975453923,red-layered-spice-girl-top,,
お気に入り,レースの透け感が絶妙。149cmでSを着用しています。羽織りを足せば長く着られる。大満足。,5,2026-03-23 17:36:43 UTC,Yui,autumn-lace-satin-camiso-1@example.invalid,8973973291235,autumn-lace-satin-camisole-dress,,
イメージどおり,画面で見るより上品でした。チープな光り方じゃない。スタイルよく見える。そのままで様になる。おすすめです。,5,2026-06-27 08:26:11 UTC,ナナ,autumn-lace-satin-camiso-2@example.invalid,8973973291235,autumn-lace-satin-camisole-dress,,
イメージどおり,思っていたより落ち着いた色味でした。レトロな雰囲気が好み。中に着込める。色が落ち着いてて合わせやすい。長く着られそうです。,5,2026-06-25 03:35:40 UTC,コハル,american-vintage-cropped-1@example.invalid,8973971128547,american-vintage-cropped-loose-jacket,,
詳しく書きます,前から似たようなものを探していて、写真の雰囲気に惹かれて購入しました。届いて袋から出してまず思ったのが、ヴィンテージ感のある色味 ということ。171cmでLを着用していて、着丈53.5cm・肩幅51cmは表記とほぼ同じでした。締めつけ感ゼロ。長時間着ていても疲れませんでした。色が落ち着いてて合わせやすい。洗濯は念のためネットに入れています。また利用します。,5,2026-06-15 15:15:28 UTC,リコ,american-vintage-cropped-2@example.invalid,8973971128547,american-vintage-cropped-loose-jacket,,
サイズ表どおりでした,149cm、普段Sサイズです。この商品もSで、着丈80cm・ウエスト64cmはほぼ表記どおりでした。すっきり見える。サイズ表どおりで選んで問題ないと思います。トップスだけでも使える。,5,2026-06-09 12:59:19 UTC,アヤ,autumn-bud-slim-dress-se-1@example.invalid,8966106775779,autumn-bud-slim-dress-set-up,,
出番多そう,海行くとき用。迷わず着られる。セットで着ると一気にまとまる。,5,2026-06-08 08:20:12 UTC,ナナ,autumn-bud-slim-dress-se-2@example.invalid,8966106775779,autumn-bud-slim-dress-set-up,,
,合わせやすい。チェックの色合いが落ち着いてる。おすすめです。,5,2026-04-08 21:42:11 UTC,はるか,luxury-plaid-t-shirt-1@example.invalid,8966101237987,luxury-plaid-t-shirt,,
期待以上でした,画面で見るよりきれいめに見えました。チェックの色合いが落ち着いてる。着回しが効く。スカートと合わせると女っぽくなる。満足しています。,5,2026-08-07 21:13:43 UTC,ちー,luxury-plaid-t-shirt-2@example.invalid,8966101237987,luxury-plaid-t-shirt,,
,画面で見るより可愛かったです。合わせやすい。スカートと合わせると女っぽくなる。また利用します。,5,2026-04-07 10:27:09 UTC,チヒロ,slimming-collar-top-1@example.invalid,8966100156643,slimming-collar-top,,
コーデしやすい,羽織りとも相性いい。着回しが効く。一枚あると便利だと思います。👗,5,2026-03-19 06:23:00 UTC,カレン,slimming-collar-top-2@example.invalid,8966100156643,slimming-collar-top,,
期待以上でした,画面で見るより上品でした。合わせやすい。羽織りとも相性いい。おすすめです。,5,2026-04-25 07:46:50 UTC,ゆきの,gold-shoulder-top-1@example.invalid,8966062702819,gold-shoulder-top,,
最高でした,届いた瞬間テンション上がりました、めっちゃ気に入ってる！🌸✨,5,2026-05-16 12:49:29 UTC,R.N,gold-shoulder-top-2@example.invalid,8966062702819,gold-shoulder-top,,
好き,レースの透け感が絶妙！！🌸🫶,5,2026-07-03 20:55:45 UTC,A.T,lace-top-1@example.invalid,8966060277987,lace-top,,
,スカートと合わせると女っぽくなる。レースの透け感が絶妙。合わせやすい。ピンク＆グレーを選びましたが手持ちと合わせやすいです。出番が多くなりそうです。👗,5,2026-04-28 08:04:55 UTC,ルナ💕,lace-top-2@example.invalid,8966060277987,lace-top,,
最高,一枚で決まる。☺️🩷✨,5,2026-04-23 09:37:55 UTC,さき,autumn-oversized-hooded--1@example.invalid,8966058967267,autumn-oversized-hooded-sweatshirt,,
詳しめに書きます,155cmでSを着用しています。ちょうどいい抜け感。スカートと合わせると女っぽくなる。お気に入りになりました。,5,2026-04-15 15:35:29 UTC,Rio,autumn-oversized-hooded--2@example.invalid,8966058967267,autumn-oversized-hooded-sweatshirt,,
写真より良い,届いてみたら可愛かったです。レースが安っぽくない。合わせやすい。満足しています。,5,2026-03-28 00:23:47 UTC,エマ☺️,elegant-lace-top-1@example.invalid,8966050971875,elegant-lace-top,,
,レースが安っぽくない。手に取った質感が値段以上でした。この値段でこの質感なら十分満足です。,5,2026-08-08 13:51:46 UTC,ソラ,elegant-lace-top-2@example.invalid,8966050971875,elegant-lace-top,,
ひと目惚れ,可愛すぎる、色違いも欲しい！💗✨,5,2026-08-04 09:05:09 UTC,ヒナ,autumn-slim-shirt-1@example.invalid,8966050873571,autumn-slim-shirt,,
旅行に持っていきました,友達の結婚式の二次会に。顔まわりが明るく見える。デニムに合わせてます。おすすめです。,5,2026-06-26 05:07:13 UTC,ユナ,autumn-slim-shirt-2@example.invalid,8966050873571,autumn-slim-shirt,,
可愛い,合わせやすい、大満足！！🫶☺️,5,2026-06-03 12:10:09 UTC,ハルカ,sharp-shoulder-t-shirt-1@example.invalid,8966039142627,sharp-shoulder-t-shirt,,
可愛すぎる,届いた瞬間テンション上がりました、買ってよかった！🥺😍,5,2026-06-05 01:49:58 UTC,セナ,sharp-shoulder-t-shirt-2@example.invalid,8966039142627,sharp-shoulder-t-shirt,,
まとめると,"◎ シルエットがきれい
◎ 広がりすぎない
△ 丈は短めなので好みが分かれそう",5,2026-06-22 16:53:43 UTC,Haruka,french-a-line-skirt-1@example.invalid,8966037930211,french-a-line-skirt,,
,スニーカーでも綺麗めでもいける。広がりすぎない。一枚で雰囲気が出る。コーヒーを選びましたが手持ちと合わせやすいです。着回しが効くので買ってよかったです。,5,2026-05-23 04:44:16 UTC,あかり,french-a-line-skirt-2@example.invalid,8966037930211,french-a-line-skirt,,
長くなりましたが,前から似たようなものを探していて、写真の雰囲気に惹かれて購入しました。写真では分かりませんでしたが、ストライプの幅がちょうどいい。162cmでLを着用していて、袖丈64cmは表記とほぼ同じでした。羽織りとも相性いい。強いて言えば、色は画面で見るより少し落ち着いて見えます。期待どおりでした。,5,2026-03-05 20:03:00 UTC,ミク,autumn-striped-polo-shir-1@example.invalid,8965928812771,autumn-striped-polo-shirt,,
使いやすいです,デニムに合わせてます。ストライプの幅がちょうどいい。合わせやすい。着回しが効くので買ってよかったです。🫧,5,2026-06-10 00:02:01 UTC,ゆきの,autumn-striped-polo-shir-2@example.invalid,8965928812771,autumn-striped-polo-shirt,,
ひと目惚れ,可愛すぎる、デニムが硬すぎない、お気に入りになりました！☺️🥺,5,2026-04-26 03:50:09 UTC,マナ,luxury-denim-cargo-jacke-1@example.invalid,8965926355171,luxury-denim-cargo-jacket,,
サイズ感の参考に,148cm、普段Sサイズです。この商品もSで、着丈49cm・胸囲110cmはほぼ表記どおりでした。迷ったら表記どおりで大丈夫だと思います。中がシンプルでも決まる。,5,2026-03-21 16:01:31 UTC,アオイ,luxury-denim-cargo-jacke-2@example.invalid,8965926355171,luxury-denim-cargo-jacket,,
,軽くて着やすい。長く着られそうです。,5,2026-04-19 21:26:03 UTC,みお,knitted-jacket-shawl-1@example.invalid,8965925044451,knitted-jacket-shawl,,
リピートです,色違いでリピしました。今回はカーキにしました。中に着込める。やっぱり間違いないです。,5,2026-04-24 21:11:19 UTC,ルナ,knitted-jacket-shawl-2@example.invalid,8965925044451,knitted-jacket-shawl,,
,チェックの色合いが落ち着いてる。152cmでSを着用しています。羽織りとも相性いい。お気に入りになりました。,5,2026-03-22 00:56:55 UTC,M.K,plaid-v-neck-top-1@example.invalid,8965895160035,plaid-v-neck-top,,
,チェックの色合いが落ち着いてる。薄すぎず、ちゃんとした作りでした。この値段でこの質感なら十分満足です。,5,2026-03-24 17:32:12 UTC,マリン,plaid-v-neck-top-2@example.invalid,8965895160035,plaid-v-neck-top,,
写真より良い,届いてみたらきれいめに見えました。カジュアルすぎず履ける。ヒールで綺麗めに。また利用します。,5,2026-04-05 02:21:48 UTC,カナ,slim-evergreen-pants-1@example.invalid,8965894668515,slim-evergreen-pants,,
参考になれば,168cmでLを着用しています。すっきり見える。スニーカーでラフに。買ってよかった。,5,2026-06-12 17:47:55 UTC,Yui,slim-evergreen-pants-2@example.invalid,8965894668515,slim-evergreen-pants,,
,顔まわりが明るく見える。柄の出方がきれい。期待どおりでした。,5,2026-06-15 22:31:59 UTC,すみれ,blue-gray-plaid-shirt-1@example.invalid,8965894897891,blue-gray-plaid-shirt,,
,柄の出方がきれい。162cmでMを着用しています。デニムに合わせてます。お気に入りになりました。,5,2026-05-18 09:56:16 UTC,まな,blue-gray-plaid-shirt-2@example.invalid,8965894897891,blue-gray-plaid-shirt,,
サイズ感の参考に,157cm、普段Mサイズです。この商品もMで、着丈72cm・肩幅50cmはほぼ表記どおりでした。普段のサイズで問題なかったです。デニムに合わせてます。,5,2026-03-18 09:55:32 UTC,ミク,french-stripe-sunscreen--1@example.invalid,8965886804195,french-stripe-sunscreen-shirt,,
使いやすいです,羽織りとも相性いい。縦のラインで細く見える。合わせやすい。アプリコットを選びましたが手持ちと合わせやすいです。出番が多くなりそうです。👗,5,2026-07-11 05:01:30 UTC,Momo,french-stripe-sunscreen--2@example.invalid,8965886804195,french-stripe-sunscreen-shirt,,
色違い購入,色違いでリピしました。今回はコーヒー＆カーキにしました。単品でも使える。レースの透け感が絶妙。何回買っても満足してます。,5,2026-06-07 06:15:29 UTC,マナ,french-lace-dress-set-1@example.invalid,8965886673123,french-lace-dress-set,,
コスパ良し,レースの透け感が絶妙。縫製も雑なところがなかったです。この値段でこの質感なら十分満足です。,5,2026-05-13 06:59:38 UTC,リコ,french-lace-dress-set-2@example.invalid,8965886673123,french-lace-dress-set,,
コスパ良し,"手に取った質感が値段以上でした。16,000円とは思えないです。",5,2026-05-29 10:15:50 UTC,はるか,american-leather-motorcy-1@example.invalid,8965886509283,american-leather-motorcycle-jacket,,
コーデしやすい,丈短めのトップスと相性いい。軽くて着やすい。ブラウンを選びましたが手持ちと合わせやすいです。出番が多くなりそうです。👍,5,2026-05-07 07:19:19 UTC,Karen,american-leather-motorcy-2@example.invalid,8965886509283,american-leather-motorcycle-jacket,,
コーデしやすい,ロングスカートと合わせるのが好き。肩の出方がちょうどいい。長い期間着られそう。レッドを選びましたが手持ちと合わせやすいです。着回しが効くので買ってよかったです。👗,5,2026-04-20 11:12:24 UTC,Mina,high-neck-off-shoulder-m-1@example.invalid,8965874712803,high-neck-off-shoulder-monogram-sweater,,
神,肩の出方がちょうどいい。💗,5,2026-08-05 02:12:59 UTC,N.H,high-neck-off-shoulder-m-2@example.invalid,8965874712803,high-neck-off-shoulder-monogram-sweater,,
出番多そう,旅行用に買いました。羽織るだけで決まる。色が落ち着いてて合わせやすい。おすすめです。,5,2026-07-21 10:38:51 UTC,mii,casual-temperament-blaze-1@example.invalid,8965872287971,casual-temperament-blazer,,
良い点と気になる点,◎ 羽織るだけで決まる,5,2026-03-11 02:15:12 UTC,アオイ,casual-temperament-blaze-2@example.invalid,8965872287971,casual-temperament-blazer,,
思ったよりしっかりしてる,リボンが主役。手に取った質感が値段以上でした。この値段でこの質感なら十分満足です。,5,2026-05-24 23:22:40 UTC,A.T,bow-detail-winter-short--1@example.invalid,8965872189667,bow-detail-winter-short-jacket,,
良い点と気になる点,"◎ リボンが主役
◎ 中に着込める",5,2026-05-13 13:09:44 UTC,マナ☺️,bow-detail-winter-short--2@example.invalid,8965872189667,bow-detail-winter-short-jacket,,
長くなりましたが,同系統のものを持っていないので、試しに買ってみました。写真では分かりませんでしたが、ストライプの幅がちょうどいい。161cmでMを着用していて、着丈56cm・胸囲85cmは表記とほぼ同じでした。パンツでもスカートでも。おすすめです。,5,2026-03-01 20:17:56 UTC,Karen,hooded-grab-striped-swea-1@example.invalid,8965872058595,hooded-grab-striped-sweater,,
,一枚で様になる。チクチクしない。長く着られそうです。,5,2026-06-11 18:55:20 UTC,カナ,hooded-grab-striped-swea-2@example.invalid,8965872058595,hooded-grab-striped-sweater,,
着回しやすい,中がシンプルでも決まる。中に着込める。ブラウンを選びましたが手持ちと合わせやすいです。一枚あると便利だと思います。,5,2026-04-15 04:18:49 UTC,ここ,british-college-stitched-1@example.invalid,8965871108323,british-college-stitched-trench-coat,,
サイズ感の参考に,148cm、普段Sサイズです。この商品もSで、着丈59cm・胸囲104cmはほぼ表記どおりでした。迷ったら表記どおりで大丈夫だと思います。中がシンプルでも決まる。,5,2026-06-03 01:40:51 UTC,Y.S,british-college-stitched-2@example.invalid,8965871108323,british-college-stitched-trench-coat,,
,デート用に。シルエットがきれい。レースの透け感が絶妙。シンプルなトップスで十分。長く着られそうです。✨,5,2026-06-08 20:35:50 UTC,カナ,cake-lace-long-midi-skir-1@example.invalid,8965869076707,cake-lace-long-midi-skirt,,
長くなりましたが,レビューが少なくて少し迷ったのですが、思いきって注文しました。届いて袋から出してまず思ったのが、レースの透け感が絶妙 ということ。151cmでSを着用していて、着丈48cm・ウエスト66cmは表記とほぼ同じでした。シンプルなトップスで十分。洗濯は念のためネットに入れています。また利用します。,5,2026-05-28 00:20:43 UTC,N.H,cake-lace-long-midi-skir-2@example.invalid,8965869076707,cake-lace-long-midi-skirt,,
好き,生地はしっかりめのデニム、買ってよかった！🥺😍,5,2026-07-26 15:43:34 UTC,ナナ,bootcut-denim-flare-jean-1@example.invalid,8965868978403,bootcut-denim-flare-jeans-pants,,
参考になれば,生地はしっかりめのデニム。162cmでMを着用しています。コンパクトなトップスと相性◎。めっちゃ気に入ってる。,5,2026-08-05 12:00:34 UTC,セナ,bootcut-denim-flare-jean-2@example.invalid,8965868978403,bootcut-denim-flare-jeans-pants,,
詳しめに書きます,花柄の色数が抑えてある。158cmでSを着用しています。タイツで秋冬も。リピ確定。,5,2026-07-06 16:30:58 UTC,ナナ,elegant-floral-mini-skir-1@example.invalid,8965868912867,elegant-floral-mini-skirt,,
参考までに,167cm、普段Lサイズです。この商品もLで、着丈50cm・ウエスト74cmはほぼ表記どおりでした。サイズ表どおりで選んで問題ないと思います。,5,2026-07-23 07:21:50 UTC,ハルカ,elegant-floral-mini-skir-2@example.invalid,8965868912867,elegant-floral-mini-skirt,,
買ってよかった,チェックが派手じゃない！💗,5,2026-06-06 18:50:09 UTC,ミク,checked-shearling-hood-j-1@example.invalid,8965867864291,checked-shearling-hood-jacket,,
良い点と気になる点,"◎ 羽織るだけで決まる
◎ チェックが派手じゃない",5,2026-06-12 03:39:51 UTC,マナ,checked-shearling-hood-j-2@example.invalid,8965867864291,checked-shearling-hood-jacket,,
最高,軽くて着やすい！！🎀🌸🩷,5,2026-04-15 03:46:48 UTC,Karen,ball-fluff-loose-wool-co-1@example.invalid,8965867831523,ball-fluff-loose-wool-coat,,
,161cmでMを着用しています。だぼっとしすぎない。色が落ち着いてて合わせやすい。買ってよかった。,5,2026-03-15 00:23:26 UTC,ミク,ball-fluff-loose-wool-co-2@example.invalid,8965867831523,ball-fluff-loose-wool-coat,,
長くなりましたが,同系統のものを持っていないので、試しに買ってみました。実物を手に取ってみると、作りが丁寧。163cmでLを着用していて、着丈62cm・胸囲114cmは表記とほぼ同じでした。色が落ち着いてて合わせやすい。期待どおりでした。,5,2026-03-16 04:12:12 UTC,N.H,wool-high-neck-puffer-ja-1@example.invalid,8965859672291,wool-high-neck-puffer-jacket,,
コスパ良し,手に取った質感が値段以上でした。コスパは良いと思います。,5,2026-07-10 04:26:47 UTC,あおい,wool-high-neck-puffer-ja-2@example.invalid,8965859672291,wool-high-neck-puffer-jacket,,
リピートです,前に買って良かったのでまた買いました。今回はホワイトにしました。羽織るだけで決まる。リボンが主役。やっぱり間違いないです。,5,2026-05-23 05:49:42 UTC,Yui,bow-button-cropped-jacke-1@example.invalid,8965859573987,bow-button-cropped-jacket,,
コーデしやすい,丈短めのトップスと相性いい。リボンが主役。軽くて着やすい。ホワイトを選びましたが手持ちと合わせやすいです。一枚あると便利だと思います。,5,2026-04-09 01:02:24 UTC,みな,bow-button-cropped-jacke-2@example.invalid,8965859573987,bow-button-cropped-jacket,,
コスパ良し,編み目がきれい。手に取った質感が値段以上でした。コスパは良いと思います。,5,2026-06-21 12:03:47 UTC,スミレ,slatted-shoulder-sweater-1@example.invalid,8965583175907,slatted-shoulder-sweater,,
,インナー足して重ね着も。編み目がきれい。長い期間着られそう。レッドを選びましたが手持ちと合わせやすいです。着回しが効くので買ってよかったです。,5,2026-07-13 13:51:32 UTC,カレン,slatted-shoulder-sweater-2@example.invalid,8965583175907,slatted-shoulder-sweater,,
思ったよりしっかりしてる,"古着っぽさがいい。薄すぎず、ちゃんとした作りでした。14,500円とは思えないです。",5,2026-06-09 18:29:30 UTC,ナギサ,retro-soft-knit-cardigan-1@example.invalid,8965582946531,retro-soft-knit-cardigan-sweater,,
神,古着っぽさがいい、めっちゃ気に入ってる！！✨🩷,5,2026-04-14 21:42:54 UTC,はるか,retro-soft-knit-cardigan-2@example.invalid,8965582946531,retro-soft-knit-cardigan-sweater,,
,チクチクしない。161cmでMを着用しています。インナー足して重ね着も。また買います。,5,2026-06-08 02:45:21 UTC,Yui,casual-trend-knit-sweats-1@example.invalid,8965450563811,casual-trend-knit-sweatshirt,,
買ってよかった,チクチクしない！🥺🌸,5,2026-03-22 09:34:50 UTC,S.Y,casual-trend-knit-sweats-2@example.invalid,8965450563811,casual-trend-knit-sweatshirt,,
,一枚で決まる。満足しています。,5,2026-04-27 17:42:19 UTC,ナナ🥺,high-neck-black-trim-lon-1@example.invalid,8965450465507,high-neck-black-trim-long-sleeve-top,,
,写真で見るより上品でした。顔まわりが明るく見える。スカートと合わせると女っぽくなる。期待どおりでした。,5,2026-03-03 22:42:03 UTC,S.Y,high-neck-black-trim-lon-2@example.invalid,8965450465507,high-neck-black-trim-long-sleeve-top,,
リピートです,前に買って良かったのでまた買いました。今回はブラウンにしました。顔まわりが明るく見える。またリピートすると思います。,5,2026-04-29 08:55:58 UTC,ホノカ,contrasting-multi-tie-lo-1@example.invalid,8965450432739,contrasting-multi-tie-logo-hooded-sweatshirt,,
,縫製も雑なところがなかったです。コスパは良いと思います。,5,2026-08-07 23:07:04 UTC,ちひろ,contrasting-multi-tie-lo-2@example.invalid,8965450432739,contrasting-multi-tie-logo-hooded-sweatshirt,,
コーデしやすい,丈短めのトップスと相性いい。ヴィンテージ感のある色味。軽くて着やすい。一枚あると便利だと思います。,5,2026-05-18 15:24:44 UTC,A.T,vintage-suede-saede-jack-1@example.invalid,8965427429603,vintage-suede-saede-jacket-lace-skirt-set-up,,
,"ヴィンテージ感のある色味。薄すぎず、ちゃんとした作りでした。24,150円とは思えないです。",5,2026-06-19 02:03:20 UTC,あおい,vintage-suede-saede-jack-2@example.invalid,8965427429603,vintage-suede-saede-jacket-lace-skirt-set-up,,
,画面で見るより可愛かったです。丈感がちょうどいい。シンプルなトップスで十分。満足しています。,5,2026-03-07 13:42:00 UTC,non,brown-strappy-grain-flee-1@example.invalid,8965424742627,brown-strappy-grain-fleece-skirt,,
詳しめに書きます,171cmでLを着用しています。スニーカーでも綺麗めでもいける。めっちゃ気に入ってる。,5,2026-05-14 14:47:29 UTC,K,brown-strappy-grain-flee-2@example.invalid,8965424742627,brown-strappy-grain-fleece-skirt,,
買ってよかった,チクチクしない！🫶,5,2026-08-01 19:06:20 UTC,Mina,soft-waxy-premium-design-1@example.invalid,8965423694051,soft-waxy-premium-design-knitwear-top,,
リピートです,二着目です。今回はブラックにしました。一枚で様になる。チクチクしない。やっぱり間違いないです。,5,2026-04-14 13:54:27 UTC,モモ,soft-waxy-premium-design-2@example.invalid,8965423694051,soft-waxy-premium-design-knitwear-top,,
使いやすいです,パンツでもスカートでも。レースが安っぽくない。長い期間着られそう。ホワイトを選びましたが手持ちと合わせやすいです。一枚あると便利だと思います。,5,2026-03-29 15:19:39 UTC,マリン,lace-collar-knitwear-slo-1@example.invalid,8965391417571,lace-collar-knitwear-slouchy-top,,
,"チクチクしない。生地がしっかりしていて安っぽくないです。16,800円とは思えないです。",5,2026-04-23 09:39:27 UTC,ミオ,lace-collar-knitwear-slo-2@example.invalid,8965391417571,lace-collar-knitwear-slouchy-top,,
サイズ迷ってる方へ,163cm、普段Lサイズです。この商品もLで、着丈50cm・ウエスト74cmはほぼ表記どおりでした。迷ったら表記どおりで大丈夫だと思います。トップスだけでも使える。,5,2026-07-21 04:14:14 UTC,ナギサ,preppy-puff-sleeve-strip-1@example.invalid,8965391286499,preppy-puff-sleeve-striped-skirt-set-up,,
,単品でも使える。肩まわりが華奢に見える。買ってよかったです。,5,2026-03-04 17:11:32 UTC,ゆい,preppy-puff-sleeve-strip-2@example.invalid,8965391286499,preppy-puff-sleeve-striped-skirt-set-up,,
最高でした,写真どおりで感動、編み地がしっかりしてる、大満足！🩷💕,5,2026-03-02 22:41:18 UTC,mii,high-neck-wool-sweater-c-1@example.invalid,8965385027811,high-neck-wool-sweater-cardigan,,
可愛い,編み地がしっかりしてる、リピ確定！✨🎀,5,2026-07-12 16:27:55 UTC,あかり,high-neck-wool-sweater-c-2@example.invalid,8965385027811,high-neck-wool-sweater-cardigan,,
,◎ 軽くて着やすい,5,2026-05-19 15:12:54 UTC,すみれ,slouchy-sparkling-hooded-1@example.invalid,8965382176995,slouchy-sparkling-hooded-cardigan,,
好き,羽織るだけで決まる〜！💕🫶,5,2026-05-31 22:49:13 UTC,サキ,slouchy-sparkling-hooded-2@example.invalid,8965382176995,slouchy-sparkling-hooded-cardigan,,
サイズ感の参考に,165cm、普段Mサイズです。この商品もMで、着丈56cm・胸囲85cmはほぼ表記どおりでした。締めつけ感ゼロ。普段のサイズで問題なかったです。ロングスカートと合わせるのが好き。,5,2026-04-17 12:39:08 UTC,ハルカ,loose-striped-midi-knitw-1@example.invalid,8965354684643,loose-striped-midi-knitwear-top,,
出番多そう,旅行用に買いました。長い期間着られそう。編み目がきれい。ロングスカートと合わせるのが好き。期待どおりでした。,5,2026-05-25 08:14:59 UTC,ルナ,loose-striped-midi-knitw-2@example.invalid,8965354684643,loose-striped-midi-knitwear-top,,
旅行に持っていきました,夏フェスで着ました。顔まわりが明るく見える。縦のラインで細く見える。スカートと合わせると女っぽくなる。,5,2026-07-26 09:15:02 UTC,ユイ,loose-striped-polo-jerse-1@example.invalid,8965354553571,loose-striped-polo-jersey-t-shirt,,
,顔まわりが明るく見える。縦のラインで細く見える。締めつけ感ゼロ。また利用します。,5,2026-04-14 23:25:28 UTC,サキ,loose-striped-polo-jerse-2@example.invalid,8965354553571,loose-striped-polo-jersey-t-shirt,,
出番多そう,友達の結婚式の二次会に。肌ざわりがいい。チクチクしない。ロングスカートと合わせるのが好き。,5,2026-03-16 12:05:09 UTC,リオ,leaky-shoulder-destructi-1@example.invalid,8965351833827,leaky-shoulder-destruction-tassel-sweater,,
お気に入り,チクチクしない。157cmでMを着用しています。インナー足して重ね着も。買ってよかった。,5,2026-05-08 11:47:29 UTC,non,leaky-shoulder-destructi-2@example.invalid,8965351833827,leaky-shoulder-destruction-tassel-sweater,,
詳しめに書きます,編み目がきれい。159cmでMを着用しています。ロングスカートと合わせるのが好き。お気に入りになりました。,5,2026-03-22 01:10:43 UTC,ルナ,neck-tie-twist-sweater-k-1@example.invalid,8965351604451,neck-tie-twist-sweater-knit-top,,
,編み目がきれい。手に取った質感が値段以上でした。コスパは良いと思います。,5,2026-07-17 03:47:33 UTC,ホノカ,neck-tie-twist-sweater-k-2@example.invalid,8965351604451,neck-tie-twist-sweater-knit-top,,
まとめると,"◎ 軽くて着やすい
△ 色は画面より少し落ち着いてる",5,2026-07-13 15:12:58 UTC,Mina,cropped-mink-fur-premium-1@example.invalid,8965341511907,cropped-mink-fur-premium-temperament-set-up,,
コスパ良し,"縫製も雑なところがなかったです。11,100円とは思えないです。",5,2026-05-01 19:08:07 UTC,マナ,cropped-mink-fur-premium-2@example.invalid,8965341511907,cropped-mink-fur-premium-temperament-set-up,,
コーデしやすい,インナー足して重ね着も。ニットが柔らかい。一枚で様になる。ベルトを選びましたが手持ちと合わせやすいです。一枚あると便利だと思います。🫧,5,2026-06-25 21:58:56 UTC,Mina,fringed-knit-belted-laye-1@example.invalid,8965341446371,fringed-knit-belted-layer-dress,,
参考までに,171cm、普段Lサイズです。この商品もLで、着丈84cm・ウエスト74cmはほぼ表記どおりでした。サイズ表どおりで選んで問題ないと思います。パンツでもスカートでも。,5,2026-03-05 01:31:28 UTC,ミナ,fringed-knit-belted-laye-2@example.invalid,8965341446371,fringed-knit-belted-layer-dress,,
,リボンの位置が絶妙！！🫶💕🌸,5,2026-04-12 18:23:13 UTC,マリン,premium-bow-lace-skirt-1@example.invalid,8965338071267,premium-bow-lace-skirt,,
期待以上でした,届いてみたら可愛かったです。レース部分がとにかく可愛い。丈感がちょうどいい。おすすめです。,5,2026-03-13 06:42:03 UTC,カレン,premium-bow-lace-skirt-2@example.invalid,8965338071267,premium-bow-lace-skirt,,
,シルエットがきれい。チェックの色合いが落ち着いてる。期待どおりでした。,5,2026-05-13 01:15:00 UTC,ハルカ,fake-two-piece-plaid-ski-1@example.invalid,8965167251683,fake-two-piece-plaid-skirt,,
詳しめに書きます,チェックの色合いが落ち着いてる。154cmでSを着用しています。タイツで秋冬も。リピ確定。,5,2026-03-27 18:59:04 UTC,ここ,fake-two-piece-plaid-ski-2@example.invalid,8965167251683,fake-two-piece-plaid-skirt,,
,色違いでリピしました。今回はブルーにしました。シルエットがきれい。やっぱり間違いないです。,5,2026-05-22 15:19:43 UTC,ここ,temperament-khaki-blue-f-1@example.invalid,8965167186147,temperament-khaki-blue-fashion-skirt,,
買ってよかった,友達の結婚式の二次会に。一枚で雰囲気が出る。スニーカーでも綺麗めでもいける。🩷,5,2026-08-02 02:41:14 UTC,さき,temperament-khaki-blue-f-2@example.invalid,8965167186147,temperament-khaki-blue-fashion-skirt,,
神,チクチクしない、めっちゃ気に入ってる〜！☺️,5,2026-06-01 20:32:19 UTC,サキ,college-style-fur-sleeve-1@example.invalid,8965167153379,college-style-fur-sleeve-sweater,,
詳しく書きます,前から似たようなものを探していて、写真の雰囲気に惹かれて購入しました。実物を手に取ってみると、チクチクしない。171cmでLを着用していて、着丈56cm・胸囲88cmは表記とほぼ同じでした。ロングスカートと合わせるのが好き。洗濯は念のためネットに入れています。長く着られそうです。,5,2026-03-27 17:20:41 UTC,ミオ,college-style-fur-sleeve-2@example.invalid,8965167153379,college-style-fur-sleeve-sweater,,
購入を迷っている方へ,セールになっていたので思いきって買ってみました。届いて袋から出してまず思ったのが、作りが丁寧 ということ。157cmでMを着用していて、着丈56cm・胸囲85cmは表記とほぼ同じでした。ゆるっと着られる。長時間着ていても疲れませんでした。スカートと合わせると女っぽくなる。強いて言えば、色は画面で見るより少し落ち着いて見えます。長く着られそうです。,5,2026-06-01 12:16:24 UTC,チヒロ,fall-winter-loose-casual-1@example.invalid,8965151719651,fall-winter-loose-casual-hoodie-top,,
サイズ表どおりでした,171cm、普段Lサイズです。この商品もLで、着丈56cm・胸囲88cmはほぼ表記どおりでした。ゆるっと着られる。普段のサイズで問題なかったです。,5,2026-08-03 14:39:37 UTC,Sena,fall-winter-loose-casual-2@example.invalid,8965151719651,fall-winter-loose-casual-hoodie-top,,
好き,一枚で決まる、お気に入りになりました！！🩷🥺,5,2026-07-03 05:04:03 UTC,マリン,american-style-polo-swea-1@example.invalid,8965151621347,american-style-polo-sweatshirt,,
コーデしやすい,羽織りとも相性いい。一枚で決まる。一枚あると便利だと思います。,5,2026-05-27 20:05:09 UTC,M.K,american-style-polo-swea-2@example.invalid,8965151621347,american-style-polo-sweatshirt,,
買ってよかった,ニットが柔らかい、大満足。🌸,5,2026-05-17 05:18:22 UTC,アカリ,irregular-striped-vest-s-1@example.invalid,8965148541155,irregular-striped-vest-sweater,,
サイズ迷ってる方へ,155cm、普段Mサイズです。この商品もMで、着丈56cm・胸囲85cmはほぼ表記どおりでした。普段のサイズで問題なかったです。インナー足して重ね着も。,5,2026-05-30 20:32:56 UTC,シオリ,irregular-striped-vest-s-2@example.invalid,8965148541155,irregular-striped-vest-sweater,,
参考になれば,163cmでLを着用しています。スカートと合わせると女っぽくなる。大満足。,5,2026-07-18 04:12:34 UTC,ちひろ,premium-couple-wear-whit-1@example.invalid,8965148508387,premium-couple-wear-white-shirt,,
ひと目惚れ,写真どおりで感動、また買います！🩷🥺💕,5,2026-04-29 04:28:34 UTC,ナギサ,premium-couple-wear-whit-2@example.invalid,8965148508387,premium-couple-wear-white-shirt,,
サイズ表どおりでした,168cm、普段Lサイズです。この商品もLで、着丈50cm・ウエスト74cmはほぼ表記どおりでした。迷ったら表記どおりで大丈夫だと思います。シンプルなトップスで十分。,5,2026-06-15 16:11:43 UTC,A.T,gray-sequin-fashion-shor-1@example.invalid,8965144543459,gray-sequin-fashion-short-skirt,,
詳しく書きます,同系統のものを持っていないので、試しに買ってみました。実物を手に取ってみると、作りが丁寧。149cmでSを着用していて、着丈48cm・ウエスト66cmは表記とほぼ同じでした。タイツで秋冬も。また利用します。,5,2026-03-11 12:46:00 UTC,N.H,gray-sequin-fashion-shor-2@example.invalid,8965144543459,gray-sequin-fashion-short-skirt,,
着回しやすい,羽織りとも相性いい。刺繍のおかげで高見えする。顔まわりが明るく見える。グレーを選びましたが手持ちと合わせやすいです。一枚あると便利だと思います。,5,2026-06-30 17:26:32 UTC,ルナ,premium-embroidered-flee-1@example.invalid,8965144707299,premium-embroidered-fleece-casual-top,,
旅行に持っていきました,夏フェスで着ました。顔まわりが明るく見える。刺繍のおかげで高見えする。デニムに合わせてます。おすすめです。,5,2026-04-23 13:34:21 UTC,non,premium-embroidered-flee-2@example.invalid,8965144707299,premium-embroidered-fleece-casual-top,,
,丈感がちょうどいい。動くたびにきれい。満足しています。,5,2026-05-28 21:52:56 UTC,Rio,autumn-temperament-pleat-1@example.invalid,8965143855331,autumn-temperament-pleated-skirt,,
参考になれば,動くたびにきれい。170cmでLを着用しています。タイツで秋冬も。お気に入りになりました。,5,2026-06-20 19:50:49 UTC,ホノカ,autumn-temperament-pleat-2@example.invalid,8965143855331,autumn-temperament-pleated-skirt,,
イメージどおり,画面で見るより可愛かったです。ニットが柔らかい。肌ざわりがいい。期待どおりでした。,5,2026-03-30 02:27:39 UTC,ソラ,slouchy-premium-knit-swe-1@example.invalid,8965142413539,slouchy-premium-knit-sweater,,
買ってよかった,ニットが柔らかい、リピ確定！🌸🩷,5,2026-03-06 03:39:23 UTC,マリン,slouchy-premium-knit-swe-2@example.invalid,8965142413539,slouchy-premium-knit-sweater,,
,一枚で雰囲気が出る。デニムが硬すぎない。また利用します。,5,2026-04-19 18:11:02 UTC,コハル,denim-ribbon-skirt-1@example.invalid,8962595487971,denim-ribbon-skirt,,
,友達の結婚式の二次会に。丈感がちょうどいい。デニムが硬すぎない。タイツで秋冬も。,5,2026-04-06 04:17:41 UTC,りん,denim-ribbon-skirt-2@example.invalid,8962595487971,denim-ribbon-skirt,,
イメージどおり,写真で見るよりきれいめに見えました。ニットが柔らかい。長い期間着られそう。ロングスカートと合わせるのが好き。期待どおりでした。,5,2026-07-10 02:10:34 UTC,Aoi,fake-two-piece-knit-swea-1@example.invalid,8962802614499,fake-two-piece-knit-sweater,,
神,ニットが柔らかい、また買います〜！✨🥺,5,2026-05-21 00:40:38 UTC,リオ,fake-two-piece-knit-swea-2@example.invalid,8962802614499,fake-two-piece-knit-sweater,,
最高でした,届いた瞬間テンション上がりました、編み目がきれい、大満足！✨😍💗,5,2026-05-07 01:53:06 UTC,さき,rose-wool-knit-sweater-1@example.invalid,8962802483427,rose-wool-knit-sweater,,
,編み目がきれい。152cmでSを着用しています。パンツでもスカートでも。お気に入りになりました。,5,2026-06-15 17:48:55 UTC,マナ,rose-wool-knit-sweater-2@example.invalid,8962802483427,rose-wool-knit-sweater,,
参考までに,159cm、普段Mサイズです。この商品もMで、着丈49cm・ウエスト70cmはほぼ表記どおりでした。サイズ表どおりで選んで問題ないと思います。タイツで秋冬も。,5,2026-06-09 19:18:39 UTC,サキ,embellished-autumn-skirt-1@example.invalid,8962799960291,embellished-autumn-skirt,,
イメージどおり,届いてみたら落ち着いた色味でした。一枚で雰囲気が出る。タイツで秋冬も。期待どおりでした。,5,2026-03-01 00:38:34 UTC,ホノカ,embellished-autumn-skirt-2@example.invalid,8962799960291,embellished-autumn-skirt,,
生地がいい,"ヴィンテージ感のある色味。手に取った質感が値段以上でした。15,170円とは思えないです。",5,2026-03-06 03:50:42 UTC,non,vintage-irregular-denim--1@example.invalid,8962799796451,vintage-irregular-denim-skirt,,
,"◎ 丈感がちょうどいい
◎ ヴィンテージ感のある色味",5,2026-04-05 23:03:07 UTC,ナナ,vintage-irregular-denim--2@example.invalid,8962799796451,vintage-irregular-denim-skirt,,
好き,古着っぽさがいい。💕☺️,5,2026-06-21 23:21:30 UTC,mii,american-retro-wide-leg--1@example.invalid,8962798518499,american-retro-wide-leg-pants,,
コスパ良し,古着っぽさがいい。薄すぎず、ちゃんとした作りでした。この値段でこの質感なら十分満足です。,5,2026-06-25 16:12:52 UTC,エマ,american-retro-wide-leg--2@example.invalid,8962798518499,american-retro-wide-leg-pants,,
最高でした,届いた瞬間テンション上がりました、また買います！💕☺️,5,2026-06-23 11:01:11 UTC,カレン,casual-long-sleeve-top-1@example.invalid,8962783576291,casual-long-sleeve-top,,
まとめると,"◎ 合わせやすい
△ 少し透けるのでインナー必須",5,2026-03-03 03:30:03 UTC,マナ,casual-long-sleeve-top-2@example.invalid,8962783576291,casual-long-sleeve-top,,
使いやすいです,スカートと合わせると女っぽくなる。顔まわりが明るく見える。グレーを選びましたが手持ちと合わせやすいです。着回しが効くので買ってよかったです。,5,2026-05-16 04:22:37 UTC,ナナ,cute-bunny-hooded-sweats-1@example.invalid,8962763227363,cute-bunny-hooded-sweatshirt,,
サイズ表どおりでした,158cm、普段Sサイズです。この商品もSで、着丈54cm・胸囲80cmはほぼ表記どおりでした。サイズ表どおりで選んで問題ないと思います。,5,2026-04-05 00:50:45 UTC,Yui,cute-bunny-hooded-sweats-2@example.invalid,8962763227363,cute-bunny-hooded-sweatshirt,,
お気に入り,ニットが柔らかい。159cmでMを着用しています。ゆるっと着られる。インナー足して重ね着も。お気に入りになりました。,5,2026-06-19 00:29:55 UTC,マリン,loose-preppy-knit-vest-1@example.invalid,8962745106659,loose-preppy-knit-vest,,
可愛い,ニットが柔らかい、大満足！🫶😍,5,2026-05-25 19:29:04 UTC,ナギサ,loose-preppy-knit-vest-2@example.invalid,8962745106659,loose-preppy-knit-vest,,
参考になれば,164cmでMを着用しています。スニーカーでラフに。お気に入りになりました。,5,2026-06-13 19:27:35 UTC,ユイ,button-wash-straight-leg-1@example.invalid,8962729410787,button-wash-straight-leg-pants,,
色違い購入,色違いでリピしました。今回はブルーにしました。動きやすい。何回買っても満足してます。,5,2026-05-27 23:49:41 UTC,もも,button-wash-straight-leg-2@example.invalid,8962729410787,button-wash-straight-leg-pants,,
,思っていたよりしっかりしてました。ニットが柔らかい。長い期間着られそう。パンツでもスカートでも。買ってよかったです。,5,2026-07-04 19:53:09 UTC,Mina,long-sleeve-loose-knit-t-1@example.invalid,8962713977059,long-sleeve-loose-knit-tops,,
,肌ざわりがいい。ニットが柔らかい。締めつけ感ゼロ。長く着られそうです。,5,2026-06-25 08:13:38 UTC,シオリ,long-sleeve-loose-knit-t-2@example.invalid,8962713977059,long-sleeve-loose-knit-tops,,
サイズ表どおりでした,164cm、普段Lサイズです。この商品もLで、着丈105cm・ウエスト76cmはほぼ表記どおりでした。普段のサイズで問題なかったです。,5,2026-04-05 08:18:06 UTC,すみれ,deconstructs-patchwork-d-1@example.invalid,8962700607715,deconstructs-patchwork-dirty-jeans-pants,,
,セールになっていたので思いきって買ってみました。写真では分かりませんでしたが、デニムが硬すぎない。163cmでLを着用していて、着丈105cm・ウエスト76cmは表記とほぼ同じでした。ヒールで綺麗めに。満足しています。,5,2026-04-19 18:56:33 UTC,カレン,deconstructs-patchwork-d-2@example.invalid,8962700607715,deconstructs-patchwork-dirty-jeans-pants,,
最高でした,写真どおりで感動、色違いも欲しい！🎀🫶☺️,5,2026-04-24 19:51:40 UTC,スミレ,maillard-roll-neck-plush-1@example.invalid,8962682945763,maillard-roll-neck-plush-jacket,,
,思っていたよりきれいめに見えました。中に着込める。丈短めのトップスと相性いい。買ってよかったです。,5,2026-07-10 02:44:00 UTC,アカリ,maillard-roll-neck-plush-2@example.invalid,8962682945763,maillard-roll-neck-plush-jacket,,
コスパ良し,"縫製も雑なところがなかったです。14,600円とは思えないです。",5,2026-05-06 18:57:53 UTC,ハルカ,distressed-spray-painted-1@example.invalid,8962654896355,distressed-spray-painted-zipper-short-jacket,,
着回しやすい,色が落ち着いてて合わせやすい。中に着込める。一枚あると便利だと思います。,5,2026-07-15 12:36:54 UTC,ヒナ,distressed-spray-painted-2@example.invalid,8962654896355,distressed-spray-painted-zipper-short-jacket,,
サイズ感の参考に,163cm、普段Mサイズです。この商品もMで、着丈82cm・ウエスト70cmはほぼ表記どおりでした。サイズ表どおりで選んで問題ないと思います。,5,2026-04-23 06:29:39 UTC,ルナ,vintage-denim-short-slip-1@example.invalid,8962636546275,vintage-denim-short-slip-dress,,
買ってよかった,夏フェスで着ました。一枚で完成する。デニムが硬すぎない。そのままで様になる。🩷,5,2026-03-19 19:56:10 UTC,ノア,vintage-denim-short-slip-2@example.invalid,8962636546275,vintage-denim-short-slip-dress,,
参考までに,158cm、普段Mサイズです。この商品もMで、着丈82cm・ウエスト70cmはほぼ表記どおりでした。サイズ表どおりで選んで問題ないと思います。羽織りを足せば長く着られる。,5,2026-07-08 03:30:16 UTC,マリン,off-shoulder-onepiece-1@example.invalid,8962566062307,off-shoulder-onepiece,,
参考になれば,デコルテがきれいに見える。155cmでMを着用しています。そのままで様になる。大満足。,5,2026-04-21 00:56:05 UTC,モモ,off-shoulder-onepiece-2@example.invalid,8962566062307,off-shoulder-onepiece,,
,丈短めのトップスと相性いい。ドットの大きさがちょうどいい。羽織るだけで決まる。一枚あると便利だと思います。👗,5,2026-06-18 07:47:33 UTC,ハルカ,dot-cardigan-1@example.invalid,8962558263523,dot-cardigan,,
詳しめに書きます,ドットの大きさがちょうどいい。155cmでSを着用しています。丈短めのトップスと相性いい。大満足。,5,2026-05-22 01:02:29 UTC,ゆきの,dot-cardigan-2@example.invalid,8962558263523,dot-cardigan,,
最高でした,届いた瞬間テンション上がりました、レースが上品、大満足！🎀🥺🩷,5,2026-04-30 15:52:47 UTC,ユイ,ブリティッシュナシラブレターフレンチレース半袖シ-1@example.invalid,8962539716835,ブリティッシュナシラブレターフレンチレース半袖シャツレディース夏vネック痩身薄型通勤日焼け止めトップ,,
,レースが上品。生地がしっかりしていて安っぽくないです。この値段でこの質感なら十分満足です。,5,2026-04-14 16:12:48 UTC,シオリ,ブリティッシュナシラブレターフレンチレース半袖シ-2@example.invalid,8962539716835,ブリティッシュナシラブレターフレンチレース半袖シャツレディース夏vネック痩身薄型通勤日焼け止めトップ,,
,一枚で様になる。ニットが柔らかい。おすすめです。,5,2026-07-10 21:23:40 UTC,Karen,korean-one-shoulder-crop-1@example.invalid,8961853194467,korean-one-shoulder-cropped-knit-top,,
まとめると,"◎ 長い期間着られそう
◎ ニットが柔らかい",5,2026-05-19 02:07:49 UTC,Yui,korean-one-shoulder-crop-2@example.invalid,8961853194467,korean-one-shoulder-cropped-knit-top,,
コーデしやすい,そのままで様になる。シーンを選ばない。ダークブラウンを選びましたが手持ちと合わせやすいです。着回しが効くので買ってよかったです。,5,2026-07-04 00:25:31 UTC,モモ,velvet-wrap-hip-slip-dre-1@example.invalid,8961840873699,velvet-wrap-hip-slip-dress-set-up,,
,普段使いに。一枚で完成する。そのままで様になる。🌸🩷,5,2026-07-08 01:48:35 UTC,ちひろ,velvet-wrap-hip-slip-dre-2@example.invalid,8961840873699,velvet-wrap-hip-slip-dress-set-up,,
可愛い,生地はしっかりめのデニム、買ってよかった！！🌸💗,5,2026-04-21 01:08:30 UTC,はるか,santa-monica-wide-jeans-1@example.invalid,8961731625187,santa-monica-wide-jeans,,
,前に買って良かったのでまた買いました。今回はブラックにしました。動きやすい。生地はしっかりめのデニム。またリピートすると思います。😊,5,2026-05-23 21:22:41 UTC,Rio,santa-monica-wide-jeans-2@example.invalid,8961731625187,santa-monica-wide-jeans,,
可愛い,合わせやすい、また買います！🎀🥺🌸,5,2026-03-09 15:59:22 UTC,りん,chic-summer-tee-1@example.invalid,8961729495267,chic-summer-tee,,
着回しやすい,羽織りとも相性いい。一枚で決まる。ブルーを選びましたが手持ちと合わせやすいです。出番が多くなりそうです。,5,2026-07-30 11:16:26 UTC,ミオ,chic-summer-tee-2@example.invalid,8961729495267,chic-summer-tee,,
着回しやすい,スカートと合わせると女っぽくなる。顔まわりが明るく見える。着回しが効くので買ってよかったです。🙆‍♀️,5,2026-05-10 14:00:05 UTC,スミレ,whisper-pink-tops-1@example.invalid,8961091567843,whisper-pink-tops,,
サイズ迷ってる方へ,160cm、普段Mサイズです。Mでちょうどよかったです。迷ったら表記どおりで大丈夫だと思います。デニムに合わせてます。,5,2026-03-17 08:51:44 UTC,あかり,whisper-pink-tops-2@example.invalid,8961091567843,whisper-pink-tops,,
,着回しが効く〜！🌸,5,2026-06-22 12:21:47 UTC,M.K,autumn-waist-slimming-lo-1@example.invalid,8961090683107,autumn-waist-slimming-long-sleeved-tops,,
思ったよりしっかりしてる,生地がしっかりしていて安っぽくないです。この値段でこの質感なら十分満足です。,5,2026-06-23 14:46:48 UTC,ゆきの,autumn-waist-slimming-lo-2@example.invalid,8961090683107,autumn-waist-slimming-long-sleeved-tops,,
参考までに,163cm、普段Mサイズです。この商品もMで、着丈38cm・ウエスト79cmはほぼ表記どおりでした。普段のサイズで問題なかったです。,5,2026-07-28 12:10:34 UTC,サキ,london-one-shoulder-shir-1@example.invalid,8961062076643,london-one-shoulder-shirt,,
,縫製も雑なところがなかったです。コスパは良いと思います。,5,2026-05-15 14:46:49 UTC,ルナ,london-one-shoulder-shir-2@example.invalid,8961062076643,london-one-shoulder-shirt,,
,着回しが効く。満足しています。,5,2026-07-03 21:22:07 UTC,すみれ,autumn-navy-top-1@example.invalid,8961032847587,autumn-navy-top,,
,画面で見るより上品でした。合わせやすい。デニムに合わせてます。満足しています。,5,2026-03-03 19:46:43 UTC,なな,autumn-navy-top-2@example.invalid,8961032847587,autumn-navy-top,,
リピートです,前に買って良かったのでまた買いました。今回はグレーにしました。丈感がちょうどいい。広がりすぎない。何回買っても満足してます。,5,2026-06-21 00:30:33 UTC,ミク,buff-gray-a-line-pleated-1@example.invalid,8960956236003,buff-gray-a-line-pleated-skirt,,
,思っていたよりきれいめに見えました。プリーツがしっかりついてる。シルエットがきれい。おすすめです。,5,2026-05-22 11:01:42 UTC,ゆきの,buff-gray-a-line-pleated-2@example.invalid,8960956236003,buff-gray-a-line-pleated-skirt,,
写真より良い,届いてみたら上品でした。レース部分がとにかく可愛い。単品でも使える。トップスだけでも使える。長く着られそうです。,5,2026-07-30 22:07:11 UTC,さき,one-shoulder-lace-top-an-1@example.invalid,8960893190371,one-shoulder-lace-top-and-skirt-set-up,,
サイズ表どおりでした,156cm、普段Sサイズです。この商品もSで、着丈48cm・ウエスト66cmはほぼ表記どおりでした。迷ったら表記どおりで大丈夫だと思います。セットで着ると一気にまとまる。,5,2026-07-01 15:17:14 UTC,Nana,one-shoulder-lace-top-an-2@example.invalid,8960893190371,one-shoulder-lace-top-and-skirt-set-up,,
可愛すぎる,届いた瞬間テンション上がりました、肩の出方がちょうどいい、リピ確定！💕🥺☺️,5,2026-07-20 19:26:14 UTC,N.H,sultry-off-shoulder-lace-1@example.invalid,8960891912419,sultry-off-shoulder-lace-top,,
良い点と気になる点,"◎ レースが安っぽくない
◎ 顔まわりが明るく見える",5,2026-03-23 04:40:03 UTC,カレン,sultry-off-shoulder-lace-2@example.invalid,8960891912419,sultry-off-shoulder-lace-top,,
思ったよりしっかりしてる,"レース部分がとにかく可愛い。手に取った質感が値段以上でした。7,960円とは思えないです。",5,2026-04-08 15:47:54 UTC,セナ,slightly-transparent-lac-1@example.invalid,8960617480419,slightly-transparent-lace-t-shirt,,
色違い購入,前に買って良かったのでまた買いました。今回はブラックにしました。合わせやすい。レース部分がとにかく可愛い。またリピートすると思います。,5,2026-06-20 08:10:04 UTC,Rio,slightly-transparent-lac-2@example.invalid,8960617480419,slightly-transparent-lace-t-shirt,,
色違い購入,ここで買うの三回目です。今回はホワイトにしました。一枚で様になる。レースが安っぽくない。やっぱり間違いないです。,5,2026-05-01 16:15:08 UTC,セナ,the-design-is-sweet-age--1@example.invalid,8960619839715,the-design-is-sweet-age-reducing-one-shoulder-korean-lace-flower-base-shirt-long-sleeved-thin-off-the-shoulder-top-womens-spring-and-autumn,,
,インナー足して重ね着も。レースが安っぽくない。一枚で様になる。着回しが効くので買ってよかったです。,5,2026-06-10 10:23:42 UTC,ゆきの,the-design-is-sweet-age--2@example.invalid,8960619839715,the-design-is-sweet-age-reducing-one-shoulder-korean-lace-flower-base-shirt-long-sleeved-thin-off-the-shoulder-top-womens-spring-and-autumn,,
買ってよかった,海行くとき用。一枚で様になる。肩が出るぶん華奢に見える。ロングスカートと合わせるのが好き。🩷,5,2026-05-25 17:50:59 UTC,アヤ💕,vintage-halter-knit-swea-1@example.invalid,8960595067107,vintage-halter-knit-sweater,,
,"ニットが柔らかい。薄すぎず、ちゃんとした作りでした。11,000円とは思えないです。",5,2026-03-01 05:08:23 UTC,ユナ🎀,vintage-halter-knit-swea-2@example.invalid,8960595067107,vintage-halter-knit-sweater,,
買ってよかった,海行くとき用。一枚で決まる。レースが安っぽくない。羽織りとも相性いい。,5,2026-04-03 04:41:48 UTC,アヤ,red-lace-one-shoulder-to-1@example.invalid,8960593756387,red-lace-one-shoulder-top,,
ひと目惚れ,可愛すぎる、レースが安っぽくない、大満足！🩷🌸,5,2026-06-05 15:56:52 UTC,ミナ,red-lace-one-shoulder-to-2@example.invalid,8960593756387,red-lace-one-shoulder-top,,
詳しく書きます,レビューが少なくて少し迷ったのですが、思いきって注文しました。実物を手に取ってみると、チェックが派手じゃない。151cmでSを着用していて、着丈48cm・ウエスト66cmは表記とほぼ同じでした。丈短めのトップスと相性いい。気になった点は、届いたときの折りジワが少し取れにくかったことくらいです。長く着られそうです。,5,2026-06-07 18:52:35 UTC,ナギサ,high-end-woolen-jacket-c-1@example.invalid,8960531759331,high-end-woolen-jacket-checkered-skirt-set-up,,
旅行に持っていきました,旅行用に買いました。軽くて着やすい。チェックが派手じゃない。色が落ち着いてて合わせやすい。期待どおりでした。,5,2026-07-11 06:58:43 UTC,Luna,high-end-woolen-jacket-c-2@example.invalid,8960531759331,high-end-woolen-jacket-checkered-skirt-set-up,,
コスパ良し,生地がしっかりしていて安っぽくないです。この値段でこの質感なら十分満足です。,5,2026-06-28 01:36:25 UTC,アカリ,small-fragrance-pink-ski-1@example.invalid,8960485327075,small-fragrance-pink-skirt-set-up,,
最高でした,可愛すぎる、買ってよかった！☺️🌸💕,5,2026-03-19 04:58:26 UTC,リオ,small-fragrance-pink-ski-2@example.invalid,8960485327075,small-fragrance-pink-skirt-set-up,,
詳しく書きます,同系統のものを持っていないので、試しに買ってみました。写真では分かりませんでしたが、レースの透け感が絶妙。162cmでLを着用していて、着丈50cm・ウエスト74cmは表記とほぼ同じでした。スニーカーでも綺麗めでもいける。期待どおりでした。,5,2026-04-21 19:45:18 UTC,もも,french-rose-lace-mini-sk-1@example.invalid,8960394068195,french-rose-lace-mini-skirt,,
コスパ良し,花柄が上品。薄すぎず、ちゃんとした作りでした。この値段でこの質感なら十分満足です。,5,2026-06-12 05:37:16 UTC,K,french-rose-lace-mini-sk-2@example.invalid,8960394068195,french-rose-lace-mini-skirt,,
期待以上でした,写真で見るよりきれいめに見えました。チェックの色合いが落ち着いてる。動きやすい。長く着られそうです。,5,2026-04-13 16:30:04 UTC,Haruka,double-waisted-plaid-str-1@example.invalid,8960290488547,double-waisted-plaid-straight-pants-1,,
出番多そう,友達の結婚式の二次会に。動きやすい。チェックの色合いが落ち着いてる。ヒールで綺麗めに。,5,2026-04-27 18:38:43 UTC,エマ,double-waisted-plaid-str-2@example.invalid,8960290488547,double-waisted-plaid-straight-pants-1,,
ひと目惚れ,ひと目惚れして買いました、また買います！💕😍☺️,5,2026-06-17 03:48:18 UTC,アヤ,functional-irregular-hem-1@example.invalid,8960222920931,functional-irregular-hem-black-skirt,,
,一枚で雰囲気が出る、また買います！😍✨🫶,5,2026-05-20 00:58:16 UTC,アカリ🩷,functional-irregular-hem-2@example.invalid,8960222920931,functional-irregular-hem-black-skirt,,
,前から似たようなものを探していて、写真の雰囲気に惹かれて購入しました。写真では分かりませんでしたが、作りが丁寧。156cmでMを着用していて、ウエスト77cm・胸囲89cmは表記とほぼ同じでした。ゆとりがあって楽。長時間着ていても疲れませんでした。ヒールで綺麗めに。洗濯は念のためネットに入れています。長く着られそうです。,5,2026-06-28 06:18:28 UTC,K,lazy-girl-shorts-1@example.invalid,8960219185379,lazy-girl-shorts,,
可愛い,腰まわりが楽、また買います。🩷🌸,5,2026-08-03 03:58:37 UTC,Mina,lazy-girl-shorts-2@example.invalid,8960219185379,lazy-girl-shorts,,
期待以上でした,思っていたよりきれいめに見えました。透けすぎない。顔まわりが明るく見える。スカートと合わせると女っぽくなる。期待どおりでした。,5,2026-06-27 22:16:12 UTC,S.Y,luxury-slim-plaid-mesh-t-1@example.invalid,8960188023011,luxury-slim-plaid-mesh-tee,,
,一枚で決まる。柄の出方がきれい。すっきり見える。長く着られそうです。,5,2026-04-17 06:54:49 UTC,ユナ,luxury-slim-plaid-mesh-t-2@example.invalid,8960188023011,luxury-slim-plaid-mesh-tee,,
コーデしやすい,スカートと合わせると女っぽくなる。ストライプの幅がちょうどいい。合わせやすい。ホワイトを選びましたが手持ちと合わせやすいです。着回しが効くので買ってよかったです。,5,2026-04-05 05:33:36 UTC,シオリ,big-v-striped-white-long-1@example.invalid,8960055247075,big-v-striped-white-long-sleeve-top,,
生地がいい,ストライプの幅がちょうどいい。手に取った質感が値段以上でした。この値段でこの質感なら十分満足です。,5,2026-05-05 00:06:59 UTC,リコ,big-v-striped-white-long-2@example.invalid,8960055247075,big-v-striped-white-long-sleeve-top,,
使いやすいです,中がシンプルでも決まる。ニットが柔らかい。羽織るだけで決まる。ベージュを選びましたが手持ちと合わせやすいです。出番が多くなりそうです。,5,2026-03-23 22:16:01 UTC,ナナ,striped-knit-multi-butto-1@example.invalid,8960055705827,striped-knit-multi-button-cardigan,,
思ったよりしっかりしてる,ストライプの幅がちょうどいい。生地がしっかりしていて安っぽくないです。この値段でこの質感なら十分満足です。,5,2026-06-01 18:54:12 UTC,M.K,striped-knit-multi-butto-2@example.invalid,8960055705827,striped-knit-multi-button-cardigan,,
,ニットが柔らかい。手に取った質感が値段以上でした。コスパは良いと思います。,5,2026-07-15 21:03:16 UTC,Haruka,lazy-gray-wool-sweater-1@example.invalid,8960054034659,lazy-gray-wool-sweater,,
,色違いでリピしました。今回はグレーにしました。長い期間着られそう。ニットが柔らかい。やっぱり間違いないです。👍,5,2026-03-11 20:35:55 UTC,Y.S,lazy-gray-wool-sweater-2@example.invalid,8960054034659,lazy-gray-wool-sweater,,
詳しく書きます,レビューが少なくて少し迷ったのですが、思いきって注文しました。写真では分かりませんでしたが、作りが丁寧。148cmでSを着用していて、着丈58cm・胸囲74cmは表記とほぼ同じでした。デニムに合わせてます。期待どおりでした。,5,2026-08-04 22:16:12 UTC,まな,patchwork-v-neck-long-sl-1@example.invalid,8960032440547,patchwork-v-neck-long-sleeved-t-shirt,,
,二着目です。今回はレッドにしました。顔まわりが明るく見える。何回買っても満足してます。🫧,5,2026-04-03 16:03:20 UTC,アカリ,patchwork-v-neck-long-sl-2@example.invalid,8960032440547,patchwork-v-neck-long-sleeved-t-shirt,,
最高でした,写真どおりで感動、動くたびにきれい、めっちゃ気に入ってる！🩷🌸,5,2026-06-07 11:34:03 UTC,さき,slanted-pleated-french-w-1@example.invalid,8960032014563,slanted-pleated-french-waist-long-sleeve-midi-dress,,
詳しめに書きます,動くたびにきれい。158cmでSを着用しています。小物で印象が変わる。めっちゃ気に入ってる。,5,2026-07-04 04:07:03 UTC,ちひろ,slanted-pleated-french-w-2@example.invalid,8960032014563,slanted-pleated-french-waist-long-sleeve-midi-dress,,
,届いてみたら落ち着いた色味でした。ドットの大きさがちょうどいい。一枚で決まる。デニムに合わせてます。満足しています。,5,2026-04-30 05:07:50 UTC,すみれ,unique-polka-dot-hooded--1@example.invalid,8960030048483,unique-polka-dot-hooded-long-sleeve-t-shirt,,
最高でした,ひと目惚れして買いました、ドットの大きさがちょうどいい、また買います！✨💗😍,5,2026-04-14 16:18:58 UTC,ミク,unique-polka-dot-hooded--2@example.invalid,8960030048483,unique-polka-dot-hooded-long-sleeve-t-shirt,,
可愛すぎる,ひと目惚れして買いました、リピ確定！😍☺️,5,2026-07-12 06:49:32 UTC,Rio,autumn-blue-patchwork-dr-1@example.invalid,8959738020067,autumn-blue-patchwork-dress,,
可愛い,スタイルよく見える、買ってよかった〜！🥺💗🩷,5,2026-03-02 23:06:08 UTC,ホノカ,autumn-blue-patchwork-dr-2@example.invalid,8959738020067,autumn-blue-patchwork-dress,,
コスパ良し,チェックの色合いが落ち着いてる。薄すぎず、ちゃんとした作りでした。コスパは良いと思います。,5,2026-04-07 15:17:22 UTC,ひなの,plaid-short-sleeve-shirt-1@example.invalid,8959722881251,plaid-short-sleeve-shirt,,
サイズ感の参考に,153cm、普段Sサイズです。この商品もSで、ウエスト90cm・胸囲86cmはほぼ表記どおりでした。サイズ表どおりで選んで問題ないと思います。デニムに合わせてます。,5,2026-06-28 02:22:28 UTC,ゆきの,plaid-short-sleeve-shirt-2@example.invalid,8959722881251,plaid-short-sleeve-shirt,,
,肌ざわりがいい。チクチクしない。期待どおりでした。,5,2026-07-18 13:31:01 UTC,M.K,summer-lace-knit-camisol-1@example.invalid,8959673630947,summer-lace-knit-camisole,,
,ロングスカートと合わせるのが好き。透け感は控えめ。長い期間着られそう。ピンクを選びましたが手持ちと合わせやすいです。出番が多くなりそうです。,5,2026-03-08 06:37:04 UTC,ミク,summer-lace-knit-camisol-2@example.invalid,8959673630947,summer-lace-knit-camisole,,
詳しめに書きます,レトロな雰囲気が好み。152cmでSを着用しています。きれいに沿う。デニムに合わせてます。色違いも欲しい。,5,2026-06-29 20:02:44 UTC,あおい,slim-retro-tee-1@example.invalid,8959661605091,slim-retro-tee,,
購入を迷っている方へ,同系統のものを持っていないので、試しに買ってみました。実物を手に取ってみると、レトロな雰囲気が好み。161cmでMを着用していて、ウエスト66cm・胸囲70cmは表記とほぼ同じでした。きれいに沿う。長時間着ていても疲れませんでした。スカートと合わせると女っぽくなる。気になった点は、届いたときの折りジワが少し取れにくかったことくらいです。買ってよかったです。,5,2026-04-18 07:21:47 UTC,ノア,slim-retro-tee-2@example.invalid,8959661605091,slim-retro-tee,,
,顔まわりが明るく見える。また利用します。,5,2026-06-19 09:22:11 UTC,カレン,bold-summer-tee-1@example.invalid,8959646695651,bold-summer-tee,,
,"◎ 合わせやすい
△ 少し透けるのでインナー必須",5,2026-06-02 14:44:58 UTC,Karen,bold-summer-tee-2@example.invalid,8959646695651,bold-summer-tee,,
参考までに,155cm、普段Sサイズです。この商品もSで、胸囲108cm・肩幅39cmはほぼ表記どおりでした。迷ったら表記どおりで大丈夫だと思います。,5,2026-06-12 20:39:31 UTC,ホノカ,stripe-lace-shirt-1@example.invalid,8959632670947,stripe-lace-shirt,,
,レースが安っぽくない。150cmでSを着用しています。羽織りとも相性いい。大満足。,5,2026-05-30 06:00:33 UTC,Luna,stripe-lace-shirt-2@example.invalid,8959632670947,stripe-lace-shirt,,
色違い購入,ここで買うの三回目です。今回はピンクにしました。重ね着の幅が広がる。レトロな雰囲気が好み。またリピートすると思います。,5,2026-06-08 01:13:54 UTC,まな,retro-chic-bow-tank-top-1@example.invalid,8951755997411,retro-chic-bow-tank-top,,
出番多そう,ライブ用に買いました。重ね着の幅が広がる。レトロな雰囲気が好み。カーデと重ねても可愛い。🩷😍,5,2026-04-04 13:43:32 UTC,アヤ,retro-chic-bow-tank-top-2@example.invalid,8951755997411,retro-chic-bow-tank-top,,
サイズ迷ってる方へ,158cm、普段Mサイズです。この商品もMで、着丈53cm・胸囲86cmはほぼ表記どおりでした。迷ったら表記どおりで大丈夫だと思います。,5,2026-06-08 02:47:03 UTC,まな,summer-plaid-t-shirt-1@example.invalid,8951755112675,summer-plaid-t-shirt,,
,着回しが効く。チェックが派手じゃない。買ってよかったです。,5,2026-07-16 09:04:48 UTC,Luna,summer-plaid-t-shirt-2@example.invalid,8951755112675,summer-plaid-t-shirt,,
神,ドット柄が可愛い、買ってよかった！！💕,5,2026-08-07 07:46:27 UTC,ヒナ,retro-polka-dot-tee-1@example.invalid,8951754293475,retro-polka-dot-tee,,
,夏フェスで着ました。顔まわりが明るく見える。ドット柄が可愛い。スカートと合わせると女っぽくなる。🥺😍,5,2026-08-06 19:38:16 UTC,カナ,retro-polka-dot-tee-2@example.invalid,8951754293475,retro-polka-dot-tee,,
可愛すぎる,写真どおりで感動、柄の出方がきれい、めっちゃ気に入ってる！🫶🌸,5,2026-04-06 17:14:40 UTC,リオ,blue-plaid-v-neck-tee-1@example.invalid,8951753801955,blue-plaid-v-neck-tee,,
イメージどおり,届いてみたらきれいめに見えました。柄の出方がきれい。合わせやすい。おすすめです。,5,2026-03-17 17:10:18 UTC,ミナ,blue-plaid-v-neck-tee-2@example.invalid,8951753801955,blue-plaid-v-neck-tee,,
好き,着回しが効く、色違いも欲しい！！🥺,5,2026-08-05 00:55:56 UTC,もも,summer-doll-collar-shirt-1@example.invalid,8951753212131,summer-doll-collar-shirt,,
参考になれば,158cmでMを着用しています。デニムに合わせてます。お気に入りになりました。,5,2026-05-27 09:01:42 UTC,セナ,summer-doll-collar-shirt-2@example.invalid,8951753212131,summer-doll-collar-shirt,,
詳しく書きます,レビューが少なくて少し迷ったのですが、思いきって注文しました。届いて袋から出してまず思ったのが、レース部分がとにかく可愛い ということ。156cmでSを着用していて、胸囲70cm・肩幅44cmは表記とほぼ同じでした。すっきり見える。長時間着ていても疲れませんでした。スカートと合わせると女っぽくなる。洗濯は念のためネットに入れています。また利用します。,5,2026-07-05 21:48:07 UTC,ちひろ,vintage-lace-slim-fit-te-1@example.invalid,8951752458467,vintage-lace-slim-fit-tee,,
買ってよかった,夏フェスで着ました。一枚で決まる。ヴィンテージ感のある色味。スカートと合わせると女っぽくなる。,5,2026-05-05 17:07:29 UTC,スミレ,vintage-lace-slim-fit-te-2@example.invalid,8951752458467,vintage-lace-slim-fit-tee,,
購入を迷っている方へ,レビューが少なくて少し迷ったのですが、思いきって注文しました。届いて袋から出してまず思ったのが、プリーツがしっかりついてる ということ。155cmでSを着用していて、ウエスト66cmは表記とほぼ同じでした。タイツで秋冬も。洗濯は念のためネットに入れています。満足しています。,5,2026-07-02 05:02:28 UTC,ノア,high-waisted-tie-dye-ple-1@example.invalid,8951751901411,high-waisted-tie-dye-pleated-skirt,,
良い点と気になる点,"◎ 丈感がちょうどいい
◎ ハイウエストで脚長効果すごい
△ シワになりやすいかも",5,2026-05-28 10:29:46 UTC,コハル,high-waisted-tie-dye-ple-2@example.invalid,8951751901411,high-waisted-tie-dye-pleated-skirt,,
リピートです,ここで買うの三回目です。今回はホワイトにしました。シルエットがきれい。透け感は控えめ。またリピートすると思います。🫧,5,2026-03-18 09:30:21 UTC,リオ,summer-lace-midi-skirt-1@example.invalid,8951751344355,summer-lace-midi-skirt,,
購入を迷っている方へ,セールになっていたので思いきって買ってみました。写真では分かりませんでしたが、透け感は控えめ。150cmでSを着用していて、着丈48cm・ウエスト66cmは表記とほぼ同じでした。タイツで秋冬も。強いて言えば、色は画面で見るより少し落ち着いて見えます。満足しています。,5,2026-04-20 23:45:45 UTC,S.Y,summer-lace-midi-skirt-2@example.invalid,8951751344355,summer-lace-midi-skirt,,
ひと目惚れ,可愛すぎる、リボンの位置が絶妙、大満足！🫶🎀🩷,5,2026-06-13 15:58:09 UTC,コハル,retro-blue-bow-blouse-1@example.invalid,8951748657379,retro-blue-bow-blouse,,
,思っていたよりきれいめに見えました。リボンの位置が絶妙。合わせやすい。買ってよかったです。,5,2026-03-01 16:17:59 UTC,マリン,retro-blue-bow-blouse-2@example.invalid,8951748657379,retro-blue-bow-blouse,,
,柄の出方がきれい！🩷🎀✨,5,2026-03-07 01:20:39 UTC,アカリ,pink-plaid-doll-dress-1@example.invalid,8951747772643,pink-plaid-doll-dress,,
,色違いでリピしました。今回はピンクにしました。シーンを選ばない。柄の出方がきれい。またリピートすると思います。,5,2026-08-05 15:48:48 UTC,Momo,pink-plaid-doll-dress-2@example.invalid,8951747772643,pink-plaid-doll-dress,,
サイズ感の参考に,148cm、普段Sサイズです。この商品もSで、ウエスト66cmはほぼ表記どおりでした。ゆるっと着られる。普段のサイズで問題なかったです。スニーカーでラフに。,5,2026-06-07 20:42:50 UTC,ユイ,summer-wide-leg-jeans-1@example.invalid,8951746527459,summer-wide-leg-jeans,,
写真より良い,写真で見るより落ち着いた色味でした。生地はしっかりめのデニム。腰まわりが楽。また利用します。,5,2026-04-14 11:42:09 UTC,ひなの,summer-wide-leg-jeans-2@example.invalid,8951746527459,summer-wide-leg-jeans,,
良い点と気になる点,"◎ ドットの大きさがちょうどいい
◎ 一枚で雰囲気が出る",5,2026-05-11 11:46:39 UTC,M.K,starry-polka-dot-skirt-1@example.invalid,8951745085667,starry-polka-dot-skirt,,
使いやすいです,スニーカーでも綺麗めでもいける。ドットの大きさがちょうどいい。シルエットがきれい。グレーを選びましたが手持ちと合わせやすいです。着回しが効くので買ってよかったです。,5,2026-05-15 06:43:58 UTC,ノア,starry-polka-dot-skirt-2@example.invalid,8951745085667,starry-polka-dot-skirt,,
最高でした,写真どおりで感動、柄の出方がきれい、また買います！🫶💗,5,2026-04-18 17:19:17 UTC,あかり,plaid-doll-collar-shirt-1@example.invalid,8951744332003,plaid-doll-collar-shirt,,
,二着目です。今回はグリーンにしました。着回しが効く。柄の出方がきれい。やっぱり間違いないです。✨,5,2026-06-27 19:15:09 UTC,スミレ,plaid-doll-collar-shirt-2@example.invalid,8951744332003,plaid-doll-collar-shirt,,
神,重ね着の幅が広がる、めっちゃ気に入ってる！🥺🩷☺️,5,2026-07-28 20:35:23 UTC,ホノカ,chic-asymmetrical-polo-t-1@example.invalid,8951742955747,chic-asymmetrical-polo-tank,,
コーデしやすい,ハイウエストと合わせてます。インナーにも一枚でも使える。ブルーを選びましたが手持ちと合わせやすいです。一枚あると便利だと思います。,5,2026-04-30 01:46:08 UTC,セナ,chic-asymmetrical-polo-t-2@example.invalid,8951742955747,chic-asymmetrical-polo-tank,,
期待以上でした,写真で見るより落ち着いた色味でした。チェックが派手じゃない。一枚で雰囲気が出る。タイツで秋冬も。また利用します。,5,2026-07-29 17:57:08 UTC,アオイ,summer-green-plaid-skirt-1@example.invalid,8951737811171,summer-green-plaid-skirt,,
可愛い,チェックが派手じゃない、また買います！！🫶✨🎀,5,2026-03-29 17:54:55 UTC,ミナ,summer-green-plaid-skirt-2@example.invalid,8951737811171,summer-green-plaid-skirt,,
参考になれば,柄の出方がきれい。172cmでLを着用しています。羽織りを足せば長く着られる。めっちゃ気に入ってる。,5,2026-05-21 16:48:00 UTC,カレン,vintage-checkered-square-1@example.invalid,8951725818083,vintage-checkered-square-neck-dress,,
可愛い,ヴィンテージ感のある色味、色違いも欲しい。✨,5,2026-06-02 10:18:11 UTC,なな,vintage-checkered-square-2@example.invalid,8951725818083,vintage-checkered-square-neck-dress,,
,レビューが少なくて少し迷ったのですが、思いきって注文しました。届いて袋から出してまず思ったのが、ヴィンテージ感のある色味 ということ。154cmでSを着用していて、ウエスト68cmは表記とほぼ同じでした。ヒールで綺麗めに。気になった点は、届いたときの折りジワが少し取れにくかったことくらいです。また利用します。,5,2026-07-15 04:31:46 UTC,まな,vintage-blue-high-waiste-1@example.invalid,8951714578659,vintage-blue-high-waisted-wide-leg-jeans,,
まとめると,"◎ 腰まわりが楽
◎ ヴィンテージ感のある色味
△ 丈は短めなので好みが分かれそう",5,2026-04-04 03:24:44 UTC,みお,vintage-blue-high-waiste-2@example.invalid,8951714578659,vintage-blue-high-waisted-wide-leg-jeans,,
出番多そう,写真撮るとき用に。一枚で雰囲気が出る。古着っぽさがいい。シンプルなトップスで十分。買ってよかったです。,5,2026-03-25 06:22:34 UTC,カナ,american-retro-hight-wai-1@example.invalid,8951702028515,american-retro-hight-waist-plaid-skirt,,
可愛い,柄の出方がきれい、リピ確定！☺️🥺🌸,5,2026-03-14 07:17:41 UTC,ゆい,american-retro-hight-wai-2@example.invalid,8951702028515,american-retro-hight-waist-plaid-skirt,,
サイズ表どおりでした,162cm、普段Mサイズです。この商品もMで、着丈49cm・ウエスト70cmはほぼ表記どおりでした。普段のサイズで問題なかったです。,5,2026-03-16 12:50:48 UTC,マナ,retro-high-waist-plaid-s-1@example.invalid,8951690756323,retro-high-waist-plaid-skirt,,
まとめると,"◎ ハイウエストで脚長効果すごい
◎ 一枚で雰囲気が出る",5,2026-07-21 16:36:48 UTC,ハルカ,retro-high-waist-plaid-s-2@example.invalid,8951690756323,retro-high-waist-plaid-skirt,,
最高でした,届いた瞬間テンション上がりました、レトロな雰囲気が好み、大満足！😍💕🩷,5,2026-06-19 11:44:54 UTC,チヒロ,american-retro-high-wais-1@example.invalid,8951689150691,american-retro-high-waist-blue-plaid-skirt-1,,
コスパ良し,"レトロな雰囲気が好み。手に取った質感が値段以上でした。9,200円とは思えないです。",5,2026-08-09 08:56:59 UTC,N.H,american-retro-high-wais-2@example.invalid,8951689150691,american-retro-high-waist-blue-plaid-skirt-1,,
買ってよかった,柄の出方がきれい！！💗☺️,5,2026-06-21 18:56:50 UTC,みお,american-retro-high-wais-1@example.invalid,8951686168803,american-retro-high-waist-blue-plaid-skirt,,
期待以上でした,思っていたよりしっかりしてました。古着っぽさがいい。丈感がちょうどいい。スニーカーでも綺麗めでもいける。また利用します。,5,2026-04-07 17:23:00 UTC,ミオ,american-retro-high-wais-2@example.invalid,8951686168803,american-retro-high-waist-blue-plaid-skirt,,
可愛い,縦のラインで細く見える、めっちゃ気に入ってる〜！✨,5,2026-05-21 22:50:52 UTC,セナ,stripes-soft-waxy-thick--1@example.invalid,8951678042339,stripes-soft-waxy-thick-lazy-knitted-sweater-coat,,
コーデしやすい,色が落ち着いてて合わせやすい。チクチクしない。中に着込める。ブラックを選びましたが手持ちと合わせやすいです。一枚あると便利だと思います。,5,2026-06-16 05:06:39 UTC,Sena,stripes-soft-waxy-thick--2@example.invalid,8951678042339,stripes-soft-waxy-thick-lazy-knitted-sweater-coat,,
良い点と気になる点,"◎ シーンを選ばない
△ 色は画面より少し落ち着いてる",5,2026-06-07 11:01:49 UTC,アヤ,summer-chic-tie-waist-ca-1@example.invalid,8951675650275,summer-chic-tie-waist-camisole-dress,,
最高でした,ひと目惚れして買いました、色違いも欲しい！🩷💕😍,5,2026-06-24 02:08:17 UTC,カナ,summer-chic-tie-waist-ca-2@example.invalid,8951675650275,summer-chic-tie-waist-camisole-dress,,
写真より良い,思っていたより可愛かったです。ニットが柔らかい。一枚で様になる。パンツでもスカートでも。また利用します。,5,2026-04-18 20:00:55 UTC,ミク,retro-striped-knit-top-1@example.invalid,8951674634467,retro-striped-knit-top,,
リピートです,前に買って良かったのでまた買いました。今回はオレンジにしました。長い期間着られそう。ストライプの幅がちょうどいい。またリピートすると思います。,5,2026-07-04 14:33:59 UTC,R.N,retro-striped-knit-top-2@example.invalid,8951674634467,retro-striped-knit-top,,
リピートです,色違いでリピしました。今回はイエローにしました。長い期間着られそう。編み地がしっかりしてる。またリピートすると思います。,5,2026-03-20 09:56:17 UTC,Momo,slim-fit-knitted-vest-1@example.invalid,8951674077411,slim-fit-knitted-vest,,
,夏フェスで着ました。肌ざわりがいい。編み地がしっかりしてる。ロングスカートと合わせるのが好き。おすすめです。,5,2026-03-15 05:36:37 UTC,シオリ,slim-fit-knitted-vest-2@example.invalid,8951674077411,slim-fit-knitted-vest,,
リピートです,色違いでリピしました。今回はブラックにしました。顔まわりが明るく見える。レトロな雰囲気が好み。何回買っても満足してます。,5,2026-04-08 08:16:04 UTC,コハル,slim-retro-star-tee-1@example.invalid,8951673127139,slim-retro-star-tee,,
,"◎ 体のラインがきれいに見える
◎ レトロな雰囲気が好み
◎ 着回しが効く
△ 丈は短めなので好みが分かれそう",5,2026-07-06 15:09:31 UTC,ミク,slim-retro-star-tee-2@example.invalid,8951673127139,slim-retro-star-tee,,
使いやすいです,スカートと合わせると女っぽくなる。古着っぽさがいい。顔まわりが明るく見える。ブルーを選びましたが手持ちと合わせやすいです。着回しが効くので買ってよかったです。,5,2026-08-02 00:30:54 UTC,Aoi,retro-slim-halter-top-1@example.invalid,8951672144099,retro-slim-halter-top,,
参考になれば,肩が出るぶん華奢に見える。149cmでSを着用しています。体のラインがきれいに見える。羽織りとも相性いい。買ってよかった。,5,2026-07-26 02:05:28 UTC,セナ,retro-slim-halter-top-2@example.invalid,8951672144099,retro-slim-halter-top,,
,一枚で決まる。古着っぽさがいい。満足しています。,5,2026-03-03 12:56:03 UTC,モモ,vintage-blue-plaid-lace--1@example.invalid,8951671357667,vintage-blue-plaid-lace-trim-top,,
写真より良い,画面で見るより可愛かったです。くすみ加減が好き。合わせやすい。スカートと合わせると女っぽくなる。満足しています。,5,2026-07-22 21:08:51 UTC,Sena,vintage-blue-plaid-lace--2@example.invalid,8951671357667,vintage-blue-plaid-lace-trim-top,,
参考になれば,ヴィンテージ感のある色味。156cmでMを着用しています。すっきり見える。スカートと合わせると女っぽくなる。色違いも欲しい。,5,2026-06-08 22:36:58 UTC,マリン🎀,vintage-checkered-slim-s-1@example.invalid,8951670669539,vintage-checkered-slim-short-top,,
参考までに,156cm、普段Mサイズです。この商品もMで、胸囲82cm・肩幅34cmはほぼ表記どおりでした。きれいに沿う。普段のサイズで問題なかったです。羽織りとも相性いい。,5,2026-03-27 05:12:57 UTC,カナ,vintage-checkered-slim-s-2@example.invalid,8951670669539,vintage-checkered-slim-short-top,,
生地がいい,"チェックが派手じゃない。手に取った質感が値段以上でした。14,000円とは思えないです。",5,2026-03-02 19:59:14 UTC,Haruka,purple-plaid-puff-sleeve-1@example.invalid,8951668834531,purple-plaid-puff-sleeve-dress,,
良い点と気になる点,"◎ シーンを選ばない
◎ チェックが派手じゃない
△ 色は画面より少し落ち着いてる",5,2026-03-04 00:03:56 UTC,mii,purple-plaid-puff-sleeve-2@example.invalid,8951668834531,purple-plaid-puff-sleeve-dress,,
,色違いでリピしました。今回はパープルにしました。スタイルよく見える。花柄が派手すぎない。何回買っても満足してます。,5,2026-04-29 19:34:48 UTC,Momo,retro-floral-purple-cami-1@example.invalid,8951667949795,retro-floral-purple-camisole-dress,,
好き,柄が写真より落ち着いてる〜！🥺💕,5,2026-07-09 14:50:27 UTC,モモ,retro-floral-purple-cami-2@example.invalid,8951667949795,retro-floral-purple-camisole-dress,,
詳しく書きます,セールになっていたので思いきって買ってみました。写真では分かりませんでしたが、作りが丁寧。166cmでLを着用していて、肩幅52cmは表記とほぼ同じでした。羽織りとも相性いい。満足しています。,5,2026-05-29 17:52:44 UTC,コハル,white-short-sleeve-top-1@example.invalid,8951634297059,white-short-sleeve-top,,
使いやすいです,デニムに合わせてます。一枚で決まる。ホワイトを選びましたが手持ちと合わせやすいです。一枚あると便利だと思います。,5,2026-04-24 01:44:26 UTC,アオイ,white-short-sleeve-top-2@example.invalid,8951634297059,white-short-sleeve-top,,
生地がいい,レトロな雰囲気が好み。生地がしっかりしていて安っぽくないです。コスパは良いと思います。,5,2026-06-23 10:45:11 UTC,スミレ,retro-draped-wide-leg-sw-1@example.invalid,8951633051875,retro-draped-wide-leg-sweatpants,,
サイズ感の参考に,161cm、普段Mサイズです。この商品もMで、ウエスト70cmはほぼ表記どおりでした。ゆるっと着られる。普段のサイズで問題なかったです。コンパクトなトップスと相性◎。,5,2026-03-08 20:45:36 UTC,マナ,retro-draped-wide-leg-sw-2@example.invalid,8951633051875,retro-draped-wide-leg-sweatpants,,
,色違いでリピしました。シーンを選ばない。動くたびにきれい。何回買っても満足してます。✨,5,2026-07-05 03:04:29 UTC,M.K,irregular-pleated-lace-d-1@example.invalid,8951632167139,irregular-pleated-lace-dress,,
着回しやすい,羽織りを足せば長く着られる。レースが安っぽくない。一枚で完成する。一枚あると便利だと思います。,5,2026-04-30 23:07:15 UTC,ミオ,irregular-pleated-lace-d-2@example.invalid,8951632167139,irregular-pleated-lace-dress,,
お気に入り,チェックの色合いが落ち着いてる。168cmでLを着用しています。小物で印象が変わる。お気に入りになりました。,5,2026-03-13 02:08:52 UTC,Mina,vintage-yellow-plaid-hal-1@example.invalid,8951631446243,vintage-yellow-plaid-halter-dress,,
最高,肩が出るぶん華奢に見える、色違いも欲しい！😍,5,2026-07-28 23:55:34 UTC,ここ,vintage-yellow-plaid-hal-2@example.invalid,8951631446243,vintage-yellow-plaid-halter-dress,,
良い点と気になる点,"◎ スタイルよく見える
◎ チェックが派手じゃない",5,2026-05-19 21:05:46 UTC,ナギサ,chic-plaid-halter-dress-1@example.invalid,8951630692579,chic-plaid-halter-dress,,
イメージどおり,思っていたよりしっかりしてました。チェックが派手じゃない。一枚で完成する。そのままで様になる。また利用します。,5,2026-04-19 07:26:46 UTC,Rio,chic-plaid-halter-dress-2@example.invalid,8951630692579,chic-plaid-halter-dress,,
詳しめに書きます,チェックが派手じゃない。166cmでLを着用しています。羽織りを足せば長く着られる。色違いも欲しい。,5,2026-05-12 06:04:35 UTC,シオリ,summer-chic-plaid-dress-1@example.invalid,8951628726499,summer-chic-plaid-dress,,
リピートです,前に買って良かったのでまた買いました。今回はピンクにしました。一枚で完成する。チェックが派手じゃない。何回買っても満足してます。,5,2026-04-22 15:44:39 UTC,ひなの,summer-chic-plaid-dress-2@example.invalid,8951628726499,summer-chic-plaid-dress,,
,写真で見るより上品でした。一枚で決まる。また利用します。,5,2026-07-09 22:50:26 UTC,Haruka,summer-slim-fit-polo-tee-1@example.invalid,8951628234979,summer-slim-fit-polo-tee,,
,162cmでLを着用しています。ほどよくフィットする。羽織りとも相性いい。買ってよかった。,5,2026-03-10 18:50:53 UTC,ミク💕,summer-slim-fit-polo-tee-2@example.invalid,8951628234979,summer-slim-fit-polo-tee,,
買ってよかった,リボンが取り外せたらもっと良かったけど可愛い、お気に入りになりました！🌸😍,5,2026-08-07 06:49:18 UTC,Luna,chic-bow-waist-trousers-1@example.invalid,8951627219171,chic-bow-waist-trousers,,
使いやすいです,ヒールで綺麗めに。リボンが取り外せたらもっと良かったけど可愛い。腰まわりが楽。ダークグレーを選びましたが手持ちと合わせやすいです。出番が多くなりそうです。,5,2026-04-08 06:54:48 UTC,ホノカ,chic-bow-waist-trousers-2@example.invalid,8951627219171,chic-bow-waist-trousers,,
買ってよかった,プリーツがしっかりついてる、買ってよかった。🩷💗,5,2026-06-15 07:10:12 UTC,なな,vintage-chain-pleated-te-1@example.invalid,8951625908451,vintage-chain-pleated-tee,,
長くなりましたが,レビューが少なくて少し迷ったのですが、思いきって注文しました。実物を手に取ってみると、くすみ加減が好き。148cmでSを着用していて、肩幅32cmは表記とほぼ同じでした。デニムに合わせてます。洗濯は念のためネットに入れています。おすすめです。,5,2026-05-04 20:00:10 UTC,もも,vintage-chain-pleated-te-2@example.invalid,8951625908451,vintage-chain-pleated-tee,,
写真より良い,画面で見るより上品でした。ドットが細かめで上品。シルエットがきれい。スニーカーでも綺麗めでもいける。買ってよかったです。,5,2026-04-16 10:53:26 UTC,ここ,polka-dot-a-line-skirt-1@example.invalid,8951624532195,polka-dot-a-line-skirt,,
買ってよかった,広がりすぎない〜！🎀,5,2026-07-08 12:05:26 UTC,もも,polka-dot-a-line-skirt-2@example.invalid,8951624532195,polka-dot-a-line-skirt,,
サイズ感の参考に,155cm、普段Mサイズです。この商品もMで、着丈53cm・胸囲86cmはほぼ表記どおりでした。迷ったら表記どおりで大丈夫だと思います。,5,2026-04-20 15:16:33 UTC,Rio,vintage-pink-plaid-top-1@example.invalid,8951623418083,vintage-pink-plaid-top,,
,スカートと合わせると女っぽくなる。チェックの色合いが落ち着いてる。一枚で決まる。ピンクを選びましたが手持ちと合わせやすいです。一枚あると便利だと思います。,5,2026-07-29 12:57:25 UTC,はるか,vintage-pink-plaid-top-2@example.invalid,8951623418083,vintage-pink-plaid-top,,
買ってよかった,写真撮るとき用に。顔まわりが明るく見える。首まわりがすっきり。スカートと合わせると女っぽくなる。おすすめです。,5,2026-03-16 03:29:22 UTC,マリン,halter-bubble-top-1@example.invalid,8951622238435,halter-bubble-top,,
コスパ良し,"首まわりがすっきり。手に取った質感が値段以上でした。11,400円とは思えないです。",5,2026-05-18 20:48:47 UTC,なな,halter-bubble-top-2@example.invalid,8951622238435,halter-bubble-top,,
,シーンを選ばない。チェックの色合いが落ち着いてる。満足しています。,5,2026-03-18 04:59:41 UTC,コハル,blue-plaid-puff-sleeve-d-1@example.invalid,8951618535651,blue-plaid-puff-sleeve-dress,,
ひと目惚れ,写真どおりで感動、肩まわりが華奢に見える、リピ確定！🩷🫶🌸,5,2026-07-19 20:16:12 UTC,りん,blue-plaid-puff-sleeve-d-2@example.invalid,8951618535651,blue-plaid-puff-sleeve-dress,,
良い点と気になる点,"◎ 肩が出るぶん華奢に見える
◎ シーンを選ばない
△ シワになりやすいかも",5,2026-05-03 20:42:14 UTC,ゆきの,blue-plaid-halter-dress-1@example.invalid,8951614996707,blue-plaid-halter-dress,,
可愛すぎる,可愛すぎる、チェックの色合いが落ち着いてる、大満足！🩷🫶🥺,5,2026-06-02 16:05:12 UTC,カレン,blue-plaid-halter-dress-2@example.invalid,8951614996707,blue-plaid-halter-dress,,
,ハイウエストで脚長効果すごい。生地がしっかりしていて安っぽくないです。この値段でこの質感なら十分満足です。,5,2026-05-08 07:24:46 UTC,カレン,high-waist-bubble-skirt-1@example.invalid,8951614111971,high-waist-bubble-skirt,,
,一枚で雰囲気が出る。ハイウエストで脚長効果すごい。満足しています。,5,2026-05-15 02:12:12 UTC,もも,high-waist-bubble-skirt-2@example.invalid,8951614111971,high-waist-bubble-skirt,,
リピートです,ここで買うの三回目です。今回はダークグレーにしました。シルエットがきれい。古着っぽさがいい。やっぱり間違いないです。,5,2026-05-23 22:12:04 UTC,ユナ,retro-polka-dot-high-wai-1@example.invalid,8951612211427,retro-polka-dot-high-waist-skirt,,
コスパ良し,ハイウエストで脚長効果すごい。薄すぎず、ちゃんとした作りでした。コスパは良いと思います。,5,2026-04-14 05:57:22 UTC,さき,retro-polka-dot-high-wai-2@example.invalid,8951612211427,retro-polka-dot-high-waist-skirt,,
ひと目惚れ,可愛すぎる、買ってよかった！🩷😍✨,5,2026-05-13 06:11:47 UTC,りん,sense-apricot-pants-1@example.invalid,8951610933475,sense-apricot-pants,,
詳しく書きます,前から似たようなものを探していて、写真の雰囲気に惹かれて購入しました。実物を手に取ってみると、作りが丁寧。158cmでSを着用していて、ウエスト66cmは表記とほぼ同じでした。スニーカーでラフに。長く着られそうです。,5,2026-05-28 11:23:56 UTC,Momo,sense-apricot-pants-2@example.invalid,8951610933475,sense-apricot-pants,,
出番多そう,夏フェスで着ました。合わせやすい。レースの透け感が絶妙。デニムに合わせてます。,5,2026-03-21 12:12:45 UTC,ちひろ,lace-patchwork-fitted-tw-1@example.invalid,8951606477027,lace-patchwork-fitted-two-layer-t-shirt,,
,レースの透け感が絶妙〜！🌸,5,2026-06-21 20:04:24 UTC,コハル,lace-patchwork-fitted-tw-2@example.invalid,8951606477027,lace-patchwork-fitted-two-layer-t-shirt,,
可愛い,一枚で決まる、めっちゃ気に入ってる！💕,5,2026-05-18 21:09:32 UTC,Haruka,summer-swing-tee-1@example.invalid,8951597629667,summer-swing-tee,,
,デニムに合わせてます。着回しが効く。出番が多くなりそうです。😊,5,2026-06-18 01:28:53 UTC,リオ,summer-swing-tee-2@example.invalid,8951597629667,summer-swing-tee,,
,色が落ち着いてて合わせやすい。編み地がしっかりしてる。軽くて着やすい。着回しが効くので買ってよかったです。,5,2026-03-18 19:22:19 UTC,もも,retro-knitted-cardigan-1@example.invalid,8951595794659,retro-knitted-cardigan,,
色違い購入,ここで買うの三回目です。今回はグリーンにしました。羽織るだけで決まる。レトロな雰囲気が好み。やっぱり間違いないです。,5,2026-05-17 17:45:33 UTC,ノア,retro-knitted-cardigan-2@example.invalid,8951595794659,retro-knitted-cardigan,,
可愛い,リボンが主役、大満足！✨😍🩷,5,2026-07-20 16:18:13 UTC,ソラ,summer-bow-dark-blue-sle-1@example.invalid,8951227875555,summer-bow-dark-blue-sleeveless-dress,,
サイズ表どおりでした,158cm、普段Mサイズです。この商品もMで、着丈85cm・胸囲90cmはほぼ表記どおりでした。普段のサイズで問題なかったです。小物で印象が変わる。,5,2026-05-06 19:09:19 UTC,S.Y,summer-bow-dark-blue-sle-2@example.invalid,8951227875555,summer-bow-dark-blue-sleeveless-dress,,
思ったよりしっかりしてる,肩が出るぶん華奢に見える。手に取った質感が値段以上でした。コスパは良いと思います。,5,2026-05-18 16:13:46 UTC,mii,blue-plaid-halterneck-ve-1@example.invalid,8951226892515,blue-plaid-halterneck-vest,,
まとめると,"◎ 着回しが効く
◎ 肩が出るぶん華奢に見える",5,2026-07-05 22:56:36 UTC,まな,blue-plaid-halterneck-ve-2@example.invalid,8951226892515,blue-plaid-halterneck-vest,,
期待以上でした,画面で見るより上品でした。腰位置が高く見える。動きやすい。スニーカーでラフに。満足しています。,5,2026-04-05 07:39:53 UTC,エマ,american-retro-butterfly-1@example.invalid,8951155818723,american-retro-butterfly-blue-high-waisted-wide-leg-jeans,,
好き,レトロな雰囲気が好み！！🫶😍,5,2026-05-06 15:27:48 UTC,シオリ,american-retro-butterfly-2@example.invalid,8951155818723,american-retro-butterfly-blue-high-waisted-wide-leg-jeans,,
神,合わせやすい〜！☺️,5,2026-06-11 03:35:44 UTC,アヤ,summer-twist-slim-top-po-1@example.invalid,8951155065059,summer-twist-slim-top-polo-t-shirt,,
買ってよかった,海行くとき用。着回しが効く。デニムに合わせてます。おすすめです。🫶,5,2026-05-23 07:44:21 UTC,ユナ,summer-twist-slim-top-po-2@example.invalid,8951155065059,summer-twist-slim-top-polo-t-shirt,,
イメージどおり,届いてみたら落ち着いた色味でした。腰位置が高く見える。カジュアルすぎず履ける。おすすめです。,5,2026-03-25 19:25:37 UTC,アヤ,american-retro-high-wais-1@example.invalid,8951154344163,american-retro-high-waist-cargo-trousers,,
,腰位置が高く見える。🫶🎀☺️,5,2026-06-06 22:54:49 UTC,ナギサ,american-retro-high-wais-2@example.invalid,8951154344163,american-retro-high-waist-cargo-trousers,,
色違い購入,色違いでリピしました。今回はグリーンにしました。スタイルよく見える。またリピートすると思います。,5,2026-04-22 19:35:57 UTC,ナナ,green-bud-sleeveless-dre-1@example.invalid,8951153623267,green-bud-sleeveless-dress,,
まとめると,◎ スタイルよく見える,5,2026-06-17 13:41:29 UTC,アヤ,green-bud-sleeveless-dre-2@example.invalid,8951153623267,green-bud-sleeveless-dress,,
出番多そう,夏フェスで着ました。一枚で雰囲気が出る。レトロな雰囲気が好み。シンプルなトップスで十分。満足しています。💗,5,2026-03-05 22:26:37 UTC,ナギサ,retro-color-plaid-skirt-1@example.invalid,8951149297891,retro-color-plaid-skirt,,
着回しやすい,シンプルなトップスで十分。レトロな雰囲気が好み。シルエットがきれい。イエローを選びましたが手持ちと合わせやすいです。一枚あると便利だと思います。✨,5,2026-06-22 09:47:45 UTC,コハル,retro-color-plaid-skirt-2@example.invalid,8951149297891,retro-color-plaid-skirt,,
参考になれば,ヴィンテージ感のある色味。172cmでLを着用しています。デニムに合わせてます。また買います。,5,2026-06-18 05:55:13 UTC,サキ,american-vintage-thick-l-1@example.invalid,8951140450531,american-vintage-thick-long-sleeve-top,,
好き,ヴィンテージ感のある色味、めっちゃ気に入ってる！！✨,5,2026-05-05 01:46:06 UTC,N.H,american-vintage-thick-l-2@example.invalid,8951140450531,american-vintage-thick-long-sleeve-top,,
イメージどおり,思っていたより上品でした。レトロな雰囲気が好み。一枚で決まる。羽織りとも相性いい。満足しています。,5,2026-06-12 08:38:00 UTC,アヤ,american-retro-long-slee-1@example.invalid,8951138844899,american-retro-long-sleeved-t-shirt,,
最高,レトロな雰囲気が好み、リピ確定。🩷,5,2026-08-07 01:10:02 UTC,チヒロ,american-retro-long-slee-2@example.invalid,8951138844899,american-retro-long-sleeved-t-shirt,,
可愛い,くすみ加減が好き、色違いも欲しい〜！✨🫶,5,2026-05-20 21:37:16 UTC,スミレ,american-vintage-polo-lo-1@example.invalid,8951111614691,american-vintage-polo-long-sleeve-shirt,,
,写真撮るとき用に。顔まわりが明るく見える。古着っぽさがいい。デニムに合わせてます。長く着られそうです。,5,2026-07-29 00:17:05 UTC,チヒロ,american-vintage-polo-lo-2@example.invalid,8951111614691,american-vintage-polo-long-sleeve-shirt,,
,小物で印象が変わる。古着っぽさがいい。一枚で完成する。デニムブルーを選びましたが手持ちと合わせやすいです。出番が多くなりそうです。,5,2026-04-09 12:50:33 UTC,ナナ,american-retro-three-dim-1@example.invalid,8951103520995,american-retro-three-dimensional-denim-dress,,
,色違いでリピしました。今回はデニムブルーにしました。シーンを選ばない。デニムが硬すぎない。何回買っても満足してます。,5,2026-05-17 15:06:07 UTC,M.K,american-retro-three-dim-2@example.invalid,8951103520995,american-retro-three-dimensional-denim-dress,,
,ヴィンテージ感のある色味、買ってよかった〜！🥺,5,2026-05-17 15:44:06 UTC,Mina,american-vintage-fake-tw-1@example.invalid,8951090315491,american-vintage-fake-two-piece-set-long-sleeve-top,,
可愛すぎる,写真どおりで感動、ヴィンテージ感のある色味、また買います！🥺✨,5,2026-05-17 11:10:23 UTC,ユイ,american-vintage-fake-tw-2@example.invalid,8951090315491,american-vintage-fake-two-piece-set-long-sleeve-top,,
,届いてみたらしっかりしてました。柄の出方がきれい。顔まわりが明るく見える。スカートと合わせると女っぽくなる。期待どおりでした。,5,2026-05-23 02:24:00 UTC,はるか,american-retro-casual-lo-1@example.invalid,8951071178979,american-retro-casual-love-plaid-long-sleeve-shirt,,
可愛い,柄の出方がきれい〜！☺️,5,2026-07-07 08:21:18 UTC,スミレ,american-retro-casual-lo-2@example.invalid,8951071178979,american-retro-casual-love-plaid-long-sleeve-shirt,,
神,ヴィンテージ感のある色味、リピ確定〜！💕🫶🩷,5,2026-06-28 00:51:04 UTC,Karen,american-vintage-polo-u--1@example.invalid,8951054368995,american-vintage-polo-u-neck-long-sleeve-t-shirt,,
リピートです,前に買って良かったのでまた買いました。今回はカーキにしました。合わせやすい。ヴィンテージ感のある色味。何回買っても満足してます。,5,2026-06-29 18:05:19 UTC,マナ,american-vintage-polo-u--2@example.invalid,8951054368995,american-vintage-polo-u-neck-long-sleeve-t-shirt,,
リピートです,ここで買うの三回目です。今回はブラックにしました。カジュアルすぎず履ける。ハイウエストで脚長効果すごい。何回買っても満足してます。,5,2026-03-19 15:02:14 UTC,リオ,american-retro-high-wais-1@example.invalid,8951044997347,american-retro-high-waisted-straight-leg-pants,,
,レトロな雰囲気が好み、買ってよかった。🎀✨🌸,5,2026-07-24 08:15:45 UTC,Y.S,american-retro-high-wais-2@example.invalid,8951044997347,american-retro-high-waisted-straight-leg-pants,,
使いやすいです,羽織りとも相性いい。顔まわりが明るく見える。アプリコットを選びましたが手持ちと合わせやすいです。一枚あると便利だと思います。,5,2026-04-13 21:08:36 UTC,Momo,texture-slim-tie-long-sl-1@example.invalid,8951042212067,texture-slim-tie-long-sleeve-shirt,,
写真より良い,画面で見るより落ち着いた色味でした。合わせやすい。買ってよかったです。,5,2026-04-09 01:57:00 UTC,なな,texture-slim-tie-long-sl-2@example.invalid,8951042212067,texture-slim-tie-long-sleeve-shirt,,
思ったよりしっかりしてる,ハイウエストで脚長効果すごい。縫製も雑なところがなかったです。この値段でこの質感なら十分満足です。,5,2026-07-17 01:50:29 UTC,Y.S,high-waist-fungus-a-line-1@example.invalid,8951040770275,high-waist-fungus-a-line-skirt-shorts,,
着回しやすい,シンプルなトップスで十分。広がりすぎない。丈感がちょうどいい。出番が多くなりそうです。,5,2026-04-25 13:53:03 UTC,ここ,high-waist-fungus-a-line-2@example.invalid,8951040770275,high-waist-fungus-a-line-skirt-shorts,,
色違い購入,色違いでリピしました。今回はブラックにしました。羽織るだけで決まる。レトロな雰囲気が好み。何回買っても満足してます。,5,2026-07-10 16:50:42 UTC,アオイ,loose-drawstring-retro-j-1@example.invalid,8951038443747,loose-drawstring-retro-jacket,,
最高,ヴィンテージ感のある色味、また買います！！🌸,5,2026-06-28 13:16:40 UTC,リオ,loose-drawstring-retro-j-2@example.invalid,8951038443747,loose-drawstring-retro-jacket,,
詳しめに書きます,164cmでMを着用しています。ゆるっと着られる。コンパクトなトップスと相性◎。また買います。,5,2026-04-19 05:14:32 UTC,Haruka,american-style-wide-leg--1@example.invalid,8951034937571,american-style-wide-leg-pants,,
,手に取った質感が値段以上でした。この値段でこの質感なら十分満足です。,5,2026-05-10 03:59:45 UTC,ヒナ,american-style-wide-leg--2@example.invalid,8951034937571,american-style-wide-leg-pants,,
,着回しが効く。長く着られそうです。,5,2026-04-15 03:18:24 UTC,サキ,drawstring-quick-dry-hal-1@example.invalid,8951029891299,drawstring-quick-dry-halterneck-top,,
サイズ感の参考に,156cm、普段Mサイズです。この商品もMで、着丈53cm・胸囲86cmはほぼ表記どおりでした。迷ったら表記どおりで大丈夫だと思います。スカートと合わせると女っぽくなる。,5,2026-06-11 08:28:01 UTC,みお,drawstring-quick-dry-hal-2@example.invalid,8951029891299,drawstring-quick-dry-halterneck-top,,
,シルエットがきれい。満足しています。,5,2026-06-18 08:21:13 UTC,ちー,gray-elastic-waist-skirt-1@example.invalid,8951016063203,gray-elastic-waist-skirt,,
買ってよかった,丈感がちょうどいい！！✨😍,5,2026-06-17 07:55:18 UTC,ホノカ☺️,gray-elastic-waist-skirt-2@example.invalid,8951016063203,gray-elastic-waist-skirt,,
神,古着っぽさがいい！！☺️,5,2026-06-12 19:49:28 UTC,カレン,retro-sleeveless-bow-ves-1@example.invalid,8951007215843,retro-sleeveless-bow-vest,,
思ったよりしっかりしてる,古着っぽさがいい。手に取った質感が値段以上でした。この値段でこの質感なら十分満足です。,5,2026-03-16 09:29:40 UTC,ナギサ,retro-sleeveless-bow-ves-2@example.invalid,8951007215843,retro-sleeveless-bow-vest,,
長くなりましたが,前から似たようなものを探していて、写真の雰囲気に惹かれて購入しました。実物を手に取ってみると、作りが丁寧。164cmでLを着用していて、着丈54cm・胸囲90cmは表記とほぼ同じでした。スカートと合わせると女っぽくなる。買ってよかったです。,5,2026-04-03 06:49:16 UTC,なな,quick-dry-sports-v-neck--1@example.invalid,8951005741283,quick-dry-sports-v-neck-t-shirt,,
着回しやすい,デニムに合わせてます。着回しが効く。出番が多くなりそうです。,5,2026-04-22 09:54:58 UTC,A.T,quick-dry-sports-v-neck--2@example.invalid,8951005741283,quick-dry-sports-v-neck-t-shirt,,
リピートです,二着目です。今回はホワイトにしました。合わせやすい。レトロな雰囲気が好み。やっぱり間違いないです。,5,2026-07-24 23:51:52 UTC,アヤ🩷,retro-design-white-balle-1@example.invalid,8950997024995,retro-design-white-ballet-shirt,,
生地がいい,レトロな雰囲気が好み。薄すぎず、ちゃんとした作りでした。コスパは良いと思います。,5,2026-03-11 19:14:44 UTC,ホノカ,retro-design-white-balle-2@example.invalid,8950997024995,retro-design-white-ballet-shirt,,
,羽織りとも相性いい。レースが安っぽくない。顔まわりが明るく見える。ブルーを選びましたが手持ちと合わせやすいです。着回しが効くので買ってよかったです。🙆‍♀️,5,2026-06-06 01:14:43 UTC,Yui,butterfly-lace-slim-long-1@example.invalid,8950994698467,butterfly-lace-slim-long-sleeve-top,,
コスパ良し,レースが安っぽくない。薄すぎず、ちゃんとした作りでした。この値段でこの質感なら十分満足です。,5,2026-06-18 18:42:49 UTC,N.H,butterfly-lace-slim-long-2@example.invalid,8950994698467,butterfly-lace-slim-long-sleeve-top,,
写真より良い,思っていたより落ち着いた色味でした。レースが上品。合わせやすい。羽織りとも相性いい。長く着られそうです。,5,2026-06-24 19:16:57 UTC,non,blue-plaid-lace-stitch-l-1@example.invalid,8950984868067,blue-plaid-lace-stitch-loose-shirt,,
買ってよかった,チェックの色合いが落ち着いてる、色違いも欲しい！🩷,5,2026-04-13 08:22:29 UTC,ミオ,blue-plaid-lace-stitch-l-2@example.invalid,8950984868067,blue-plaid-lace-stitch-loose-shirt,,
期待以上でした,届いてみたらしっかりしてました。リボンが主役。一枚で様になる。長く着られそうです。,5,2026-04-14 13:00:36 UTC,サキ,halterneck-bow-knitted-b-1@example.invalid,8950980870371,halterneck-bow-knitted-base-layer,,
,一枚で様になる。リボンが主役。買ってよかったです。,5,2026-06-21 18:35:48 UTC,ソラ,halterneck-bow-knitted-b-2@example.invalid,8950980870371,halterneck-bow-knitted-base-layer,,
,レース部分がとにかく可愛い。160cmでMを着用しています。スニーカーでラフに。大満足。,5,2026-06-18 04:54:30 UTC,スミレ,retro-plaid-lace-stitche-1@example.invalid,8950979625187,retro-plaid-lace-stitched-pants,,
出番多そう,海行くとき用。カジュアルすぎず履ける。レトロな雰囲気が好み。コンパクトなトップスと相性◎。,5,2026-08-07 04:56:39 UTC,アヤ🫶,retro-plaid-lace-stitche-2@example.invalid,8950979625187,retro-plaid-lace-stitched-pants,,
イメージどおり,写真で見るより上品でした。デニムの色落ちがいい感じ。丈感がちょうどいい。シンプルなトップスで十分。満足しています。,5,2026-07-18 23:48:33 UTC,ミオ,irregular-design-blue-de-1@example.invalid,8950823583971,irregular-design-blue-denim-skirt,,
,"◎ デニムの色落ちがいい感じ
◎ シルエットがきれい
△ 色は画面より少し落ち着いてる",5,2026-07-29 19:17:48 UTC,ナギサ,irregular-design-blue-de-2@example.invalid,8950823583971,irregular-design-blue-denim-skirt,,
サイズ迷ってる方へ,164cm、普段Mサイズです。この商品もMで、着丈56cm・胸囲85cmはほぼ表記どおりでした。すっきり見える。サイズ表どおりで選んで問題ないと思います。,5,2026-07-02 01:00:51 UTC,ナナ,butterfly-design-slim-kn-1@example.invalid,8950821552355,butterfly-design-slim-knitted-shirt,,
,一枚で様になる。ニットが柔らかい。すっきり見える。期待どおりでした。,5,2026-05-10 21:32:17 UTC,ホノカ,butterfly-design-slim-kn-2@example.invalid,8950821552355,butterfly-design-slim-knitted-shirt,,
参考までに,157cm、普段Sサイズです。この商品もSで、着丈54cm・胸囲80cmはほぼ表記どおりでした。普段のサイズで問題なかったです。インナー足して重ね着も。,5,2026-04-22 19:28:35 UTC,ユイ,warm-fluffy-doll-collar--1@example.invalid,8950818832611,warm-fluffy-doll-collar-sweater,,
お気に入り,編み地がしっかりしてる。168cmでLを着用しています。ロングスカートと合わせるのが好き。買ってよかった。,5,2026-04-03 00:55:37 UTC,さき,warm-fluffy-doll-collar--2@example.invalid,8950818832611,warm-fluffy-doll-collar-sweater,,
使いやすいです,コンパクトなトップスと相性◎。デニムが硬すぎない。腰まわりが楽。デニムブルーを選びましたが手持ちと合わせやすいです。着回しが効くので買ってよかったです。,5,2026-04-21 02:25:37 UTC,アヤ,denim-overalls-1@example.invalid,8950814998755,denim-overalls,,
,"◎ デニムが硬すぎない
◎ 動きやすい",5,2026-03-09 20:20:43 UTC,コハル,denim-overalls-2@example.invalid,8950814998755,denim-overalls,,
参考になれば,チクチクしない。169cmでFを着用しています。小物で印象が変わる。また買います。,5,2026-03-19 16:29:47 UTC,アヤ,original-design-cold-pro-1@example.invalid,8950813556963,original-design-cold-proof-velvet-knit-hat,,
買ってよかった,チクチクしない！！🎀💗,5,2026-05-25 20:19:51 UTC,エマ,original-design-cold-pro-2@example.invalid,8950813556963,original-design-cold-proof-velvet-knit-hat,,
可愛すぎる,届いた瞬間テンション上がりました、チェックが派手じゃない、買ってよかった！🎀😍🥺,5,2026-05-11 03:23:21 UTC,ちー,bow-knot-plaid-oversized-1@example.invalid,8950808248547,bow-knot-plaid-oversized-shirt,,
サイズ迷ってる方へ,166cm、普段Lサイズです。この商品もLで、着丈54cm・胸囲90cmはほぼ表記どおりでした。ちょうどいい抜け感。普段のサイズで問題なかったです。,5,2026-07-04 08:18:48 UTC,Yui,bow-knot-plaid-oversized-2@example.invalid,8950808248547,bow-knot-plaid-oversized-shirt,,
最高でした,写真どおりで感動、チェックの色合いが落ち着いてる、また買います！🥺☺️✨,5,2026-05-19 21:59:00 UTC,りん,plaid-bubble-sleeve-blou-1@example.invalid,8950806020323,plaid-bubble-sleeve-blouse,,
,スカートと合わせると女っぽくなる。チェックの色合いが落ち着いてる。一枚で決まる。着回しが効くので買ってよかったです。✨,5,2026-05-15 21:15:27 UTC,Luna,plaid-bubble-sleeve-blou-2@example.invalid,8950806020323,plaid-bubble-sleeve-blouse,,
可愛すぎる,ひと目惚れして買いました、柄の出方がきれい、大満足！✨🫶😍,5,2026-05-09 09:05:37 UTC,ひなの,american-retro-red-plaid-1@example.invalid,8950801268963,american-retro-red-plaid-skirt,,
,シルエットがきれい。柄の出方がきれい。期待どおりでした。,5,2026-08-01 14:07:05 UTC,ホノカ,american-retro-red-plaid-2@example.invalid,8950801268963,american-retro-red-plaid-skirt,,
詳しめに書きます,編み目がきれい。169cmでLを着用しています。ロングスカートと合わせるのが好き。また買います。,5,2026-05-11 19:21:21 UTC,ルナ,american-retro-knitted-s-1@example.invalid,8950773842147,american-retro-knitted-shirt,,
可愛すぎる,可愛すぎる、古着っぽさがいい、また買います！🌸☺️,5,2026-07-07 21:35:30 UTC,ナナ,american-retro-knitted-s-2@example.invalid,8950773842147,american-retro-knitted-shirt,,
リピートです,二着目です。今回はアプリコットにしました。合わせやすい。思ったより透けない。またリピートすると思います。👗,5,2026-03-31 21:29:42 UTC,ハルカ,spring-semi-sheer-long-s-1@example.invalid,8950763552995,spring-semi-sheer-long-shirt,,
,思ったより透けない。155cmでMを着用しています。デニムに合わせてます。買ってよかった。,5,2026-05-21 03:18:57 UTC,R.N,spring-semi-sheer-long-s-2@example.invalid,8950763552995,spring-semi-sheer-long-shirt,,
可愛い,腰位置が高く見える！💗,5,2026-05-10 23:32:39 UTC,S.Y,retro-white-high-waist-w-1@example.invalid,8950731079907,retro-white-high-waist-wide-leg-pants,,
良い点と気になる点,"◎ 動きやすい
◎ 腰位置が高く見える
△ 少し透けるのでインナー必須",5,2026-07-19 00:23:30 UTC,みな,retro-white-high-waist-w-2@example.invalid,8950731079907,retro-white-high-waist-wide-leg-pants,,
使いやすいです,ロングスカートと合わせるのが好き。古着っぽさがいい。一枚で様になる。ピンクを選びましたが手持ちと合わせやすいです。一枚あると便利だと思います。🙆‍♀️,5,2026-07-09 15:03:59 UTC,なな,retro-polo-collar-zipper-1@example.invalid,8950723969251,retro-polo-collar-zipper-knit-shirt,,
良い点と気になる点,"◎ 編み目がきれい
◎ 長い期間着られそう
△ 少し透けるのでインナー必須",5,2026-03-22 06:26:23 UTC,Sena,retro-polo-collar-zipper-2@example.invalid,8950723969251,retro-polo-collar-zipper-knit-shirt,,
コーデしやすい,コンパクトなトップスと相性◎。レトロな雰囲気が好み。腰まわりが楽。ブルーを選びましたが手持ちと合わせやすいです。出番が多くなりそうです。,5,2026-06-03 15:30:59 UTC,ユナ,vintage-check-blue-brown-1@example.invalid,8950601187555,vintage-check-blue-brown-pants,,
サイズ表どおりでした,166cm、普段Lサイズです。この商品もLで、着丈105cm・ウエスト76cmはほぼ表記どおりでした。普段のサイズで問題なかったです。,5,2026-04-21 04:42:23 UTC,non,vintage-check-blue-brown-2@example.invalid,8950601187555,vintage-check-blue-brown-pants,,
リピートです,二着目です。今回はダークブルーにしました。羽織るだけで決まる。チェックの色合いが落ち着いてる。やっぱり間違いないです。✨,5,2026-07-13 10:15:07 UTC,Haruka,thickened-velvet-blue-ch-1@example.invalid,8950597255395,thickened-velvet-blue-check-cotton-jacket,,
最高でした,可愛すぎる、チェックの色合いが落ち着いてる、めっちゃ気に入ってる！🫶🌸,5,2026-03-18 12:02:45 UTC,はるか,thickened-velvet-blue-ch-2@example.invalid,8950597255395,thickened-velvet-blue-check-cotton-jacket,,
購入を迷っている方へ,セールになっていたので思いきって買ってみました。写真では分かりませんでしたが、リボンが主役。169cmでLを着用していて、着丈62cm・胸囲114cmは表記とほぼ同じでした。中がシンプルでも決まる。強いて言えば、色は画面で見るより少し落ち着いて見えます。長く着られそうです。,5,2026-07-21 05:49:50 UTC,ナナ,premium-bow-black-pu-lea-1@example.invalid,8950590013667,premium-bow-black-pu-leather-jacket,,
色違い購入,前に買って良かったのでまた買いました。今回はブラックにしました。羽織るだけで決まる。リボンが主役。またリピートすると思います。,5,2026-04-10 02:21:29 UTC,ユナ,premium-bow-black-pu-lea-2@example.invalid,8950590013667,premium-bow-black-pu-leather-jacket,,
写真より良い,写真で見るより可愛かったです。古着っぽさがいい。一枚で様になる。また利用します。,5,2026-05-11 18:32:15 UTC,チヒロ,retro-v-neck-sweater-1@example.invalid,8950584312035,retro-v-neck-sweater,,
詳しめに書きます,古着っぽさがいい。155cmでMを着用しています。ロングスカートと合わせるのが好き。めっちゃ気に入ってる。,5,2026-03-08 14:43:13 UTC,リオ,retro-v-neck-sweater-2@example.invalid,8950584312035,retro-v-neck-sweater,,
,着回しが効く、お気に入りになりました。✨🫶,5,2026-07-02 05:28:20 UTC,Mina,american-polo-neck-t-shi-1@example.invalid,8950477881571,american-polo-neck-t-shirt,,
,着回しが効く。期待どおりでした。,5,2026-06-06 19:08:54 UTC,Aoi,american-polo-neck-t-shi-2@example.invalid,8950477881571,american-polo-neck-t-shirt,,
コスパ良し,生地がしっかりしていて安っぽくないです。この値段でこの質感なら十分満足です。,5,2026-07-05 09:04:43 UTC,S.Y,drape-tie-straight-leg-s-1@example.invalid,8950464872675,drape-tie-straight-leg-sweatpants,,
リピートです,二着目です。今回はグレーにしました。腰まわりが楽。やっぱり間違いないです。🫧,5,2026-03-12 14:09:33 UTC,ハルカ🎀,drape-tie-straight-leg-s-2@example.invalid,8950464872675,drape-tie-straight-leg-sweatpants,,
写真より良い,思っていたよりしっかりしてました。チクチクしない。長い期間着られそう。インナー足して重ね着も。期待どおりでした。,5,2026-05-12 10:37:52 UTC,サキ,slim-turtleneck-knitted--1@example.invalid,8950294642915,slim-turtleneck-knitted-top,,
,色違いでリピしました。今回はホワイトにしました。一枚で様になる。チクチクしない。何回買っても満足してます。,5,2026-08-04 00:37:45 UTC,S.Y,slim-turtleneck-knitted--2@example.invalid,8950294642915,slim-turtleneck-knitted-top,,
好き,デニムが硬すぎない。💗🥺,5,2026-07-22 15:30:29 UTC,エマ🫶,washed-slim-straight-leg-1@example.invalid,8950220882147,washed-slim-straight-leg-jeans,,
生地がいい,デニムが硬すぎない。薄すぎず、ちゃんとした作りでした。コスパは良いと思います。,5,2026-05-16 04:11:42 UTC,Haruka,washed-slim-straight-leg-2@example.invalid,8950220882147,washed-slim-straight-leg-jeans,,
着回しやすい,スカートと合わせると女っぽくなる。古着っぽさがいい。一枚で決まる。ブルーを選びましたが手持ちと合わせやすいです。出番が多くなりそうです。😊,5,2026-03-22 04:23:38 UTC,なな,american-retro-blue-chec-1@example.invalid,8949827404003,american-retro-blue-check-shirt,,
,セールになっていたので思いきって買ってみました。写真では分かりませんでしたが、チェックが派手じゃない。156cmでMを着用していて、着丈53cm・胸囲86cmは表記とほぼ同じでした。羽織りとも相性いい。長く着られそうです。,5,2026-03-27 08:59:05 UTC,みお,american-retro-blue-chec-2@example.invalid,8949827404003,american-retro-blue-check-shirt,,
詳しめに書きます,ニットが柔らかい。154cmでSを着用しています。インナー足して重ね着も。リピ確定。,5,2026-03-30 17:00:35 UTC,リコ,vintage-literary-knit-lo-1@example.invalid,8941264306403,vintage-literary-knit-long-dress,,
,レビューが少なくて少し迷ったのですが、思いきって注文しました。写真では分かりませんでしたが、ニットが柔らかい。152cmでXSを選んでちょうどよかったです。インナー足して重ね着も。気になった点は、届いたときの折りジワが少し取れにくかったことくらいです。満足しています。,5,2026-04-28 05:37:12 UTC,すみれ,vintage-literary-knit-lo-2@example.invalid,8941264306403,vintage-literary-knit-long-dress,,
,単品でも使える。レースの透け感が絶妙。おすすめです。,5,2026-07-05 16:44:24 UTC,すみれ,lace-shirt-skirt-long-sk-1@example.invalid,8940993544419,lace-shirt-skirt-long-skirt,,
,色違いでリピしました。今回はホワイトにしました。統一感が出る。レースの透け感が絶妙。やっぱり間違いないです。🫧,5,2026-03-14 17:09:44 UTC,ナギサ,lace-shirt-skirt-long-sk-2@example.invalid,8940993544419,lace-shirt-skirt-long-skirt,,
着回しやすい,そのままで様になる。スタイルよく見える。着回しが効くので買ってよかったです。👗,5,2026-03-22 21:46:41 UTC,もも,niche-romantic-oil-paint-1@example.invalid,8940987482339,niche-romantic-oil-painting-style-suspender-dress,,
,夏フェスで着ました。一枚で完成する。そのままで様になる。😍☺️,5,2026-06-09 18:32:56 UTC,サキ,niche-romantic-oil-paint-2@example.invalid,8940987482339,niche-romantic-oil-painting-style-suspender-dress,,
まとめると,"◎ 動くたびにきれい
◎ 顔まわりが明るく見える
△ 少し透けるのでインナー必須",5,2026-03-21 19:03:38 UTC,ゆい,grey-racer-pleated-sleev-1@example.invalid,8940982403299,grey-racer-pleated-sleeveless-top,,
思ったよりしっかりしてる,"動くたびにきれい。薄すぎず、ちゃんとした作りでした。12,030円とは思えないです。",5,2026-05-19 00:42:29 UTC,あかり,grey-racer-pleated-sleev-2@example.invalid,8940982403299,grey-racer-pleated-sleeveless-top,,
,◎ スタイルよく見える,5,2026-03-16 21:12:18 UTC,Mina,v-neck-jacquard-commuter-1@example.invalid,8940975653091,v-neck-jacquard-commuter-dress,,
,シーンを選ばない。満足しています。,5,2026-04-02 05:25:51 UTC,マリン,v-neck-jacquard-commuter-2@example.invalid,8940975653091,v-neck-jacquard-commuter-dress,,
最高でした,ひと目惚れして買いました、リピ確定！🌸🥺😍,5,2026-05-02 03:08:45 UTC,A.T,mid-rise-sequin-track-pa-1@example.invalid,8940971032803,mid-rise-sequin-track-pants,,
,縫製も雑なところがなかったです。この値段でこの質感なら十分満足です。,5,2026-08-04 03:04:34 UTC,カナ,mid-rise-sequin-track-pa-2@example.invalid,8940971032803,mid-rise-sequin-track-pants,,
生地がいい,レースが上品。生地がしっかりしていて安っぽくないです。コスパは良いと思います。,5,2026-07-25 11:03:29 UTC,non,lace-trim-suspender-skir-1@example.invalid,8940963365091,lace-trim-suspender-skirt-and-top-set-up,,
着回しやすい,セットで着ると一気にまとまる。レースが上品。単品でも使える。出番が多くなりそうです。😊,5,2026-06-18 23:57:03 UTC,ルナ,lace-trim-suspender-skir-2@example.invalid,8940963365091,lace-trim-suspender-skirt-and-top-set-up,,
期待以上でした,思っていたよりしっかりしてました。レースが上品。統一感が出る。期待どおりでした。,5,2026-03-31 05:50:52 UTC,ノア,gray-lace-contrast-suspe-1@example.invalid,8940958220515,gray-lace-contrast-suspender-dress-set,,
サイズ迷ってる方へ,149cm、普段Sサイズです。この商品もSで、着丈81cm・ウエスト66cmはほぼ表記どおりでした。迷ったら表記どおりで大丈夫だと思います。トップスだけでも使える。,5,2026-06-25 02:16:46 UTC,すみれ,gray-lace-contrast-suspe-2@example.invalid,8940958220515,gray-lace-contrast-suspender-dress-set,,
,スタイルよく見える。おすすめです。,5,2026-04-07 15:50:46 UTC,ナナ,skin-friendly-simple-sli-1@example.invalid,8940952879331,skin-friendly-simple-slip-dress,,
好き,一枚で完成する、大満足。💕🌸✨,5,2026-04-19 09:12:28 UTC,M.K,skin-friendly-simple-sli-2@example.invalid,8940952879331,skin-friendly-simple-slip-dress,,
最高でした,届いた瞬間テンション上がりました、レースが上品、リピ確定！😍💗,5,2026-07-08 13:22:18 UTC,チヒロ,summer-lace-jacquard-dre-1@example.invalid,8940948259043,summer-lace-jacquard-dress,,
色違い購入,色違いでリピしました。今回はブラックにしました。スタイルよく見える。レースが上品。またリピートすると思います。🫧,5,2026-03-01 23:12:06 UTC,コハル,summer-lace-jacquard-dre-2@example.invalid,8940948259043,summer-lace-jacquard-dress,,
長くなりましたが,同系統のものを持っていないので、試しに買ってみました。実物を手に取ってみると、作りが丁寧。153cmでSを着用していて、着丈52cm・胸囲82cmは表記とほぼ同じでした。デニムに合わせてます。強いて言えば、色は画面で見るより少し落ち着いて見えます。長く着られそうです。,5,2026-04-06 15:43:14 UTC,Karen,shirred-commuter-t-shirt-1@example.invalid,8940943540451,shirred-commuter-t-shirt,,
良い点と気になる点,"◎ 合わせやすい
△ シワになりやすいかも",5,2026-05-04 11:20:35 UTC,Rio,shirred-commuter-t-shirt-2@example.invalid,8940943540451,shirred-commuter-t-shirt,,
コーデしやすい,セットで着ると一気にまとまる。レースの透け感が絶妙。単品でも使える。ホワイトを選びましたが手持ちと合わせやすいです。出番が多くなりそうです。,5,2026-08-07 14:44:06 UTC,ひなの,luxury-lace-sundress-set-1@example.invalid,8940936855779,luxury-lace-sundress-set-up,,
神,レースの透け感が絶妙、また買います！💕🌸🫶,5,2026-07-22 08:06:36 UTC,ユイ,luxury-lace-sundress-set-2@example.invalid,8940936855779,luxury-lace-sundress-set-up,,
良い点と気になる点,"◎ 長い期間着られそう
◎ 編み地がしっかりしてる",5,2026-08-01 09:19:42 UTC,リコ,herbaceous-grey-knit-sui-1@example.invalid,8940930629859,herbaceous-grey-knit-suit-set-up,,
神,編み地がしっかりしてる、色違いも欲しい！！🥺,5,2026-06-03 22:44:13 UTC,ユイ,herbaceous-grey-knit-sui-2@example.invalid,8940930629859,herbaceous-grey-knit-suit-set-up,,
,レビューが少なくて少し迷ったのですが、思いきって注文しました。届いて袋から出してまず思ったのが、作りが丁寧 ということ。154cmでSを着用していて、着丈59cm・胸囲104cmは表記とほぼ同じでした。中がシンプルでも決まる。気になった点は、届いたときの折りジワが少し取れにくかったことくらいです。長く着られそうです。,5,2026-03-02 08:39:28 UTC,ソラ,elegant-black-twist-card-1@example.invalid,8940930203875,elegant-black-twist-cardigan-top,,
,ここで買うの三回目です。今回はブラックにしました。中に着込める。やっぱり間違いないです。😊,5,2026-05-14 11:42:03 UTC,Mina,elegant-black-twist-card-2@example.invalid,8940930203875,elegant-black-twist-cardigan-top,,
可愛い,デコルテがきれいに見える、また買います！！🌸☺️🩷,5,2026-04-12 18:00:43 UTC,エマ,bow-print-off-the-should-1@example.invalid,8940928794851,bow-print-off-the-shoulder-top,,
,海行くとき用。顔まわりが明るく見える。リボンが取り外せたらもっと良かったけど可愛い。デニムに合わせてます。買ってよかったです。🌸,5,2026-04-16 13:02:49 UTC,ソラ,bow-print-off-the-should-2@example.invalid,8940928794851,bow-print-off-the-shoulder-top,,
詳しめに書きます,レースが安っぽくない。146cmでXSを着用しています。タイツで秋冬も。買ってよかった。,5,2026-07-13 17:54:17 UTC,ミオ,amber-faith-lace-embroid-1@example.invalid,8940926468323,amber-faith-lace-embroidered-skirt,,
最高,刺繍が丁寧！！🫶🩷☺️,5,2026-07-18 15:01:25 UTC,S.Y,amber-faith-lace-embroid-2@example.invalid,8940926468323,amber-faith-lace-embroidered-skirt,,
コスパ良し,手に取った質感が値段以上でした。コスパは良いと思います。,5,2026-07-26 07:58:55 UTC,ミオ,blue-hour-diamond-collar-1@example.invalid,8940923224291,blue-hour-diamond-collar-skirt-set-up,,
好き,迷わず着られる、お気に入りになりました！💗🫶,5,2026-07-14 23:20:56 UTC,ナナ,blue-hour-diamond-collar-2@example.invalid,8940923224291,blue-hour-diamond-collar-skirt-set-up,,
可愛い,ドットの大きさがちょうどいい、また買います！！😍🥺🌸,5,2026-07-20 21:14:10 UTC,モモ,polka-dot-plum-blossom-d-1@example.invalid,8940921454819,polka-dot-plum-blossom-dress,,
,一枚で完成する。ドットの大きさがちょうどいい。おすすめです。,5,2026-06-27 10:25:03 UTC,サキ,polka-dot-plum-blossom-d-2@example.invalid,8940921454819,polka-dot-plum-blossom-dress,,
サイズ感の参考に,146cm、普段XSサイズです。XSでちょうどよかったです。サイズ表どおりで選んで問題ないと思います。カーデと重ねても可愛い。,5,2026-05-17 21:09:05 UTC,ミナ,the-smell-of-firs-lace-c-1@example.invalid,8940918210787,the-smell-of-firs-lace-camisole-top,,
イメージどおり,届いてみたらしっかりしてました。レース部分がとにかく可愛い。インナーにも一枚でも使える。シャツを羽織って抜け感。長く着られそうです。,5,2026-07-14 13:20:44 UTC,りん,the-smell-of-firs-lace-c-2@example.invalid,8940918210787,the-smell-of-firs-lace-camisole-top,,
,タイツで秋冬も。レース部分がとにかく可愛い。一枚で雰囲気が出る。出番が多くなりそうです。,5,2026-07-25 11:15:12 UTC,non,versatile-black-lace-ski-1@example.invalid,8940917752035,versatile-black-lace-skirt,,
参考になれば,レース部分がとにかく可愛い。156cmでMを着用しています。スニーカーでも綺麗めでもいける。リピ確定。,5,2026-06-11 16:39:42 UTC,もも,versatile-black-lace-ski-2@example.invalid,8940917752035,versatile-black-lace-skirt,,
可愛すぎる,可愛すぎる、リピ確定！🌸😍🩷,5,2026-05-11 08:40:18 UTC,Yui,ancola-red-velvet-heavy--1@example.invalid,8940917096675,ancola-red-velvet-heavy-industries-skirt,,
お気に入り,152cmでXSを着用しています。シンプルなトップスで十分。色違いも欲しい。,5,2026-06-07 09:09:29 UTC,モモ,ancola-red-velvet-heavy--2@example.invalid,8940917096675,ancola-red-velvet-heavy-industries-skirt,,
旅行に持っていきました,写真撮るとき用に。肌ざわりがいい。編み目がきれい。パンツでもスカートでも。,5,2026-06-29 19:02:52 UTC,エマ,three-dimensional-flower-1@example.invalid,8940914016483,three-dimensional-flower-knitted-set-up,,
お気に入り,花柄が派手すぎない。151cmでSを着用しています。パンツでもスカートでも。お気に入りになりました。,5,2026-05-24 01:26:24 UTC,みお,three-dimensional-flower-2@example.invalid,8940914016483,three-dimensional-flower-knitted-set-up,,
期待以上でした,画面で見るより可愛かったです。チクチクしない。一枚で様になる。おすすめです。,5,2026-07-15 02:59:28 UTC,あかり,versatile-knitted-cloud--1@example.invalid,8940913197283,versatile-knitted-cloud-white-vest,,
,一枚で様になる。チクチクしない。満足しています。,5,2026-06-04 14:34:59 UTC,マナ,versatile-knitted-cloud--2@example.invalid,8940913197283,versatile-knitted-cloud-white-vest,,
コーデしやすい,小物で印象が変わる。シーンを選ばない。着回しが効くので買ってよかったです。,5,2026-05-23 23:08:51 UTC,ミナ,beads-heavy-industries-v-1@example.invalid,8940912279779,beads-heavy-industries-velvet-dress,,
買ってよかった,一枚で完成する〜！💕☺️💗,5,2026-06-27 06:06:04 UTC,ゆい,beads-heavy-industries-v-2@example.invalid,8940912279779,beads-heavy-industries-velvet-dress,,
リピートです,ここで買うの三回目です。今回はホワイトにしました。シーンを選ばない。レースの透け感が絶妙。何回買っても満足してます。,5,2026-07-24 09:14:33 UTC,あおい,lace-heavy-industry-maxi-1@example.invalid,8940910805219,lace-heavy-industry-maxi-dress,,
,そのままで様になる。レースの透け感が絶妙。シーンを選ばない。一枚あると便利だと思います。,5,2026-05-02 22:23:34 UTC,Mina,lace-heavy-industry-maxi-2@example.invalid,8940910805219,lace-heavy-industry-maxi-dress,,
,シンプルなトップスで十分。動くたびにきれい。丈感がちょうどいい。ブラックを選びましたが手持ちと合わせやすいです。着回しが効くので買ってよかったです。,5,2026-03-17 07:21:46 UTC,ハルカ,double-waist-pleated-a-l-1@example.invalid,8940909691107,double-waist-pleated-a-line-skirt,,
色違い購入,二着目です。今回はブラックにしました。丈感がちょうどいい。動くたびにきれい。やっぱり間違いないです。🙆‍♀️,5,2026-04-18 20:20:32 UTC,アヤ,double-waist-pleated-a-l-2@example.invalid,8940909691107,double-waist-pleated-a-line-skirt,,
コーデしやすい,小物で印象が変わる。シーンを選ばない。ホワイトを選びましたが手持ちと合わせやすいです。出番が多くなりそうです。,5,2026-07-31 09:32:09 UTC,マリン,greece-goddess-embossed--1@example.invalid,8940908609763,greece-goddess-embossed-long-dress,,
ひと目惚れ,可愛すぎる、リピ確定！🎀😍✨,5,2026-03-24 03:02:51 UTC,あかり,greece-goddess-embossed--2@example.invalid,8940908609763,greece-goddess-embossed-long-dress,,
可愛すぎる,可愛すぎる、レースの透け感が絶妙、リピ確定！☺️💗,5,2026-06-04 14:14:05 UTC,さき,slim-lace-strap-base-lay-1@example.invalid,8940906479843,slim-lace-strap-base-layer-top,,
思ったよりしっかりしてる,レースの透け感が絶妙。手に取った質感が値段以上でした。この値段でこの質感なら十分満足です。,5,2026-05-28 22:22:24 UTC,ハルカ,slim-lace-strap-base-lay-2@example.invalid,8940906479843,slim-lace-strap-base-layer-top,,
可愛い,レースが安っぽくない、買ってよかった！！✨,5,2026-05-24 17:50:02 UTC,ちひろ,casual-slim-jacket-wide--1@example.invalid,8940903432419,casual-slim-jacket-wide-lace-pants-set-up,,
まとめると,"◎ 体のラインがきれいに見える
◎ レースが安っぽくない
◎ 羽織るだけで決まる
△ 少し透けるのでインナー必須",5,2026-06-01 13:22:30 UTC,あおい,casual-slim-jacket-wide--2@example.invalid,8940903432419,casual-slim-jacket-wide-lace-pants-set-up,,
詳しく書きます,同系統のものを持っていないので、試しに買ってみました。写真では分かりませんでしたが、作りが丁寧。164cmでMを着用していて、着丈82cm・ウエスト70cmは表記とほぼ同じでした。そのままで様になる。強いて言えば、色は画面で見るより少し落ち着いて見えます。買ってよかったです。,5,2026-04-02 15:46:14 UTC,サキ☺️,elegant-waist-slip-dress-1@example.invalid,8940902645987,elegant-waist-slip-dress,,
お気に入り,152cmでSを着用しています。羽織りを足せば長く着られる。色違いも欲しい。,5,2026-03-23 05:12:23 UTC,マナ,elegant-waist-slip-dress-2@example.invalid,8940902645987,elegant-waist-slip-dress,,
,手に取った質感が値段以上でした。この値段でこの質感なら十分満足です。,5,2026-03-13 18:49:47 UTC,ノア,sporty-chic-bud-skirt-dr-1@example.invalid,8940901892323,sporty-chic-bud-skirt-dress,,
最高,一枚で完成する、めっちゃ気に入ってる！🩷💗,5,2026-05-14 05:34:07 UTC,ミナ,sporty-chic-bud-skirt-dr-2@example.invalid,8940901892323,sporty-chic-bud-skirt-dress,,
ひと目惚れ,届いた瞬間テンション上がりました、買ってよかった！💕🌸,5,2026-05-24 11:12:54 UTC,さき,elegant-one-shoulder-top-1@example.invalid,8940899434723,elegant-one-shoulder-tops-set-up,,
お気に入り,151cmでSを着用しています。トップスだけでも使える。リピ確定。,5,2026-06-29 09:29:16 UTC,ミオ,elegant-one-shoulder-top-2@example.invalid,8940899434723,elegant-one-shoulder-tops-set-up,,
写真より良い,届いてみたらきれいめに見えました。編み目がきれい。長い期間着られそう。パンツでもスカートでも。おすすめです。,5,2026-04-03 15:37:32 UTC,R.N,sporty-strap-knit-top-se-1@example.invalid,8940897599715,sporty-strap-knit-top-set-up,,
購入を迷っている方へ,セールになっていたので思いきって買ってみました。届いて袋から出してまず思ったのが、編み目がきれい ということ。172cmでLを着用していて、着丈56cm・胸囲88cmは表記とほぼ同じでした。インナー足して重ね着も。おすすめです。,5,2026-07-12 00:53:42 UTC,Mina,sporty-strap-knit-top-se-2@example.invalid,8940897599715,sporty-strap-knit-top-set-up,,
,合わせやすい。長く着られそうです。,5,2026-08-01 14:20:26 UTC,Y.S,relaxed-outdoor-soft-sol-1@example.invalid,8940615729379,relaxed-outdoor-soft-sole-sneakers,,
最高,合わせやすい、めっちゃ気に入ってる！💗💕,5,2026-05-02 04:31:01 UTC,ゆきの,relaxed-outdoor-soft-sol-2@example.invalid,8940615729379,relaxed-outdoor-soft-sole-sneakers,,
,羽織りを足せば長く着られる。シーンを選ばない。着回しが効くので買ってよかったです。,5,2026-05-06 17:23:36 UTC,ゆきの,tight-fit-slim-dress-1@example.invalid,8940309020899,tight-fit-slim-dress,,
写真より良い,思っていたより可愛かったです。シーンを選ばない。小物で印象が変わる。満足しています。,5,2026-03-25 02:20:56 UTC,ルナ,tight-fit-slim-dress-2@example.invalid,8940309020899,tight-fit-slim-dress,,
,◎ 合わせやすい,5,2026-07-11 06:05:21 UTC,まな,soft-breeze-top-1@example.invalid,8940285755619,soft-breeze-top,,
サイズ表どおりでした,149cm、普段Sサイズです。この商品もSで、着丈70cm・ウエスト82cmはほぼ表記どおりでした。迷ったら表記どおりで大丈夫だと思います。羽織りとも相性いい。,5,2026-04-30 22:26:32 UTC,リコ🩷,soft-breeze-top-2@example.invalid,8940285755619,soft-breeze-top,,
良い点と気になる点,"◎ 動くたびにきれい
◎ スタイルよく見える",5,2026-04-25 10:23:23 UTC,Sena,pleated-textured-shirt-d-1@example.invalid,8940262064355,pleated-textured-shirt-dress,,
ひと目惚れ,可愛すぎる、動くたびにきれい、お気に入りになりました！😍☺️💕,5,2026-03-09 19:16:44 UTC,A.T,pleated-textured-shirt-d-2@example.invalid,8940262064355,pleated-textured-shirt-dress,,
生地がいい,レースの透け感が絶妙。薄すぎず、ちゃんとした作りでした。コスパは良いと思います。,5,2026-05-13 00:11:08 UTC,エマ,nightfall-gingham-lace-m-1@example.invalid,8940260655331,nightfall-gingham-lace-mini-dress,,
旅行に持っていきました,ライブ用に買いました。シーンを選ばない。レースの透け感が絶妙。そのままで様になる。おすすめです。🩷💗,5,2026-07-19 16:20:49 UTC,みな,nightfall-gingham-lace-m-2@example.invalid,8940260655331,nightfall-gingham-lace-mini-dress,,
最高,シーンを選ばない、色違いも欲しい！！🎀☺️💗,5,2026-05-23 10:57:38 UTC,モモ,fruitful-elegance-halter-1@example.invalid,8940260032739,fruitful-elegance-halter-dress,,
出番多そう,海行くとき用。一枚で完成する。小物で印象が変わる。,5,2026-07-06 16:38:21 UTC,セナ,fruitful-elegance-halter-2@example.invalid,8940260032739,fruitful-elegance-halter-dress,,
買ってよかった,統一感が出る。🥺😍🎀,5,2026-04-16 10:38:35 UTC,ここ,sycamore-rose-fiber-vest-1@example.invalid,8940259410147,sycamore-rose-fiber-vest-balloon-dress,,
旅行に持っていきました,ライブ用に買いました。単品でも使える。セットで着ると一気にまとまる。,5,2026-06-11 02:20:37 UTC,アカリ,sycamore-rose-fiber-vest-2@example.invalid,8940259410147,sycamore-rose-fiber-vest-balloon-dress,,
コーデしやすい,シンプルなトップスで十分。シルエットがきれい。着回しが効くので買ってよかったです。,5,2026-04-08 01:30:12 UTC,ユイ,lime-bliss-boho-peplum-s-1@example.invalid,8940258164963,lime-bliss-boho-peplum-skirt,,
,シルエットがきれい。買ってよかったです。,5,2026-06-21 12:02:26 UTC,アオイ,lime-bliss-boho-peplum-s-2@example.invalid,8940258164963,lime-bliss-boho-peplum-skirt,,
長くなりましたが,同系統のものを持っていないので、試しに買ってみました。実物を手に取ってみると、サテンの光沢が上品。153cmでSを着用していて、着丈81cm・ウエスト66cmは表記とほぼ同じでした。トップスだけでも使える。おすすめです。,5,2026-04-20 11:49:10 UTC,コハル,silk-satin-dress-camisol-1@example.invalid,8940256723171,silk-satin-dress-camisole-set-up,,
,単品でも使える。サテンの光沢が上品。また利用します。,5,2026-06-28 00:03:20 UTC,Karen,silk-satin-dress-camisol-2@example.invalid,8940256723171,silk-satin-dress-camisole-set-up,,
,"◎ 重ね着の幅が広がる
◎ フリルにボリュームがある",5,2026-04-03 08:27:07 UTC,セナ,ruffled-v-neck-camisole-1@example.invalid,8940256395491,ruffled-v-neck-camisole,,
サイズ迷ってる方へ,163cm、普段Mサイズです。この商品もMで、着丈50cm・胸囲90cmはほぼ表記どおりでした。迷ったら表記どおりで大丈夫だと思います。シャツを羽織って抜け感。,5,2026-06-09 07:05:26 UTC,みお,ruffled-v-neck-camisole-2@example.invalid,8940256395491,ruffled-v-neck-camisole,,
使いやすいです,ハイウエストと合わせてます。インナー次第で調整できる。肩紐の位置がいい。ホワイトを選びましたが手持ちと合わせやすいです。一枚あると便利だと思います。,5,2026-05-08 04:03:06 UTC,ミオ,moonlit-mesh-camisole-to-1@example.invalid,8940255215843,moonlit-mesh-camisole-top,,
まとめると,"◎ 肩紐の位置がいい
◎ インナー次第で調整できる
△ 少し透けるのでインナー必須",5,2026-07-08 12:35:07 UTC,リオ☺️,moonlit-mesh-camisole-to-2@example.invalid,8940255215843,moonlit-mesh-camisole-top,,
,デート用に。一枚で様になる。編み目がきれい。ロングスカートと合わせるのが好き。おすすめです。,5,2026-07-04 03:33:30 UTC,S.Y,snowflake-knit-hoodie-pa-1@example.invalid,8940253544675,snowflake-knit-hoodie-patchwork-shorts-set-up,,
可愛い,編み目がきれい、色違いも欲しい。☺️🎀,5,2026-05-12 21:14:36 UTC,Rio,snowflake-knit-hoodie-pa-2@example.invalid,8940253544675,snowflake-knit-hoodie-patchwork-shorts-set-up,,
,編み地がしっかりしてる。158cmでMを着用しています。ロングスカートと合わせるのが好き。リピ確定。,5,2026-05-12 08:35:11 UTC,ホノカ🫶,summer-love-cutout-knit--1@example.invalid,8940252004579,summer-love-cutout-knit-tank,,
,セールになっていたので思いきって買ってみました。実物を手に取ってみると、肌の見え方が上品。165cmでMを着用していて、着丈56cm・胸囲85cmは表記とほぼ同じでした。ロングスカートと合わせるのが好き。気になった点は、届いたときの折りジワが少し取れにくかったことくらいです。買ってよかったです。,5,2026-05-19 03:26:36 UTC,さき,summer-love-cutout-knit--2@example.invalid,8940252004579,summer-love-cutout-knit-tank,,
最高,顔まわりが明るく見える、買ってよかった。🌸,5,2026-05-22 20:28:43 UTC,Momo,vibes-cotton-slim-tee-1@example.invalid,8940250726627,vibes-cotton-slim-tee,,
最高でした,写真どおりで感動、めっちゃ気に入ってる！💕☺️💗,5,2026-03-11 05:55:54 UTC,ソラ,vibes-cotton-slim-tee-2@example.invalid,8940250726627,vibes-cotton-slim-tee,,
旅行に持っていきました,デート用に。一枚で完成する。そのままで様になる。おすすめです。🥺,5,2026-06-03 02:12:27 UTC,ルナ,spring-breeze-gradient-d-1@example.invalid,8940178669795,spring-breeze-gradient-dress,,
良い点と気になる点,"◎ スタイルよく見える
△ 色は画面より少し落ち着いてる",5,2026-05-12 22:12:10 UTC,non,spring-breeze-gradient-d-2@example.invalid,8940178669795,spring-breeze-gradient-dress,,
神,花柄が上品！！🫶,5,2026-05-12 18:16:42 UTC,リオ,bohemian-floral-embroide-1@example.invalid,8940166906083,bohemian-floral-embroidered-dress,,
出番多そう,夏フェスで着ました。スタイルよく見える。花柄が上品。小物で印象が変わる。,5,2026-07-17 18:59:41 UTC,ユイ,bohemian-floral-embroide-2@example.invalid,8940166906083,bohemian-floral-embroidered-dress,,
良い点と気になる点,"◎ レースが安っぽくない
◎ 顔まわりが明るく見える",5,2026-06-22 09:13:12 UTC,ユナ,antibacterial-lace-tee-1@example.invalid,8940152389859,antibacterial-lace-tee,,
サイズ感の参考に,151cm、普段Sサイズです。この商品もSで、着丈54cm・肩幅34cmはほぼ表記どおりでした。迷ったら表記どおりで大丈夫だと思います。スカートと合わせると女っぽくなる。,5,2026-06-07 16:19:09 UTC,チヒロ🎀,antibacterial-lace-tee-2@example.invalid,8940152389859,antibacterial-lace-tee,,
神,プリーツがしっかりついてる、買ってよかった〜！🩷😍,5,2026-07-06 15:39:40 UTC,ゆい,cotton-tank-pleated-skir-1@example.invalid,8940128108771,cotton-tank-pleated-skirt-set-up,,
参考になれば,プリーツがしっかりついてる。152cmでXSを着用しています。セットで着ると一気にまとまる。めっちゃ気に入ってる。,5,2026-05-14 01:38:59 UTC,Yui,cotton-tank-pleated-skir-2@example.invalid,8940128108771,cotton-tank-pleated-skirt-set-up,,
最高,スタイルよく見える。✨,5,2026-04-20 02:04:13 UTC,ひなの,blissful-tomato-leaf-dre-1@example.invalid,8940100354275,blissful-tomato-leaf-dress,,
コーデしやすい,そのままで様になる。一枚で完成する。フラワーを選びましたが手持ちと合わせやすいです。出番が多くなりそうです。,5,2026-07-14 11:39:21 UTC,ゆい,blissful-tomato-leaf-dre-2@example.invalid,8940100354275,blissful-tomato-leaf-dress,,
生地がいい,手に取った質感が値段以上でした。この値段でこの質感なら十分満足です。,5,2026-03-11 04:09:21 UTC,アヤ,summer-serenity-halter-d-1@example.invalid,8940094554339,summer-serenity-halter-dress,,
,スタイルよく見える。満足しています。,5,2026-06-28 17:34:11 UTC,ひなの,summer-serenity-halter-d-2@example.invalid,8940094554339,summer-serenity-halter-dress,,
出番多そう,普段使いに。シーンを選ばない。羽織りを足せば長く着られる。,5,2026-07-05 12:10:53 UTC,ヒナ,spring-picnic-slim-fit-c-1@example.invalid,8940093800675,spring-picnic-slim-fit-camisole-dress,,
参考になれば,159cmでMを着用しています。すっきり見える。そのままで様になる。また買います。,5,2026-03-06 08:36:25 UTC,ちひろ,spring-picnic-slim-fit-c-2@example.invalid,8940093800675,spring-picnic-slim-fit-camisole-dress,,
,レビューが少なくて少し迷ったのですが、思いきって注文しました。実物を手に取ってみると、古着っぽさがいい。160cmでMを着用していて、総丈132cmは表記とほぼ同じでした。羽織りを足せば長く着られる。洗濯は念のためネットに入れています。長く着られそうです。,5,2026-03-26 04:37:05 UTC,ユナ,vintage-camisole-dress-1@example.invalid,8940093276387,vintage-camisole-dress,,
買ってよかった,くすみ加減が好き、めっちゃ気に入ってる。✨☺️💗,5,2026-08-02 12:43:26 UTC,S.Y,vintage-camisole-dress-2@example.invalid,8940093276387,vintage-camisole-dress,,
まとめると,"◎ 花柄の色数が抑えてある
◎ 統一感が出る
△ 色は画面より少し落ち着いてる",5,2026-04-28 12:42:43 UTC,ミク🫶,floral-peplum-culottes-s-1@example.invalid,8940090687715,floral-peplum-culottes-skirt-set,,
コスパ良し,花柄が上品。生地がしっかりしていて安っぽくないです。コスパは良いと思います。,5,2026-05-19 04:26:06 UTC,シオリ,floral-peplum-culottes-s-2@example.invalid,8940090687715,floral-peplum-culottes-skirt-set,,
,夏フェスで着ました。合わせやすい。羽織りとも相性いい。また利用します。🎀,5,2026-03-15 20:13:47 UTC,スミレ,flying-bird-tee-1@example.invalid,8940089442531,flying-bird-tee,,
買ってよかった,着回しが効く。😍🩷💗,5,2026-05-20 12:26:35 UTC,マリン,flying-bird-tee-2@example.invalid,8940089442531,flying-bird-tee,,
詳しめに書きます,152cmでSを着用しています。羽織りとも相性いい。めっちゃ気に入ってる。,5,2026-05-10 15:00:58 UTC,モモ,scattered-logo-tee-1@example.invalid,8940088459491,scattered-logo-tee,,
参考までに,160cm、普段Mサイズです。この商品もMで、着丈53cm・肩幅35cmはほぼ表記どおりでした。迷ったら表記どおりで大丈夫だと思います。スカートと合わせると女っぽくなる。,5,2026-03-03 13:15:03 UTC,ルナ,scattered-logo-tee-2@example.invalid,8940088459491,scattered-logo-tee,,
,158cmでMを着用しています。スカートと合わせると女っぽくなる。リピ確定。,5,2026-05-26 19:07:19 UTC,N.H,whispering-v-neck-tee-1@example.invalid,8940086788323,whispering-v-neck-tee,,
,手に取った質感が値段以上でした。コスパは良いと思います。,5,2026-03-02 17:55:47 UTC,もも,whispering-v-neck-tee-2@example.invalid,8940086788323,whispering-v-neck-tee,,
サイズ迷ってる方へ,164cm、普段Mサイズです。この商品もMで、着丈56cm・肩幅37cmはほぼ表記どおりでした。サイズ表どおりで選んで問題ないと思います。パンツでもスカートでも。,5,2026-05-23 16:46:11 UTC,ユナ🥺,bloom-knit-top-1@example.invalid,8940085969123,bloom-knit-top,,
可愛い,編み地がしっかりしてる〜！💗🎀🩷,5,2026-06-18 22:49:31 UTC,カナ,bloom-knit-top-2@example.invalid,8940085969123,bloom-knit-top,,
良い点と気になる点,◎ 合わせやすい,5,2026-04-05 13:31:46 UTC,なな,sunset-diamond-polo-tee-1@example.invalid,8940085510371,sunset-diamond-polo-tee,,
,羽織りとも相性いい。合わせやすい。一枚あると便利だと思います。,5,2026-06-27 04:44:55 UTC,ミク,sunset-diamond-polo-tee-2@example.invalid,8940085510371,sunset-diamond-polo-tee,,
使いやすいです,スカートと合わせると女っぽくなる。顔まわりが明るく見える。ホワイトを選びましたが手持ちと合わせやすいです。着回しが効くので買ってよかったです。,5,2026-06-22 19:34:02 UTC,M.K,windfold-bubble-sleeve-s-1@example.invalid,8940015288547,windfold-bubble-sleeve-shirt,,
イメージどおり,写真で見るより落ち着いた色味でした。合わせやすい。スカートと合わせると女っぽくなる。期待どおりでした。,5,2026-05-31 01:25:28 UTC,ハルカ,windfold-bubble-sleeve-s-2@example.invalid,8940015288547,windfold-bubble-sleeve-shirt,,
サイズ感の参考に,158cm、普段Mサイズです。この商品もMで、ウエスト76cm・総丈106cmはほぼ表記どおりでした。締めつけ感ゼロ。普段のサイズで問題なかったです。コンパクトなトップスと相性◎。,5,2026-03-12 06:20:57 UTC,なな,pear-lounge-pants-1@example.invalid,8938908778723,pear-lounge-pants,,
可愛すぎる,届いた瞬間テンション上がりました、色違いも欲しい！😍☺️,5,2026-07-22 13:04:03 UTC,Mina,pear-lounge-pants-2@example.invalid,8938908778723,pear-lounge-pants,,
色違い購入,色違いでリピしました。今回はデザートダストにしました。動きやすい。レースの透け感が絶妙。またリピートすると思います。,5,2026-08-03 05:16:52 UTC,ミオ,copper-lace-wide-leg-pan-1@example.invalid,8938905338083,copper-lace-wide-leg-pants,,
,"レースの透け感が絶妙。縫製も雑なところがなかったです。19,210円とは思えないです。",5,2026-08-02 14:20:12 UTC,ミク,copper-lace-wide-leg-pan-2@example.invalid,8938905338083,copper-lace-wide-leg-pants,,
ひと目惚れ,可愛すぎる、レース部分がとにかく可愛い、大満足！✨💗,5,2026-04-16 14:56:44 UTC,ナナ,breathable-lace-slimming-1@example.invalid,8938903699683,breathable-lace-slimming-camisole,,
,インナーにも一枚でも使える。レース部分がとにかく可愛い。期待どおりでした。,5,2026-06-16 08:51:27 UTC,N.H,breathable-lace-slimming-2@example.invalid,8938903699683,breathable-lace-slimming-camisole,,
サイズ表どおりでした,153cm、普段XSサイズです。この商品もXSで、ウエスト58cm・胸囲76cmはほぼ表記どおりでした。迷ったら表記どおりで大丈夫だと思います。羽織りを足せば長く着られる。,5,2026-06-04 17:51:55 UTC,ノア,breeze-u-neck-dress-1@example.invalid,8938898686179,breeze-u-neck-dress,,
思ったよりしっかりしてる,"生地がしっかりしていて安っぽくないです。19,290円とは思えないです。",5,2026-03-28 12:59:57 UTC,すみれ,breeze-u-neck-dress-2@example.invalid,8938898686179,breeze-u-neck-dress,,
,レビューが少なくて少し迷ったのですが、思いきって注文しました。届いて袋から出してまず思ったのが、リボンが主役 ということ。151cmでSを着用していて、ウエスト65cm・胸囲86cmは表記とほぼ同じでした。羽織りを足せば長く着られる。洗濯は念のためネットに入れています。買ってよかったです。,5,2026-03-09 03:06:08 UTC,アオイ,sweet-bow-tie-mini-dress-1@example.invalid,8938896654563,sweet-bow-tie-mini-dress,,
最高,リボンが主役、大満足〜！🎀🌸,5,2026-05-08 17:27:53 UTC,Karen,sweet-bow-tie-mini-dress-2@example.invalid,8938896654563,sweet-bow-tie-mini-dress,,
,画面で見るより落ち着いた色味でした。編み地がしっかりしてる。肌ざわりがいい。ロングスカートと合わせるのが好き。おすすめです。,5,2026-03-21 02:32:02 UTC,マナ,comfort-knit-set-up-1@example.invalid,8938894786787,comfort-knit-set-up,,
コスパ良し,"編み地がしっかりしてる。薄すぎず、ちゃんとした作りでした。13,210円とは思えないです。",5,2026-03-11 01:47:58 UTC,ホノカ🩷,comfort-knit-set-up-2@example.invalid,8938894786787,comfort-knit-set-up,,
最高でした,届いた瞬間テンション上がりました、チェックが派手じゃない、買ってよかった！🌸✨💕,5,2026-05-24 01:40:53 UTC,スミレ,lime-plaid-skirt-1@example.invalid,8938892886243,lime-plaid-skirt,,
生地がいい,チェックが派手じゃない。縫製も雑なところがなかったです。この値段でこの質感なら十分満足です。,5,2026-03-29 20:07:36 UTC,マナ,lime-plaid-skirt-2@example.invalid,8938892886243,lime-plaid-skirt,,
リピートです,ここで買うの三回目です。今回はコルゲートブラウンにしました。一枚で完成する。やっぱり間違いないです。,5,2026-04-06 03:51:02 UTC,リオ,waist-cinching-crocodile-1@example.invalid,8938890625251,waist-cinching-crocodile-dress,,
参考になれば,162cmでMを着用しています。小物で印象が変わる。大満足。,5,2026-07-09 23:30:45 UTC,ミク,waist-cinching-crocodile-2@example.invalid,8938890625251,waist-cinching-crocodile-dress,,
可愛すぎる,ひと目惚れして買いました、チェックの色合いが落ち着いてる、リピ確定！💗💕,5,2026-08-08 08:22:28 UTC,はるか,linen-plaid-dress-1@example.invalid,8938889248995,linen-plaid-dress,,
神,チェックの色合いが落ち着いてる〜！💗🫶☺️,5,2026-04-26 04:11:57 UTC,あおい,linen-plaid-dress-2@example.invalid,8938889248995,linen-plaid-dress,,
,統一感が出る。きれいに沿う。おすすめです。,5,2026-07-04 02:01:27 UTC,チヒロ,stretch-chambray-camisol-1@example.invalid,8938883743971,stretch-chambray-camisole-set,,
生地がいい,"手に取った質感が値段以上でした。14,270円とは思えないです。",5,2026-03-22 22:36:32 UTC,コハル,stretch-chambray-camisol-2@example.invalid,8938883743971,stretch-chambray-camisole-set,,
可愛い,腰まわりが楽！！💗🩷🎀,5,2026-04-04 17:11:21 UTC,ナギサ,wide-leg-tencel-hemp-pan-1@example.invalid,8938872832227,wide-leg-tencel-hemp-pants,,
着回しやすい,コンパクトなトップスと相性◎。腰まわりが楽。出番が多くなりそうです。👍,5,2026-08-07 16:38:14 UTC,K,wide-leg-tencel-hemp-pan-2@example.invalid,8938872832227,wide-leg-tencel-hemp-pants,,
,迷わず着られる。おすすめです。,5,2026-08-08 05:06:03 UTC,ミク😍,adventure-linen-set-up-1@example.invalid,8938869850339,adventure-linen-set-up,,
コーデしやすい,小物で印象が変わる。単品でも使える。ホワイトを選びましたが手持ちと合わせやすいです。一枚あると便利だと思います。👗,5,2026-05-22 00:31:42 UTC,ユナ,adventure-linen-set-up-2@example.invalid,8938869850339,adventure-linen-set-up,,
,友達の結婚式の二次会に。一枚で決まる。羽織りとも相性いい。満足しています。,5,2026-04-19 10:47:51 UTC,ミオ☺️,chic-layered-t-shirt-1@example.invalid,8938858184931,chic-layered-t-shirt,,
生地がいい,縫製も雑なところがなかったです。この値段でこの質感なら十分満足です。,5,2026-05-16 16:42:57 UTC,モモ,chic-layered-t-shirt-2@example.invalid,8938858184931,chic-layered-t-shirt,,
,羽織りとも相性いい。顔まわりが明るく見える。出番が多くなりそうです。😊,5,2026-07-05 11:21:26 UTC,ホノカ,lycra-polo-hoodie-1@example.invalid,8938819191011,lycra-polo-hoodie,,
最高,合わせやすい、また買います〜！🩷🎀☺️,5,2026-05-08 03:15:40 UTC,あかり,lycra-polo-hoodie-2@example.invalid,8938819191011,lycra-polo-hoodie,,
着回しやすい,小物で印象が変わる。レース部分がとにかく可愛い。単品でも使える。着回しが効くので買ってよかったです。,5,2026-05-26 08:27:32 UTC,カナ,lace-up-top-wide-leg-pan-1@example.invalid,8938815848675,lace-up-top-wide-leg-pants-set-up,,
サイズ迷ってる方へ,153cm、普段Sサイズです。この商品もSで、着丈35cm・胸囲78cmはほぼ表記どおりでした。ゆとりがあって楽。サイズ表どおりで選んで問題ないと思います。セットで着ると一気にまとまる。,5,2026-05-13 23:39:37 UTC,Aoi,lace-up-top-wide-leg-pan-2@example.invalid,8938815848675,lace-up-top-wide-leg-pants-set-up,,
最高,チェックの色合いが落ち着いてる〜！🫶🌸✨,5,2026-08-05 00:57:14 UTC,ナギサ,sun-plaid-shirt-shorts-s-1@example.invalid,8938779246819,sun-plaid-shirt-shorts-set-up,,
,ここで買うの三回目です。今回はブルーにしました。迷わず着られる。チェックの色合いが落ち着いてる。やっぱり間違いないです。,5,2026-04-23 14:36:03 UTC,ちー,sun-plaid-shirt-shorts-s-2@example.invalid,8938779246819,sun-plaid-shirt-shorts-set-up,,
思ったよりしっかりしてる,リボンが取り外せたらもっと良かったけど可愛い。薄すぎず、ちゃんとした作りでした。コスパは良いと思います。,5,2026-07-29 11:20:02 UTC,ホノカ😍,cool-bow-tee-1@example.invalid,8938777313507,cool-bow-tee,,
,旅行用に買いました。着回しが効く。リボンが取り外せたらもっと良かったけど可愛い。羽織りとも相性いい。,5,2026-04-20 11:53:17 UTC,マリン,cool-bow-tee-2@example.invalid,8938777313507,cool-bow-tee,,
長くなりましたが,前から似たようなものを探していて、写真の雰囲気に惹かれて購入しました。届いて袋から出してまず思ったのが、チェックの色合いが落ち着いてる ということ。160cmでMを着用していて、ウエスト64cm・胸囲78cmは表記とほぼ同じでした。羽織りとも相性いい。期待どおりでした。,5,2026-04-24 21:21:10 UTC,Momo,plaid-cotton-tee-1@example.invalid,8938767089891,plaid-cotton-tee,,
期待以上でした,写真で見るより可愛かったです。チェックの色合いが落ち着いてる。合わせやすい。長く着られそうです。,5,2026-08-08 06:51:49 UTC,ユイ,plaid-cotton-tee-2@example.invalid,8938767089891,plaid-cotton-tee,,
購入を迷っている方へ,レビューが少なくて少し迷ったのですが、思いきって注文しました。写真では分かりませんでしたが、作りが丁寧。165cmでMを着用していて、ウエスト70cm・胸囲85cmは表記とほぼ同じでした。ゆとりがあって楽。長時間着ていても疲れませんでした。小物で印象が変わる。おすすめです。,5,2026-03-01 00:15:49 UTC,ナギサ,pink-wide-leg-set-up-1@example.invalid,8938654531811,pink-wide-leg-set-up,,
,迷わず着られる。ゆとりがあって楽。期待どおりでした。,5,2026-03-13 13:34:58 UTC,コハル,pink-wide-leg-set-up-2@example.invalid,8938654531811,pink-wide-leg-set-up,,
,前に買って良かったのでまた買いました。今回はチェリーピンクにしました。顔まわりが明るく見える。レースが安っぽくない。やっぱり間違いないです。✨,5,2026-06-29 03:25:41 UTC,シオリ,fuzzy-lace-v-neck-tie-to-1@example.invalid,8938644242659,fuzzy-lace-v-neck-tie-top,,
,デニムに合わせてます。レースが安っぽくない。合わせやすい。チェリーピンクを選びましたが手持ちと合わせやすいです。着回しが効くので買ってよかったです。,5,2026-03-16 21:55:10 UTC,サキ,fuzzy-lace-v-neck-tie-to-2@example.invalid,8938644242659,fuzzy-lace-v-neck-tie-top,,
詳しく書きます,前から似たようなものを探していて、写真の雰囲気に惹かれて購入しました。届いて袋から出してまず思ったのが、作りが丁寧 ということ。152cmでSを着用していて、着丈70cmは表記とほぼ同じでした。トップスだけでも使える。気になった点は、届いたときの折りジワが少し取れにくかったことくらいです。買ってよかったです。,5,2026-04-25 06:21:22 UTC,リオ,relaxed-bubble-sleeve-sk-1@example.invalid,8938632544483,relaxed-bubble-sleeve-skirt-set-up,,
神,単品でも使える！☺️🫶😍,5,2026-05-27 10:28:47 UTC,みな,relaxed-bubble-sleeve-sk-2@example.invalid,8938632544483,relaxed-bubble-sleeve-skirt-set-up,,
長くなりましたが,レビューが少なくて少し迷ったのですが、思いきって注文しました。写真では分かりませんでしたが、作りが丁寧。158cmでMを着用していて、着丈61cm・袖丈23cmは表記とほぼ同じでした。羽織りとも相性いい。洗濯は念のためネットに入れています。満足しています。,5,2026-08-04 03:13:57 UTC,カレン💕,summer-beaded-top-1@example.invalid,8938610229475,summer-beaded-top,,
サイズ表どおりでした,155cm、普段Sサイズです。この商品もSで、着丈59cm・袖丈22cmはほぼ表記どおりでした。迷ったら表記どおりで大丈夫だと思います。デニムに合わせてます。,5,2026-03-19 14:44:26 UTC,S.Y,summer-beaded-top-2@example.invalid,8938610229475,summer-beaded-top,,
サイズ感の参考に,161cm、普段Mサイズです。この商品もMで、着丈58cmはほぼ表記どおりでした。普段のサイズで問題なかったです。デニムに合わせてます。,5,2026-05-29 23:42:19 UTC,マナ,desert-one-shoulder-top-1@example.invalid,8938600169699,desert-one-shoulder-top,,
長くなりましたが,前から似たようなものを探していて、写真の雰囲気に惹かれて購入しました。実物を手に取ってみると、作りが丁寧。161cmでMを着用していて、着丈58cmは表記とほぼ同じでした。スカートと合わせると女っぽくなる。気になった点は、届いたときの折りジワが少し取れにくかったことくらいです。おすすめです。,5,2026-07-27 02:23:00 UTC,セナ,desert-one-shoulder-top-2@example.invalid,8938600169699,desert-one-shoulder-top,,
色違い購入,前に買って良かったのでまた買いました。今回はトワイライトローズにしました。顔まわりが明るく見える。やっぱり間違いないです。✨,5,2026-05-31 05:05:08 UTC,ソラ,cool-beaded-v-neck-tee-1@example.invalid,8938590404835,cool-beaded-v-neck-tee,,
最高,合わせやすい、色違いも欲しい。🌸✨,5,2026-07-11 15:55:29 UTC,シオリ,cool-beaded-v-neck-tee-2@example.invalid,8938590404835,cool-beaded-v-neck-tee,,
参考になれば,148cmでXSを着用しています。羽織りを足せば長く着られる。色違いも欲しい。,5,2026-06-29 05:37:17 UTC,ハルカ,luxe-skirt-dress-1@example.invalid,8938577887459,luxe-skirt-dress,,
コスパ良し,手に取った質感が値段以上でした。コスパは良いと思います。,5,2026-03-28 20:56:30 UTC,ひなの,luxe-skirt-dress-2@example.invalid,8938577887459,luxe-skirt-dress,,
まとめると,"◎ 重ね着の幅が広がる
△ 色は画面より少し落ち着いてる",5,2026-05-21 12:02:42 UTC,リコ,asymmetrical-cami-1@example.invalid,8938574708963,asymmetrical-cami,,
,前に買って良かったのでまた買いました。今回はモカムースにしました。インナーにも一枚でも使える。何回買っても満足してます。,5,2026-07-28 20:47:26 UTC,ミク,asymmetrical-cami-2@example.invalid,8938574708963,asymmetrical-cami,,
思ったよりしっかりしてる,縫製も雑なところがなかったです。コスパは良いと思います。,5,2026-05-08 22:24:20 UTC,スミレ,cool-cotton-polo-skirt-s-1@example.invalid,8938566090979,cool-cotton-polo-skirt-set-up,,
,写真撮るとき用に。単品でも使える。セットで着ると一気にまとまる。,5,2026-07-19 18:09:03 UTC,すみれ,cool-cotton-polo-skirt-s-2@example.invalid,8938566090979,cool-cotton-polo-skirt-set-up,,
思ったよりしっかりしてる,"レースが上品。手に取った質感が値段以上でした。12,150円とは思えないです。",5,2026-07-26 00:45:28 UTC,Karen,lace-mesh-camisole-1@example.invalid,8938486399203,lace-mesh-camisole,,
最高,透け感は控えめ、リピ確定。🩷🎀,5,2026-04-01 20:41:03 UTC,まな,lace-mesh-camisole-2@example.invalid,8938486399203,lace-mesh-camisole,,
良い点と気になる点,"◎ 動きやすい
◎ 生地はしっかりめのデニム",5,2026-05-20 08:55:40 UTC,Y.S,vintage-rhinestone-halo--1@example.invalid,8938484236515,vintage-rhinestone-halo-jeans,,
色違い購入,前に買って良かったのでまた買いました。今回はアイスクリスタルブルーにしました。腰まわりが楽。生地はしっかりめのデニム。やっぱり間違いないです。👗,5,2026-04-20 09:41:28 UTC,さき,vintage-rhinestone-halo--2@example.invalid,8938484236515,vintage-rhinestone-halo-jeans,,
コスパ良し,"薄すぎず、ちゃんとした作りでした。20,290円とは思えないです。",5,2026-03-20 11:34:13 UTC,シオリ,luxe-wide-leg-pants-1@example.invalid,8938483089635,luxe-wide-leg-pants,,
買ってよかった,ライブ用に買いました。動きやすい。スニーカーでラフに。また利用します。,5,2026-03-31 13:51:39 UTC,あおい,luxe-wide-leg-pants-2@example.invalid,8938483089635,luxe-wide-leg-pants,,
サイズ感の参考に,153cm、普段Sサイズです。この商品もSで、着丈53cm・胸囲95cmはほぼ表記どおりでした。普段のサイズで問題なかったです。,5,2026-06-11 22:04:47 UTC,アカリ,comfy-polo-tee-1@example.invalid,8938481352931,comfy-polo-tee,,
お気に入り,148cmでSを着用しています。羽織りとも相性いい。お気に入りになりました。,5,2026-07-20 18:33:32 UTC,ゆい,comfy-polo-tee-2@example.invalid,8938481352931,comfy-polo-tee,,
詳しめに書きます,ストライプの幅がちょうどいい。159cmでMを着用しています。デニムに合わせてます。めっちゃ気に入ってる。,5,2026-05-30 13:12:16 UTC,ユイ,striped-linen-cotton-bea-1@example.invalid,8938480664803,striped-linen-cotton-beaded-shirt,,
,顔まわりが明るく見える。ストライプの幅がちょうどいい。期待どおりでした。,5,2026-07-07 18:59:44 UTC,アオイ,striped-linen-cotton-bea-2@example.invalid,8938480664803,striped-linen-cotton-beaded-shirt,,
思ったよりしっかりしてる,"薄すぎず、ちゃんとした作りでした。14,320円とは思えないです。",5,2026-03-15 14:15:29 UTC,ミナ,slimming-v-neck-top-1@example.invalid,8938463985891,slimming-v-neck-top,,
買ってよかった,夏フェスで着ました。顔まわりが明るく見える。スカートと合わせると女っぽくなる。おすすめです。,5,2026-05-04 18:47:08 UTC,アカリ,slimming-v-neck-top-2@example.invalid,8938463985891,slimming-v-neck-top,,
お気に入り,レースが上品。161cmでMを着用しています。セットで着ると一気にまとまる。買ってよかった。,5,2026-03-18 02:19:25 UTC,エマ,colorblock-lace-up-top-s-1@example.invalid,8938451894499,colorblock-lace-up-top-set-up,,
最高,レースが上品、お気に入りになりました。🌸,5,2026-04-22 06:13:35 UTC,アオイ,colorblock-lace-up-top-s-2@example.invalid,8938451894499,colorblock-lace-up-top-set-up,,
着回しやすい,丈短めのトップスと相性いい。中に着込める。ミントを選びましたが手持ちと合わせやすいです。一枚あると便利だと思います。,5,2026-04-16 11:27:36 UTC,ユナ,summer-silkshield-jacket-1@example.invalid,8938450321635,summer-silkshield-jacket,,
最高,中に着込める、買ってよかった〜！🩷💗,5,2026-07-28 06:50:23 UTC,ちー,summer-silkshield-jacket-2@example.invalid,8938450321635,summer-silkshield-jacket,,
コーデしやすい,セットで着ると一気にまとまる。迷わず着られる。着回しが効くので買ってよかったです。🙆‍♀️,5,2026-06-09 08:28:31 UTC,カナ,cotton-lounge-top-shorts-1@example.invalid,8938443374819,cotton-lounge-top-shorts-set-up,,
最高でした,可愛すぎる、色違いも欲しい！💗😍,5,2026-04-09 21:49:46 UTC,ルナ,cotton-lounge-top-shorts-2@example.invalid,8938443374819,cotton-lounge-top-shorts-set-up,,
イメージどおり,思っていたより上品でした。レースが上品。迷わず着られる。おすすめです。,5,2026-06-22 03:09:21 UTC,リコ,vintage-lace-poncho-polo-1@example.invalid,8934623609059,vintage-lace-poncho-polo-skirt-set-up,,
,迷わず着られる。くすみ加減が好き。満足しています。,5,2026-04-26 21:13:23 UTC,ノア,vintage-lace-poncho-polo-2@example.invalid,8934623609059,vintage-lace-poncho-polo-skirt-set-up,,
最高でした,ひと目惚れして買いました、めっちゃ気に入ってる！✨☺️,5,2026-06-19 05:55:39 UTC,ユイ,pearl-puppy-tee-1@example.invalid,8934620528867,pearl-puppy-tee,,
参考になれば,162cmでMを着用しています。羽織りとも相性いい。また買います。,5,2026-05-31 03:09:45 UTC,ハルカ,pearl-puppy-tee-2@example.invalid,8934620528867,pearl-puppy-tee,,
,羽織りを足せば長く着られる。シーンを選ばない。シュガーアーモンドを選びましたが手持ちと合わせやすいです。着回しが効くので買ってよかったです。,5,2026-06-30 21:42:40 UTC,ナナ,radiant-cotton-dress-1@example.invalid,8934618169571,radiant-cotton-dress,,
サイズ感の参考に,149cm、普段XSサイズです。この商品もXSで、着丈124cm・袖丈19cmはほぼ表記どおりでした。サイズ表どおりで選んで問題ないと思います。そのままで様になる。,5,2026-04-30 06:50:09 UTC,ひなの,radiant-cotton-dress-2@example.invalid,8934618169571,radiant-cotton-dress,,
,"◎ 一枚で雰囲気が出る
◎ 広がりすぎない",5,2026-06-29 09:13:03 UTC,サキ,galactic-a-line-skirt-1@example.invalid,8934615089379,galactic-a-line-skirt,,
好き,広がりすぎない！🌸🎀💕,5,2026-08-06 20:12:10 UTC,すみれ,galactic-a-line-skirt-2@example.invalid,8934615089379,galactic-a-line-skirt,,
写真より良い,届いてみたらきれいめに見えました。チェックの色合いが落ち着いてる。丈感がちょうどいい。シンプルなトップスで十分。また利用します。,5,2026-03-23 20:49:22 UTC,Mina,love-ripple-plaid-skirt-1@example.invalid,8934612533475,love-ripple-plaid-skirt,,
旅行に持っていきました,夏フェスで着ました。一枚で雰囲気が出る。チェックの色合いが落ち着いてる。タイツで秋冬も。,5,2026-04-25 09:47:31 UTC,サキ,love-ripple-plaid-skirt-2@example.invalid,8934612533475,love-ripple-plaid-skirt,,
,長い期間着られそう。チクチクしない。また利用します。,5,2026-06-07 14:16:07 UTC,ルナ,elegant-knit-maxi-dress-1@example.invalid,8934611124451,elegant-knit-maxi-dress,,
生地がいい,"チクチクしない。手に取った質感が値段以上でした。17,850円とは思えないです。",5,2026-07-11 00:57:06 UTC,K,elegant-knit-maxi-dress-2@example.invalid,8934611124451,elegant-knit-maxi-dress,,
買ってよかった,動きやすい。🩷🥺,5,2026-07-27 20:05:03 UTC,みお,relaxed-summer-trousers-1@example.invalid,8934609617123,relaxed-summer-trousers,,
,セールになっていたので思いきって買ってみました。実物を手に取ってみると、作りが丁寧。165cmでMを着用していて、ウエスト70cm・総丈105cmは表記とほぼ同じでした。ゆとりがあって楽。長時間着ていても疲れませんでした。スニーカーでラフに。期待どおりでした。,5,2026-06-11 12:09:29 UTC,アオイ🌸,relaxed-summer-trousers-2@example.invalid,8934609617123,relaxed-summer-trousers,,
サイズ迷ってる方へ,149cm、普段Sサイズです。この商品もSで、着丈42cm・胸囲109cmはほぼ表記どおりでした。迷ったら表記どおりで大丈夫だと思います。スカートと合わせると女っぽくなる。,5,2026-05-09 18:02:21 UTC,mii,cool-cotton-t-shirt-1@example.invalid,8934580551907,cool-cotton-t-shirt,,
,顔まわりが明るく見える。期待どおりでした。,5,2026-05-26 15:58:06 UTC,ゆきの,cool-cotton-t-shirt-2@example.invalid,8934580551907,cool-cotton-t-shirt,,
,着回しが効く。花柄が上品。期待どおりでした。,5,2026-05-20 12:14:58 UTC,モモ,begonia-floral-t-shirt-1@example.invalid,8934559252707,begonia-floral-t-shirt,,
参考までに,161cm、普段Mサイズです。この商品もMで、着丈84cm・胸囲90cmはほぼ表記どおりでした。サイズ表どおりで選んで問題ないと思います。,5,2026-07-17 20:09:53 UTC,チヒロ,begonia-floral-t-shirt-2@example.invalid,8934559252707,begonia-floral-t-shirt,,
お気に入り,ストライプの幅がちょうどいい。161cmでMを着用しています。小物で印象が変わる。色違いも欲しい。,5,2026-04-14 04:36:07 UTC,カナ,amber-striped-pants-set--1@example.invalid,8934346719459,amber-striped-pants-set-up,,
サイズ迷ってる方へ,162cm、普段Mサイズです。この商品もMで、着丈52cm・胸囲88cmはほぼ表記どおりでした。普段のサイズで問題なかったです。,5,2026-04-12 14:28:11 UTC,カレン,amber-striped-pants-set--2@example.invalid,8934346719459,amber-striped-pants-set-up,,
,夏フェスで着ました。羽織るだけで決まる。丈短めのトップスと相性いい。おすすめです。,5,2026-04-06 03:57:13 UTC,R.N,color-block-u-neck-hoode-1@example.invalid,8934344687843,color-block-u-neck-hooded-cardigan,,
良い点と気になる点,◎ 中に着込める,5,2026-03-24 18:54:33 UTC,N.H,color-block-u-neck-hoode-2@example.invalid,8934344687843,color-block-u-neck-hooded-cardigan,,
,"編み目がきれい。生地がしっかりしていて安っぽくないです。22,910円とは思えないです。",5,2026-05-12 08:12:21 UTC,ミオ🩷,square-neck-halter-knit--1@example.invalid,8934343082211,square-neck-halter-knit-dress,,
詳しめに書きます,編み目がきれい。152cmでSを着用しています。ロングスカートと合わせるのが好き。大満足。,5,2026-03-29 08:09:20 UTC,カナ,square-neck-halter-knit--2@example.invalid,8934343082211,square-neck-halter-knit-dress,,
好き,合わせやすい、色違いも欲しい！🩷,5,2026-05-27 02:01:04 UTC,カナ🥺,summer-breeze-top-1@example.invalid,8934337872099,summer-breeze-top,,
,色違いでリピしました。今回はパインティーブラウンにしました。一枚で決まる。何回買っても満足してます。,5,2026-03-15 05:50:46 UTC,マリン,summer-breeze-top-2@example.invalid,8934337872099,summer-breeze-top,,
,タイツで秋冬も。広がりすぎない。一枚で雰囲気が出る。ティンダルグリーンを選びましたが手持ちと合わせやすいです。出番が多くなりそうです。,5,2026-03-17 16:26:55 UTC,ゆきの,dual-color-sequin-a-line-1@example.invalid,8934334005475,dual-color-sequin-a-line-mini-skirt,,
可愛い,広がりすぎない、めっちゃ気に入ってる！！💕🫶,5,2026-03-01 11:30:59 UTC,ハルカ,dual-color-sequin-a-line-2@example.invalid,8934334005475,dual-color-sequin-a-line-mini-skirt,,
生地がいい,広がりすぎない。薄すぎず、ちゃんとした作りでした。コスパは良いと思います。,5,2026-04-28 04:24:37 UTC,ノア,a-line-split-skirt-1@example.invalid,8934330138851,a-line-split-skirt,,
サイズ表どおりでした,155cm、普段Mサイズです。この商品もMで、着丈96cm・ウエスト85cmはほぼ表記どおりでした。サイズ表どおりで選んで問題ないと思います。,5,2026-04-26 00:53:47 UTC,マリン,a-line-split-skirt-2@example.invalid,8934330138851,a-line-split-skirt,,
サイズ迷ってる方へ,165cm、普段Mサイズです。この商品もMで、着丈55cmはほぼ表記どおりでした。迷ったら表記どおりで大丈夫だと思います。羽織りとも相性いい。,5,2026-04-01 16:36:23 UTC,シオリ,luxe-one-shoulder-top-1@example.invalid,8934326993123,luxe-one-shoulder-top,,
使いやすいです,デニムに合わせてます。着回しが効く。フローズンアイスブルーを選びましたが手持ちと合わせやすいです。着回しが効くので買ってよかったです。,5,2026-05-07 00:30:59 UTC,Y.S,luxe-one-shoulder-top-2@example.invalid,8934326993123,luxe-one-shoulder-top,,
サイズ迷ってる方へ,155cm、普段Sサイズです。この商品もSで、着丈72cm・肩幅54cmはほぼ表記どおりでした。迷ったら表記どおりで大丈夫だと思います。小物で印象が変わる。,5,2026-06-16 15:41:58 UTC,セナ,flowers-cotton-embroider-1@example.invalid,8934324338915,flowers-cotton-embroidered-casual-shirt-set-up,,
,セールになっていたので思いきって買ってみました。写真では分かりませんでしたが、柄が写真より落ち着いてる。160cmでMを着用していて、着丈73cm・袖丈55cmは表記とほぼ同じでした。小物で印象が変わる。おすすめです。,5,2026-06-03 07:19:34 UTC,エマ,flowers-cotton-embroider-2@example.invalid,8934324338915,flowers-cotton-embroidered-casual-shirt-set-up,,
神,肩の出方がちょうどいい！！🎀😍,5,2026-06-14 23:25:52 UTC,ちひろ,cotton-off-the-shoulder--1@example.invalid,8934319784163,cotton-off-the-shoulder-embroidered-shirt,,
期待以上でした,届いてみたら上品でした。肩の出方がちょうどいい。合わせやすい。羽織りとも相性いい。おすすめです。,5,2026-08-09 13:33:27 UTC,Momo,cotton-off-the-shoulder--2@example.invalid,8934319784163,cotton-off-the-shoulder-embroidered-shirt,,
購入を迷っている方へ,レビューが少なくて少し迷ったのですが、思いきって注文しました。写真では分かりませんでしたが、デコルテがきれいに見える。157cmでSを着用していて、着丈54cm・胸囲80cmは表記とほぼ同じでした。ロングスカートと合わせるのが好き。洗濯は念のためネットに入れています。おすすめです。,5,2026-07-14 10:33:50 UTC,ナギサ,floral-knit-off-the-shou-1@example.invalid,8934315524323,floral-knit-off-the-shoulder-cover-up-top,,
使いやすいです,ロングスカートと合わせるのが好き。柄が写真より落ち着いてる。長い期間着られそう。ブライトホワイトを選びましたが手持ちと合わせやすいです。一枚あると便利だと思います。👍,5,2026-08-04 11:46:08 UTC,シオリ,floral-knit-off-the-shou-2@example.invalid,8934315524323,floral-knit-off-the-shoulder-cover-up-top,,
期待以上でした,画面で見るより可愛かったです。ニットが柔らかい。中に着込める。中がシンプルでも決まる。おすすめです。,5,2026-04-04 04:55:36 UTC,さき,apricot-blossom-ice-silk-1@example.invalid,8934310281443,apricot-blossom-ice-silk-knitted-cardigan-shorts-set-up,,
,ニットが柔らかい、買ってよかった〜！😍🥺💕,5,2026-06-02 16:29:49 UTC,ユナ,apricot-blossom-ice-silk-2@example.invalid,8934310281443,apricot-blossom-ice-silk-knitted-cardigan-shorts-set-up,,
思ったよりしっかりしてる,"デニムの色落ちがいい感じ。手に取った質感が値段以上でした。23,150円とは思えないです。",5,2026-06-20 06:14:28 UTC,セナ☺️,tranquility-denim-slip-d-1@example.invalid,8934307660003,tranquility-denim-slip-dress,,
可愛い,デニムの色落ちがいい感じ、買ってよかった。✨🌸,5,2026-03-17 03:16:21 UTC,ハルカ,tranquility-denim-slip-d-2@example.invalid,8934307660003,tranquility-denim-slip-dress,,
参考になれば,チェックの色合いが落ち着いてる。149cmでSを着用しています。体のラインがきれいに見える。デニムに合わせてます。めっちゃ気に入ってる。,5,2026-05-09 05:19:20 UTC,リオ,rising-check-slim-fit-t--1@example.invalid,8934306119907,rising-check-slim-fit-t-shirt,,
ひと目惚れ,ひと目惚れして買いました、チェックの色合いが落ち着いてる、また買います！🩷🫶,5,2026-07-15 03:45:38 UTC,マリン,rising-check-slim-fit-t--2@example.invalid,8934306119907,rising-check-slim-fit-t-shirt,,
,迷わず着られる。フリルの量がちょうどいい。買ってよかったです。,5,2026-07-10 02:34:20 UTC,サキ,summer-ruffled-camisole--1@example.invalid,8934272598243,summer-ruffled-camisole-skirt-set-up,,
,フリルの量がちょうどいい。156cmでMを着用しています。トップスだけでも使える。お気に入りになりました。,5,2026-03-05 01:00:11 UTC,S.Y,summer-ruffled-camisole--2@example.invalid,8934272598243,summer-ruffled-camisole-skirt-set-up,,
コーデしやすい,小物で印象が変わる。レースが安っぽくない。一枚で完成する。スターシーブルーを選びましたが手持ちと合わせやすいです。着回しが効くので買ってよかったです。,5,2026-04-18 07:30:27 UTC,Sena,summer-night-lace-maxi-d-1@example.invalid,8933940396259,summer-night-lace-maxi-dress,,
イメージどおり,思っていたより可愛かったです。レースが安っぽくない。一枚で完成する。羽織りを足せば長く着られる。期待どおりでした。,5,2026-06-21 23:01:11 UTC,チヒロ,summer-night-lace-maxi-d-2@example.invalid,8933940396259,summer-night-lace-maxi-dress,,
好き,シーンを選ばない。💗,5,2026-06-15 11:40:13 UTC,シオリ,bubbling-soda-printed-sl-1@example.invalid,8933939675363,bubbling-soda-printed-slip-dress,,
イメージどおり,画面で見るより上品でした。スタイルよく見える。小物で印象が変わる。長く着られそうです。,5,2026-07-31 06:50:54 UTC,ユイ,bubbling-soda-printed-sl-2@example.invalid,8933939675363,bubbling-soda-printed-slip-dress,,
,そのままで様になる。シーンを選ばない。一枚あると便利だと思います。,5,2026-05-09 20:55:47 UTC,サキ,blue-hour-v-neck-double--1@example.invalid,8933937610979,blue-hour-v-neck-double-sleeved-dress,,
期待以上でした,写真で見るよりきれいめに見えました。シーンを選ばない。小物で印象が変わる。満足しています。,5,2026-05-23 18:39:50 UTC,ソラ,blue-hour-v-neck-double--2@example.invalid,8933937610979,blue-hour-v-neck-double-sleeved-dress,,
参考になれば,154cmでXSを着用しています。締めつけ感ゼロ。スニーカーでラフに。お気に入りになりました。,5,2026-04-02 11:12:51 UTC,Haruka,time-love-wide-leg-pants-1@example.invalid,8933934629091,time-love-wide-leg-pants,,
期待以上でした,画面で見るより可愛かったです。腰まわりが楽。コンパクトなトップスと相性◎。長く着られそうです。,5,2026-04-26 22:36:47 UTC,A.T,time-love-wide-leg-pants-2@example.invalid,8933934629091,time-love-wide-leg-pants,,
詳しく書きます,レビューが少なくて少し迷ったのですが、思いきって注文しました。届いて袋から出してまず思ったのが、プリーツが取れにくそう ということ。150cmでSを着用していて、ウエスト72cm・総丈64cmは表記とほぼ同じでした。タイツで秋冬も。買ってよかったです。,5,2026-05-01 11:09:38 UTC,M.K,running-waves-cotton-pop-1@example.invalid,8933932269795,running-waves-cotton-poplin-pleated-midi-skirt,,
使いやすいです,シンプルなトップスで十分。プリーツが取れにくそう。丈感がちょうどいい。着回しが効くので買ってよかったです。,5,2026-06-04 19:58:47 UTC,Yui,running-waves-cotton-pop-2@example.invalid,8933932269795,running-waves-cotton-poplin-pleated-midi-skirt,,
旅行に持っていきました,普段使いに。丈感がちょうどいい。刺繍が丁寧。スニーカーでも綺麗めでもいける。🫶🩷,5,2026-03-22 15:27:17 UTC,ユナ,embroidered-puffy-a-line-1@example.invalid,8933928632547,embroidered-puffy-a-line-skirt,,
コスパ良し,刺繍が丁寧。生地がしっかりしていて安っぽくないです。この値段でこの質感なら十分満足です。,5,2026-05-18 05:33:37 UTC,S.Y,embroidered-puffy-a-line-2@example.invalid,8933928632547,embroidered-puffy-a-line-skirt,,
,広がりすぎない。薄すぎず、ちゃんとした作りでした。コスパは良いと思います。,5,2026-04-13 20:15:50 UTC,Haruka,clear-sky-sleeveless-a-l-1@example.invalid,8933928108259,clear-sky-sleeveless-a-line-dress,,
参考までに,154cm、普段Sサイズです。この商品もSで、ウエスト83cm・胸囲89cmはほぼ表記どおりでした。サイズ表どおりで選んで問題ないと思います。そのままで様になる。,5,2026-08-05 00:05:46 UTC,ミオ,clear-sky-sleeveless-a-l-2@example.invalid,8933928108259,clear-sky-sleeveless-a-line-dress,,
コーデしやすい,羽織りを足せば長く着られる。リボンの位置が絶妙。スタイルよく見える。トランクイルホワイトを選びましたが手持ちと合わせやすいです。一枚あると便利だと思います。,5,2026-05-21 17:16:16 UTC,まな,summer-stars-floral-ribb-1@example.invalid,8933926502627,summer-stars-floral-ribbon-racer-dress,,
最高でした,可愛すぎる、リボンの位置が絶妙、また買います！🩷😍,5,2026-05-31 23:48:17 UTC,Nana,summer-stars-floral-ribb-2@example.invalid,8933926502627,summer-stars-floral-ribbon-racer-dress,,
思ったよりしっかりしてる,肩が出るぶん華奢に見える。手に取った質感が値段以上でした。この値段でこの質感なら十分満足です。,5,2026-04-25 08:12:21 UTC,Aoi,cherry-melon-sleeveless--1@example.invalid,8933926109411,cherry-melon-sleeveless-halterneck-a-line-dress,,
,夏フェスで着ました。一枚で完成する。肩が出るぶん華奢に見える。小物で印象が変わる。🌸,5,2026-03-06 21:39:24 UTC,リコ,cherry-melon-sleeveless--2@example.invalid,8933926109411,cherry-melon-sleeveless-halterneck-a-line-dress,,
,写真で見るよりきれいめに見えました。顔まわりが明るく見える。羽織りとも相性いい。買ってよかったです。,5,2026-06-20 08:05:13 UTC,ルナ,treetops-lyocell-ice-shi-1@example.invalid,8933924634851,treetops-lyocell-ice-shirt-top,,
サイズ表どおりでした,160cm、普段Mサイズです。この商品もMで、着丈53cm・胸囲114cmはほぼ表記どおりでした。サイズ表どおりで選んで問題ないと思います。羽織りとも相性いい。,5,2026-08-01 23:23:05 UTC,リオ,treetops-lyocell-ice-shi-2@example.invalid,8933924634851,treetops-lyocell-ice-shirt-top,,
お気に入り,肩まわりが華奢に見える。157cmでMを着用しています。羽織りとも相性いい。買ってよかった。,5,2026-04-14 22:39:03 UTC,さき,romantic-puff-sleeve-t-s-1@example.invalid,8933923750115,romantic-puff-sleeve-t-shirt,,
,顔まわりが明るく見える。肩まわりが華奢に見える。買ってよかったです。,5,2026-06-28 00:07:04 UTC,モモ,romantic-puff-sleeve-t-s-2@example.invalid,8933923750115,romantic-puff-sleeve-t-shirt,,
生地がいい,生地がしっかりしていて安っぽくないです。コスパは良いと思います。,5,2026-05-22 00:47:14 UTC,アオイ,lake-lyocell-beaded-shir-1@example.invalid,8933913985251,lake-lyocell-beaded-shirt,,
,写真で見るより落ち着いた色味でした。合わせやすい。羽織りとも相性いい。満足しています。,5,2026-05-05 17:13:03 UTC,リオ,lake-lyocell-beaded-shir-2@example.invalid,8933913985251,lake-lyocell-beaded-shirt,,
,デニムが硬すぎない！🫶🎀🩷,5,2026-08-05 13:01:40 UTC,ちー,summer-cicadas-denim-v-n-1@example.invalid,8933911101667,summer-cicadas-denim-v-neck-waist-dress,,
期待以上でした,画面で見るより可愛かったです。デニムが硬すぎない。スタイルよく見える。おすすめです。,5,2026-07-24 11:47:54 UTC,もも,summer-cicadas-denim-v-n-2@example.invalid,8933911101667,summer-cicadas-denim-v-neck-waist-dress,,
サイズ迷ってる方へ,154cm、普段Sサイズです。この商品もSで、着丈101cm・ウエスト68cmはほぼ表記どおりでした。普段のサイズで問題なかったです。コンパクトなトップスと相性◎。,5,2026-05-01 02:20:13 UTC,りん,angels-ripped-jeans-1@example.invalid,8933292900579,angels-ripped-jeans,,
コーデしやすい,コンパクトなトップスと相性◎。デニムが硬すぎない。動きやすい。シーソルトブルーを選びましたが手持ちと合わせやすいです。着回しが効くので買ってよかったです。,5,2026-04-17 21:50:45 UTC,エマ,angels-ripped-jeans-2@example.invalid,8933292900579,angels-ripped-jeans,,
参考までに,149cm、普段Sサイズです。この商品もSで、ウエスト66cm・総丈39cmはほぼ表記どおりでした。普段のサイズで問題なかったです。ヒールで綺麗めに。,5,2026-06-27 20:33:30 UTC,みな,summer-rome-shorts-1@example.invalid,8933291655395,summer-rome-shorts,,
,"生地がしっかりしていて安っぽくないです。19,210円とは思えないです。",5,2026-06-17 06:12:05 UTC,ナギサ,summer-rome-shorts-2@example.invalid,8933291655395,summer-rome-shorts,,
参考までに,152cm、普段Sサイズです。この商品もSで、着丈51cmはほぼ表記どおりでした。普段のサイズで問題なかったです。デニムに合わせてます。,5,2026-05-08 07:36:48 UTC,さき,skin-friendly-crewneck-t-1@example.invalid,8933105238243,skin-friendly-crewneck-t-shirt,,
着回しやすい,デニムに合わせてます。着回しが効く。クラシックブラックを選びましたが手持ちと合わせやすいです。着回しが効くので買ってよかったです。👗,5,2026-04-30 12:23:20 UTC,ルナ,skin-friendly-crewneck-t-2@example.invalid,8933105238243,skin-friendly-crewneck-t-shirt,,
参考までに,165cm、普段Mサイズです。この商品もMで、着丈56cm・胸囲112cmはほぼ表記どおりでした。普段のサイズで問題なかったです。インナー足して重ね着も。,5,2026-05-09 21:24:40 UTC,カレン,distant-tenderness-linen-1@example.invalid,8933103927523,distant-tenderness-linen-knit-camisole-t-shirt-set,,
,届いてみたら上品でした。編み地がしっかりしてる。長い期間着られそう。おすすめです。,5,2026-04-17 07:07:00 UTC,Y.S,distant-tenderness-linen-2@example.invalid,8933103927523,distant-tenderness-linen-knit-camisole-t-shirt-set,,
可愛い,刺繍のおかげで高見えする！🥺☺️😍,5,2026-06-08 05:08:53 UTC,チヒロ,sealed-scent-embroidered-1@example.invalid,8933103403235,sealed-scent-embroidered-t-shirt,,
,刺繍のおかげで高見えする。薄すぎず、ちゃんとした作りでした。この値段でこの質感なら十分満足です。,5,2026-07-12 18:58:46 UTC,mii,sealed-scent-embroidered-2@example.invalid,8933103403235,sealed-scent-embroidered-t-shirt,,
旅行に持っていきました,夏フェスで着ました。一枚で決まる。花柄が派手すぎない。羽織りとも相性いい。満足しています。,5,2026-06-26 05:54:33 UTC,エマ,count-her-flowers-cool-l-1@example.invalid,8933102256355,count-her-flowers-cool-loose-t-shirt,,
,前から似たようなものを探していて、写真の雰囲気に惹かれて購入しました。実物を手に取ってみると、花柄が派手すぎない。155cmでMを着用していて、着丈67cm・肩幅51cmは表記とほぼ同じでした。ゆるっと着られる。長時間着ていても疲れませんでした。スカートと合わせると女っぽくなる。期待どおりでした。,5,2026-06-17 15:25:29 UTC,M.K,count-her-flowers-cool-l-2@example.invalid,8933102256355,count-her-flowers-cool-loose-t-shirt,,
最高,統一感が出る、また買います！✨🎀🫶,5,2026-06-09 05:25:58 UTC,すみれ,eternal-river-bandeau-to-1@example.invalid,8933100683491,eternal-river-bandeau-top-wide-leg-trousers-set-up,,
お気に入り,152cmでXSを着用しています。セットで着ると一気にまとまる。買ってよかった。,5,2026-04-12 20:13:33 UTC,Y.S,eternal-river-bandeau-to-2@example.invalid,8933100683491,eternal-river-bandeau-top-wide-leg-trousers-set-up,,
,顔まわりが明るく見える。おすすめです。,5,2026-07-15 09:02:18 UTC,N.H,the-stars-sunscreen-silh-1@example.invalid,8933087936739,the-stars-sunscreen-silhouette-top,,
旅行に持っていきました,友達の結婚式の二次会に。合わせやすい。羽織りとも相性いい。🌸🫶,5,2026-07-13 00:16:21 UTC,マナ,the-stars-sunscreen-silh-2@example.invalid,8933087936739,the-stars-sunscreen-silhouette-top,,
期待以上でした,思っていたよりしっかりしてました。古着っぽさがいい。合わせやすい。デニムに合わせてます。おすすめです。,5,2026-03-19 19:41:34 UTC,ミク,vintage-print-tops-1@example.invalid,8933086429411,vintage-print-tops,,
ひと目惚れ,写真どおりで感動、くすみ加減が好き、また買います！🥺💗,5,2026-03-02 01:46:31 UTC,みな,vintage-print-tops-2@example.invalid,8933086429411,vintage-print-tops,,
生地がいい,手に取った質感が値段以上でした。この値段でこの質感なら十分満足です。,5,2026-07-18 07:12:26 UTC,モモ,galaxy-silver-sequin-sho-1@example.invalid,8933085741283,galaxy-silver-sequin-shorts-pants,,
お気に入り,155cmでSを着用しています。ヒールで綺麗めに。大満足。,5,2026-03-02 16:51:54 UTC,ミオ,galaxy-silver-sequin-sho-2@example.invalid,8933085741283,galaxy-silver-sequin-shorts-pants,,
,デニムに合わせてます。一枚で決まる。ホワイトを選びましたが手持ちと合わせやすいです。一枚あると便利だと思います。😊,5,2026-07-22 21:56:29 UTC,Y.S,delicate-fat-pink-waist--1@example.invalid,8932983505123,delicate-fat-pink-waist-shirt,,
神,一枚で決まる、お気に入りになりました。😍,5,2026-05-13 23:06:56 UTC,ゆきの,delicate-fat-pink-waist--2@example.invalid,8932983505123,delicate-fat-pink-waist-shirt,,
可愛い,一枚で雰囲気が出る！💗✨,5,2026-03-13 22:57:14 UTC,ソラ,low-rise-straight-skirt-1@example.invalid,8932966367459,low-rise-straight-skirt,,
色違い購入,色違いでリピしました。今回はブラックにしました。一枚で雰囲気が出る。何回買っても満足してます。✨,5,2026-03-27 14:06:43 UTC,あかり,low-rise-straight-skirt-2@example.invalid,8932966367459,low-rise-straight-skirt,,
ひと目惚れ,可愛すぎる、レースが上品、お気に入りになりました！☺️✨,5,2026-07-31 13:02:38 UTC,ユナ,veins-of-roses-lace-tube-1@example.invalid,8932959027427,veins-of-roses-lace-tube-top,,
,一枚で決まる。レースが上品。期待どおりでした。,5,2026-03-04 02:32:25 UTC,ゆい,veins-of-roses-lace-tube-2@example.invalid,8932959027427,veins-of-roses-lace-tube-top,,
期待以上でした,画面で見るよりきれいめに見えました。レース部分がとにかく可愛い。シーンを選ばない。小物で印象が変わる。長く着られそうです。,5,2026-08-03 01:28:28 UTC,K,cream-white-slim-lace-dr-1@example.invalid,8932952309987,cream-white-slim-lace-dress,,
着回しやすい,羽織りを足せば長く着られる。レース部分がとにかく可愛い。スタイルよく見える。ティッカーを選びましたが手持ちと合わせやすいです。着回しが効くので買ってよかったです。✨,5,2026-03-17 02:07:55 UTC,りん,cream-white-slim-lace-dr-2@example.invalid,8932952309987,cream-white-slim-lace-dress,,
旅行に持っていきました,夏フェスで着ました。一枚で完成する。羽織りを足せば長く着られる。期待どおりでした。,5,2026-03-17 17:05:42 UTC,Mina,black-print-midi-sundres-1@example.invalid,8932938711267,black-print-midi-sundress,,
使いやすいです,羽織りを足せば長く着られる。一枚で完成する。着回しが効くので買ってよかったです。,5,2026-08-09 04:32:48 UTC,mii,black-print-midi-sundres-2@example.invalid,8932938711267,black-print-midi-sundress,,
,リボンが主役。薄すぎず、ちゃんとした作りでした。この値段でこの質感なら十分満足です。,5,2026-07-26 07:05:54 UTC,ミナ,lace-bow-camisole-vest-1@example.invalid,8932929536227,lace-bow-camisole-vest,,
買ってよかった,ライブ用に買いました。インナーにも一枚でも使える。リボンが主役。ハイウエストと合わせてます。買ってよかったです。✨,5,2026-04-17 16:33:47 UTC,スミレ,lace-bow-camisole-vest-2@example.invalid,8932929536227,lace-bow-camisole-vest,,
旅行に持っていきました,海行くとき用。一枚で完成する。カットアウトの位置が絶妙。そのままで様になる。💕😍,5,2026-06-29 20:58:05 UTC,ハルカ,black-cutout-lace-maxi-d-1@example.invalid,8932921835747,black-cutout-lace-maxi-dress,,
購入を迷っている方へ,同系統のものを持っていないので、試しに買ってみました。写真では分かりませんでしたが、カットアウトの位置が絶妙。148cmでSを着用していて、着丈81cm・ウエスト66cmは表記とほぼ同じでした。羽織りを足せば長く着られる。強いて言えば、色は画面で見るより少し落ち着いて見えます。おすすめです。,5,2026-05-23 04:52:24 UTC,ヒナ,black-cutout-lace-maxi-d-2@example.invalid,8932921835747,black-cutout-lace-maxi-dress,,
色違い購入,色違いでリピしました。今回はグレーにしました。肌ざわりがいい。チクチクしない。何回買っても満足してます。,5,2026-06-12 04:36:30 UTC,セナ,grey-v-neck-knitted-slip-1@example.invalid,8932916461795,grey-v-neck-knitted-slip-dress,,
生地がいい,チクチクしない。薄すぎず、ちゃんとした作りでした。この値段でこの質感なら十分満足です。,5,2026-07-01 10:58:53 UTC,ミク🩷,grey-v-neck-knitted-slip-2@example.invalid,8932916461795,grey-v-neck-knitted-slip-dress,,
,思っていたより上品でした。一枚で雰囲気が出る。タイツで秋冬も。期待どおりでした。,5,2026-05-06 23:37:34 UTC,ナナ,summer-skin-friendly-seq-1@example.invalid,8932906008803,summer-skin-friendly-sequin-skirt,,
,一枚で雰囲気が出る。満足しています。,5,2026-05-05 18:58:02 UTC,りん,summer-skin-friendly-seq-2@example.invalid,8932906008803,summer-skin-friendly-sequin-skirt,,
期待以上でした,思っていたより可愛かったです。花柄が派手すぎない。単品でも使える。小物で印象が変わる。買ってよかったです。,5,2026-06-30 06:23:38 UTC,ユナ,three-dimensional-flower-1@example.invalid,8932887953635,three-dimensional-flower-set-up,,
ひと目惚れ,ひと目惚れして買いました、花柄が上品、お気に入りになりました！🎀🥺,5,2026-06-19 14:59:25 UTC,リオ,three-dimensional-flower-2@example.invalid,8932887953635,three-dimensional-flower-set-up,,
買ってよかった,統一感が出る！🎀,5,2026-03-19 11:43:35 UTC,アオイ🩷,moon-shadow-black-versat-1@example.invalid,8932856234211,moon-shadow-black-versatile-set-up,,
旅行に持っていきました,ライブ用に買いました。単品でも使える。小物で印象が変わる。期待どおりでした。,5,2026-03-02 11:35:12 UTC,みお,moon-shadow-black-versat-2@example.invalid,8932856234211,moon-shadow-black-versatile-set-up,,
詳しめに書きます,デニムの色落ちがいい感じ。155cmでSを着用しています。ヒールで綺麗めに。めっちゃ気に入ってる。,5,2026-03-20 21:31:03 UTC,Sena,blue-scent-casual-denim--1@example.invalid,8932777689315,blue-scent-casual-denim-shorts,,
良い点と気になる点,"◎ デニムの色落ちがいい感じ
◎ 動きやすい",5,2026-06-08 23:58:06 UTC,マナ💗,blue-scent-casual-denim--2@example.invalid,8932777689315,blue-scent-casual-denim-shorts,,
お気に入り,161cmでMを着用しています。トップスだけでも使える。また買います。,5,2026-04-11 09:24:29 UTC,ナナ,simple-culottes-camisole-1@example.invalid,8926564548835,simple-culottes-camisole-set-up,,
,トップスだけでも使える。迷わず着られる。ブルーを選びましたが手持ちと合わせやすいです。一枚あると便利だと思います。,5,2026-05-22 05:51:11 UTC,ミナ,simple-culottes-camisole-2@example.invalid,8926564548835,simple-culottes-camisole-set-up,,
,一枚で完成する。長く着られそうです。,5,2026-03-18 15:50:41 UTC,ノア,reflection-of-the-grass--1@example.invalid,8926561861859,reflection-of-the-grass-dress,,
ひと目惚れ,写真どおりで感動、リピ確定！🌸💗,5,2026-06-08 21:18:15 UTC,アオイ,reflection-of-the-grass--2@example.invalid,8926561861859,reflection-of-the-grass-dress,,
思ったよりしっかりしてる,レースが上品。薄すぎず、ちゃんとした作りでした。コスパは良いと思います。,5,2026-08-06 00:06:47 UTC,Momo,lace-sequined-fashion-sh-1@example.invalid,8926561108195,lace-sequined-fashion-shirt,,
イメージどおり,思っていたより落ち着いた色味でした。レースが上品。顔まわりが明るく見える。羽織りとも相性いい。長く着られそうです。,5,2026-03-13 09:43:36 UTC,まな,lace-sequined-fashion-sh-2@example.invalid,8926561108195,lace-sequined-fashion-shirt,,
,スタイルよく見える。インナー次第で調整できる。体のラインがきれいに見える。買ってよかったです。,5,2026-03-15 11:03:57 UTC,カナ,slim-lace-slip-dress-1@example.invalid,8926555242723,slim-lace-slip-dress,,
,"レース部分がとにかく可愛い。手に取った質感が値段以上でした。23,760円とは思えないです。",5,2026-03-30 02:31:43 UTC,ヒナ,slim-lace-slip-dress-2@example.invalid,8926555242723,slim-lace-slip-dress,,
神,合わせやすい！！🥺🌸,5,2026-03-26 13:08:19 UTC,ノア,adventure-sail-top-1@example.invalid,8926548426979,adventure-sail-top,,
出番多そう,旅行用に買いました。顔まわりが明るく見える。スカートと合わせると女っぽくなる。おすすめです。😍,5,2026-06-14 08:04:45 UTC,りん,adventure-sail-top-2@example.invalid,8926548426979,adventure-sail-top,,
サイズ感の参考に,151cm、普段Sサイズです。この商品もSで、ウエスト65cm・胸囲86cmはほぼ表記どおりでした。迷ったら表記どおりで大丈夫だと思います。そのままで様になる。,5,2026-04-04 22:59:59 UTC,ミナ,lovefall-embroidered-cot-1@example.invalid,8926545215715,lovefall-embroidered-cotton-tea-dress,,
最高でした,写真どおりで感動、刺繍が丁寧、めっちゃ気に入ってる！✨🌸,5,2026-03-12 18:47:21 UTC,Luna,lovefall-embroidered-cot-2@example.invalid,8926545215715,lovefall-embroidered-cotton-tea-dress,,
色違い購入,ここで買うの三回目です。今回はグレーにしました。迷わず着られる。何回買っても満足してます。,5,2026-06-22 22:27:06 UTC,みな,scoop-neck-shorts-set-up-1@example.invalid,8926541447395,scoop-neck-shorts-set-up,,
買ってよかった,単品でも使える、リピ確定！！🎀,5,2026-07-29 08:31:48 UTC,ひなの,scoop-neck-shorts-set-up-2@example.invalid,8926541447395,scoop-neck-shorts-set-up,,
使いやすいです,中がシンプルでも決まる。ニットが柔らかい。羽織るだけで決まる。グレーを選びましたが手持ちと合わせやすいです。着回しが効くので買ってよかったです。🫧,5,2026-04-08 16:29:03 UTC,マリン,gray-knit-versatile-card-1@example.invalid,8926539251939,gray-knit-versatile-cardigan-top,,
買ってよかった,ニットが柔らかい、買ってよかった！🩷💗☺️,5,2026-05-16 19:17:14 UTC,M.K,gray-knit-versatile-card-2@example.invalid,8926539251939,gray-knit-versatile-cardigan-top,,
色違い購入,ここで買うの三回目です。今回はグレーにしました。肌ざわりがいい。レースの透け感が絶妙。やっぱり間違いないです。,5,2026-04-01 08:11:01 UTC,リオ,knitted-lace-high-rise-f-1@example.invalid,8926534598883,knitted-lace-high-rise-flared-pants,,
好き,編み目がきれい〜！🩷,5,2026-06-06 00:51:34 UTC,マリン,knitted-lace-high-rise-f-2@example.invalid,8926534598883,knitted-lace-high-rise-flared-pants,,
参考までに,156cm、普段Mサイズです。この商品もMで、着丈49cm・ウエスト70cmはほぼ表記どおりでした。迷ったら表記どおりで大丈夫だと思います。,5,2026-04-12 14:59:39 UTC,Karen,light-wine-cloud-stripes-1@example.invalid,8926530437347,light-wine-cloud-stripes-skirt-set-up,,
お気に入り,ストライプの幅がちょうどいい。159cmでMを着用しています。トップスだけでも使える。買ってよかった。,5,2026-06-09 05:22:29 UTC,マリン,light-wine-cloud-stripes-2@example.invalid,8926530437347,light-wine-cloud-stripes-skirt-set-up,,
着回しやすい,デニムに合わせてます。レース部分がとにかく可愛い。合わせやすい。アプリコットを選びましたが手持ちと合わせやすいです。着回しが効くので買ってよかったです。,5,2026-07-20 14:46:48 UTC,Mina,pure-lace-strap-slim-und-1@example.invalid,8926526472419,pure-lace-strap-slim-underwear-top,,
サイズ迷ってる方へ,161cm、普段Mサイズです。この商品もMで、着丈53cm・胸囲86cmはほぼ表記どおりでした。サイズ表どおりで選んで問題ないと思います。デニムに合わせてます。,5,2026-03-29 18:46:32 UTC,ミオ☺️,pure-lace-strap-slim-und-2@example.invalid,8926526472419,pure-lace-strap-slim-underwear-top,,
サイズ表どおりでした,158cm、普段Sサイズです。この商品もSで、着丈48cm・ウエスト66cmはほぼ表記どおりでした。きれいに沿う。普段のサイズで問題なかったです。シンプルなトップスで十分。,5,2026-04-27 12:53:35 UTC,K,lime-slim-fit-skirt-1@example.invalid,8926511366371,lime-slim-fit-skirt,,
,セールになっていたので思いきって買ってみました。実物を手に取ってみると、作りが丁寧。162cmでMを着用していて、着丈49cm・ウエスト70cmは表記とほぼ同じでした。すっきり見える。長時間着ていても疲れませんでした。スニーカーでも綺麗めでもいける。気になった点は、届いたときの折りジワが少し取れにくかったことくらいです。期待どおりでした。,5,2026-05-24 14:34:00 UTC,ゆい,lime-slim-fit-skirt-2@example.invalid,8926511366371,lime-slim-fit-skirt,,
お気に入り,165cmでMを着用しています。締めつけ感ゼロ。色が落ち着いてて合わせやすい。また買います。,5,2026-05-29 15:32:32 UTC,エマ,dreamy-expectations-wool-1@example.invalid,8926501568739,dreamy-expectations-wool-over-shirt,,
リピートです,前に買って良かったのでまた買いました。今回はオニキスグレーにしました。羽織るだけで決まる。何回買っても満足してます。👍,5,2026-05-07 07:38:14 UTC,ミナ,dreamy-expectations-wool-2@example.invalid,8926501568739,dreamy-expectations-wool-over-shirt,,
イメージどおり,届いてみたら上品でした。スタイルよく見える。羽織りを足せば長く着られる。長く着られそうです。,5,2026-06-14 10:58:22 UTC,ルナ,high-end-irregular-tempe-1@example.invalid,8926469619939,high-end-irregular-temperament-dress,,
最高,一枚で完成する、お気に入りになりました！！😍💕,5,2026-03-26 01:36:52 UTC,チヒロ,high-end-irregular-tempe-2@example.invalid,8926469619939,high-end-irregular-temperament-dress,,
,163cmでMを着用しています。体のラインがきれいに見える。そのままで様になる。大満足。,5,2026-03-16 14:14:00 UTC,スミレ,slim-line-maxi-skirt-dre-1@example.invalid,8926478598371,slim-line-maxi-skirt-dress,,
出番多そう,ライブ用に買いました。スタイルよく見える。小物で印象が変わる。,5,2026-06-02 07:23:34 UTC,マリン,slim-line-maxi-skirt-dre-2@example.invalid,8926478598371,slim-line-maxi-skirt-dress,,
,ロングスカートと合わせるのが好き。ニットが柔らかい。肌ざわりがいい。ブラックを選びましたが手持ちと合わせやすいです。着回しが効くので買ってよかったです。,5,2026-06-10 17:01:39 UTC,Mina,knitted-bell-sleeve-t-sh-1@example.invalid,8926466605283,knitted-bell-sleeve-t-shirt,,
,肌ざわりがいい。ニットが柔らかい。おすすめです。,5,2026-04-14 22:43:04 UTC,ナギサ,knitted-bell-sleeve-t-sh-2@example.invalid,8926466605283,knitted-bell-sleeve-t-shirt,,
,スタイルよく見える。リボンが主役。期待どおりでした。,5,2026-04-28 07:34:32 UTC,N.H,sweet-content-bow-dress-1@example.invalid,8926464049379,sweet-content-bow-dress,,
使いやすいです,そのままで様になる。リボンが主役。スタイルよく見える。出番が多くなりそうです。,5,2026-04-19 06:44:58 UTC,カナ,sweet-content-bow-dress-2@example.invalid,8926464049379,sweet-content-bow-dress,,
神,スタイルよく見える。☺️✨💕,5,2026-07-17 02:19:14 UTC,アオイ,waist-drawn-in-flat-shou-1@example.invalid,8926462476515,waist-drawn-in-flat-shoulder-sleeveless-gradient-dress,,
色違い購入,色違いでリピしました。今回はホワイトにしました。スタイルよく見える。またリピートすると思います。,5,2026-04-24 23:47:02 UTC,ナギサ,waist-drawn-in-flat-shou-2@example.invalid,8926462476515,waist-drawn-in-flat-shoulder-sleeveless-gradient-dress,,
コーデしやすい,小物で印象が変わる。プリーツが取れにくそう。統一感が出る。グレーを選びましたが手持ちと合わせやすいです。出番が多くなりそうです。,5,2026-05-24 20:47:04 UTC,チヒロ,press-pleated-vest-skirt-1@example.invalid,8926456938723,press-pleated-vest-skirt-set-up,,
コスパ良し,"プリーツが取れにくそう。薄すぎず、ちゃんとした作りでした。17,530円とは思えないです。",5,2026-07-16 05:35:03 UTC,カナ,press-pleated-vest-skirt-2@example.invalid,8926456938723,press-pleated-vest-skirt-set-up,,
,ここで買うの三回目です。今回はブラックにしました。迷わず着られる。またリピートすると思います。,5,2026-07-14 18:33:45 UTC,アヤ,dark-night-little-fragra-1@example.invalid,8926454153443,dark-night-little-fragrance-set-up,,
最高,統一感が出る〜！🎀🩷,5,2026-03-01 14:44:01 UTC,あかり,dark-night-little-fragra-2@example.invalid,8926454153443,dark-night-little-fragrance-set-up,,
可愛い,迷わず着られる、大満足。🥺😍,5,2026-03-09 16:09:14 UTC,ヒナ,sports-daughter-fake-two-1@example.invalid,8926408048867,sports-daughter-fake-two-set-up,,
コスパ良し,"薄すぎず、ちゃんとした作りでした。19,800円とは思えないです。",5,2026-05-22 23:35:29 UTC,マナ,sports-daughter-fake-two-2@example.invalid,8926408048867,sports-daughter-fake-two-set-up,,
イメージどおり,写真で見るより可愛かったです。ニットが柔らかい。長い期間着られそう。パンツでもスカートでも。期待どおりでした。,5,2026-04-07 01:05:27 UTC,ヒナ,velvet-stretch-neck-knit-1@example.invalid,8926407196899,velvet-stretch-neck-knitted-dress,,
,ニットが柔らかい。手に取った質感が値段以上でした。コスパは良いと思います。,5,2026-03-03 08:40:41 UTC,ミク,velvet-stretch-neck-knit-2@example.invalid,8926407196899,velvet-stretch-neck-knitted-dress,,
購入を迷っている方へ,レビューが少なくて少し迷ったのですが、思いきって注文しました。届いて袋から出してまず思ったのが、リボンの位置が絶妙 ということ。155cmでSを着用していて、着丈52cm・胸囲82cmは表記とほぼ同じでした。羽織りとも相性いい。強いて言えば、色は画面で見るより少し落ち着いて見えます。満足しています。,5,2026-03-16 17:06:34 UTC,セナ,long-confession-bow-t-sh-1@example.invalid,8926405591267,long-confession-bow-t-shirt,,
参考までに,157cm、普段Mサイズです。この商品もMで、着丈53cm・胸囲86cmはほぼ表記どおりでした。迷ったら表記どおりで大丈夫だと思います。スカートと合わせると女っぽくなる。,5,2026-04-05 17:44:13 UTC,ここ,long-confession-bow-t-sh-2@example.invalid,8926405591267,long-confession-bow-t-shirt,,
参考になれば,160cmでMを着用しています。羽織りを足せば長く着られる。リピ確定。,5,2026-04-05 14:22:49 UTC,マナ,college-style-hot-girl-t-1@example.invalid,8926404083939,college-style-hot-girl-tea-break-dress,,
イメージどおり,画面で見るより可愛かったです。一枚で完成する。羽織りを足せば長く着られる。おすすめです。,5,2026-06-10 23:52:43 UTC,N.H,college-style-hot-girl-t-2@example.invalid,8926404083939,college-style-hot-girl-tea-break-dress,,
可愛い,統一感が出る、お気に入りになりました。🫶🥺💕,5,2026-05-02 04:57:52 UTC,Sena,camisole-skirt-two-piece-1@example.invalid,8926399725795,camisole-skirt-two-piece-set-up,,
参考になれば,163cmでMを着用しています。トップスだけでも使える。リピ確定。,5,2026-04-01 07:14:25 UTC,ソラ,camisole-skirt-two-piece-2@example.invalid,8926399725795,camisole-skirt-two-piece-set-up,,
サイズ表どおりでした,162cm、普段Mサイズです。この商品もMで、着丈49cm・ウエスト70cmはほぼ表記どおりでした。普段のサイズで問題なかったです。トップスだけでも使える。,5,2026-03-16 17:37:09 UTC,なな,beaded-camisole-and-skir-1@example.invalid,8926398152931,beaded-camisole-and-skirt-set-up,,
ひと目惚れ,届いた瞬間テンション上がりました、めっちゃ気に入ってる！💗🫶,5,2026-06-30 01:17:48 UTC,ナナ,beaded-camisole-and-skir-2@example.invalid,8926398152931,beaded-camisole-and-skirt-set-up,,
,ライブ用に買いました。一枚で雰囲気が出る。刺繍のおかげで高見えする。タイツで秋冬も。買ってよかったです。🥺,5,2026-05-17 04:48:23 UTC,すみれ,white-cake-puffy-embroid-1@example.invalid,8926396481763,white-cake-puffy-embroidered-skirt,,
写真より良い,画面で見るよりきれいめに見えました。刺繍のおかげで高見えする。一枚で雰囲気が出る。スニーカーでも綺麗めでもいける。期待どおりでした。,5,2026-05-07 08:04:21 UTC,Rio,white-cake-puffy-embroid-2@example.invalid,8926396481763,white-cake-puffy-embroidered-skirt,,
詳しめに書きます,157cmでMを着用しています。スカートと合わせると女っぽくなる。お気に入りになりました。,5,2026-07-22 18:29:00 UTC,Momo,polo-neck-short-sleeved--1@example.invalid,8926395498723,polo-neck-short-sleeved-stretch-panelled-top,,
,前から似たようなものを探していて、写真の雰囲気に惹かれて購入しました。実物を手に取ってみると、作りが丁寧。170cmでLを着用していて、着丈54cm・胸囲90cmは表記とほぼ同じでした。羽織りとも相性いい。満足しています。,5,2026-07-03 11:03:28 UTC,さき,polo-neck-short-sleeved--2@example.invalid,8926395498723,polo-neck-short-sleeved-stretch-panelled-top,,
生地がいい,縫製も雑なところがなかったです。コスパは良いと思います。,5,2026-03-29 21:18:33 UTC,Luna,short-sleeve-college-sui-1@example.invalid,8926394417379,short-sleeve-college-suit-dress-1,,
サイズ迷ってる方へ,170cm、普段Lサイズです。この商品もLで、着丈84cm・ウエスト74cmはほぼ表記どおりでした。サイズ表どおりで選んで問題ないと思います。,5,2026-07-06 09:00:29 UTC,コハル,short-sleeve-college-sui-2@example.invalid,8926394417379,short-sleeve-college-suit-dress-1,,
サイズ感の参考に,157cm、普段Sサイズです。この商品もSで、着丈52cm・胸囲82cmはほぼ表記どおりでした。サイズ表どおりで選んで問題ないと思います。,5,2026-04-10 05:20:07 UTC,ミナ💕,flower-embroidery-camiso-1@example.invalid,8926391271651,flower-embroidery-camisole-top,,
コスパ良し,刺繍が丁寧。薄すぎず、ちゃんとした作りでした。この値段でこの質感なら十分満足です。,5,2026-07-25 14:32:19 UTC,K,flower-embroidery-camiso-2@example.invalid,8926391271651,flower-embroidery-camisole-top,,
,スカートと合わせると女っぽくなる。一枚で決まる。着回しが効くので買ってよかったです。,5,2026-05-09 09:28:01 UTC,すみれ,solid-color-backless-str-1@example.invalid,8926386225379,solid-color-backless-strappy-vest-top,,
可愛い,一枚で決まる！！🎀,5,2026-06-01 02:41:55 UTC,K,solid-color-backless-str-2@example.invalid,8926386225379,solid-color-backless-strappy-vest-top,,
お気に入り,161cmでMを着用しています。ヒールで綺麗めに。また買います。,5,2026-06-06 18:55:50 UTC,S.Y,pocket-blue-pants-1@example.invalid,8926372593891,pocket-blue-pants,,
期待以上でした,画面で見るよりしっかりしてました。動きやすい。また利用します。,5,2026-04-15 15:59:34 UTC,カレン,pocket-blue-pants-2@example.invalid,8926372593891,pocket-blue-pants,,
思ったよりしっかりしてる,生地がしっかりしていて安っぽくないです。この値段でこの質感なら十分満足です。,5,2026-04-09 12:33:51 UTC,なな,two-piece-cherry-bandeau-1@example.invalid,8926368825571,two-piece-cherry-bandeau-camisole-set-up,,
,思っていたより可愛かったです。統一感が出る。小物で印象が変わる。満足しています。,5,2026-03-21 02:37:48 UTC,ホノカ,two-piece-cherry-bandeau-2@example.invalid,8926368825571,two-piece-cherry-bandeau-camisole-set-up,,
サイズ感の参考に,162cm、普段Mサイズです。この商品もMで、着丈53cm・胸囲86cmはほぼ表記どおりでした。きれいに沿う。サイズ表どおりで選んで問題ないと思います。羽織りとも相性いい。,5,2026-06-30 08:48:24 UTC,ここ,crew-neck-tomato-slim-t--1@example.invalid,8926280679651,crew-neck-tomato-slim-t-shirt,,
,合わせやすい。きれいに沿う。期待どおりでした。,5,2026-05-04 08:50:03 UTC,あかり,crew-neck-tomato-slim-t--2@example.invalid,8926280679651,crew-neck-tomato-slim-t-shirt,,
出番多そう,夏フェスで着ました。腰まわりが楽。ヒールで綺麗めに。,5,2026-07-16 01:17:09 UTC,non,white-layered-wide-leg-p-1@example.invalid,8926277402851,white-layered-wide-leg-pants,,
,前に買って良かったのでまた買いました。今回はホワイトにしました。カジュアルすぎず履ける。何回買っても満足してます。,5,2026-03-06 08:47:42 UTC,ソラ,white-layered-wide-leg-p-2@example.invalid,8926277402851,white-layered-wide-leg-pants,,
買ってよかった,写真撮るとき用に。一枚で雰囲気が出る。リボンの位置が絶妙。シンプルなトップスで十分。また利用します。🥺,5,2026-06-09 01:13:39 UTC,コハル,college-check-bow-midi-s-1@example.invalid,8926275666147,college-check-bow-midi-skirt,,
,一枚で雰囲気が出る。リボンの位置が絶妙。買ってよかったです。,5,2026-05-25 07:37:55 UTC,ソラ,college-check-bow-midi-s-2@example.invalid,8926275666147,college-check-bow-midi-skirt,,
購入を迷っている方へ,前から似たようなものを探していて、写真の雰囲気に惹かれて購入しました。写真では分かりませんでしたが、肩の出方がちょうどいい。165cmでMを着用していて、着丈53cm・胸囲86cmは表記とほぼ同じでした。スカートと合わせると女っぽくなる。長く着られそうです。,5,2026-06-19 10:04:17 UTC,シオリ,premium-off-shoulder-lon-1@example.invalid,8926274519267,premium-off-shoulder-long-sleeve-top,,
サイズ表どおりでした,162cm、普段Mサイズです。この商品もMで、着丈53cm・胸囲86cmはほぼ表記どおりでした。普段のサイズで問題なかったです。羽織りとも相性いい。,5,2026-05-12 13:45:24 UTC,アカリ✨,premium-off-shoulder-lon-2@example.invalid,8926274519267,premium-off-shoulder-long-sleeve-top,,
ひと目惚れ,可愛すぎる、レースが上品、リピ確定！💕✨🎀,5,2026-04-24 21:38:50 UTC,Luna,slim-flower-lace-camisol-1@example.invalid,8926266327267,slim-flower-lace-camisole-set-up,,
買ってよかった,デート用に。迷わず着られる。花柄が上品。セットで着ると一気にまとまる。また利用します。,5,2026-06-28 15:36:39 UTC,モモ,slim-flower-lace-camisol-2@example.invalid,8926266327267,slim-flower-lace-camisole-set-up,,
神,首まわりがすっきり〜！✨,5,2026-06-27 23:05:52 UTC,Sena,summer-halter-dress-1@example.invalid,8926261149923,summer-halter-dress,,
コーデしやすい,羽織りを足せば長く着られる。首まわりがすっきり。スタイルよく見える。一枚あると便利だと思います。🙆‍♀️,5,2026-06-20 11:14:49 UTC,ナナ,summer-halter-dress-2@example.invalid,8926261149923,summer-halter-dress,,
,162cmでLを着用しています。ハイウエストと合わせてます。大満足。,5,2026-05-05 18:35:35 UTC,ユイ,chic-beaded-camisole-top-1@example.invalid,8926253940963,chic-beaded-camisole-top,,
,インナーにも一枚でも使える、色違いも欲しい！🌸,5,2026-06-19 03:19:10 UTC,ちひろ,chic-beaded-camisole-top-2@example.invalid,8926253940963,chic-beaded-camisole-top,,
,腰まわりが楽。ゆるっと着られる。期待どおりでした。,5,2026-07-17 09:51:19 UTC,A.T,luxe-loose-leg-sports-pa-1@example.invalid,8923988426979,luxe-loose-leg-sports-pants,,
ひと目惚れ,写真どおりで感動、大満足！🎀😍💕,5,2026-06-06 08:04:32 UTC,カレン,luxe-loose-leg-sports-pa-2@example.invalid,8923988426979,luxe-loose-leg-sports-pants,,
コーデしやすい,デニムに合わせてます。合わせやすい。グレーを選びましたが手持ちと合わせやすいです。出番が多くなりそうです。,5,2026-08-04 22:43:31 UTC,mii,sweet-graffiti-slim-fit--1@example.invalid,8923375501539,sweet-graffiti-slim-fit-top,,
出番多そう,デート用に。顔まわりが明るく見える。デニムに合わせてます。,5,2026-04-24 21:09:55 UTC,もも,sweet-graffiti-slim-fit--2@example.invalid,8923375501539,sweet-graffiti-slim-fit-top,,
,着回しが効く。期待どおりでした。,5,2026-03-14 04:59:23 UTC,エマ,summer-cat-tee-1@example.invalid,8923368030435,summer-cat-tee,,
ひと目惚れ,写真どおりで感動、リピ確定！☺️🥺🫶,5,2026-07-10 05:11:21 UTC,K,summer-cat-tee-2@example.invalid,8923368030435,summer-cat-tee,,
,薄すぎず、ちゃんとした作りでした。この値段でこの質感なら十分満足です。,5,2026-05-10 09:17:47 UTC,R.N,summer-flare-pants-1@example.invalid,8923355250915,summer-flare-pants,,
,前に買って良かったのでまた買いました。今回はレッドにしました。カジュアルすぎず履ける。またリピートすると思います。,5,2026-06-02 11:37:27 UTC,Sena,summer-flare-pants-2@example.invalid,8923355250915,summer-flare-pants,,
長くなりましたが,前から似たようなものを探していて、写真の雰囲気に惹かれて購入しました。届いて袋から出してまず思ったのが、生地はしっかりめのデニム ということ。162cmでLを着用していて、着丈112cm・ウエスト78cmは表記とほぼ同じでした。スニーカーでラフに。長く着られそうです。,5,2026-05-03 10:16:57 UTC,Haruka,vintage-black-lotus-leaf-1@example.invalid,8923354726627,vintage-black-lotus-leaf-jeans,,
可愛すぎる,ひと目惚れして買いました、生地はしっかりめのデニム、色違いも欲しい！😍💕🌸,5,2026-08-06 21:09:25 UTC,ルナ,vintage-black-lotus-leaf-2@example.invalid,8923354726627,vintage-black-lotus-leaf-jeans,,
リピートです,前に買って良かったのでまた買いました。今回はイエローにしました。カジュアルすぎず履ける。またリピートすると思います。,5,2026-07-15 02:02:35 UTC,みお,yellow-summer-work-pants-1@example.invalid,8923352858851,yellow-summer-work-pants,,
買ってよかった,友達の結婚式の二次会に。動きやすい。ヒールで綺麗めに。おすすめです。🫶,5,2026-05-14 06:22:08 UTC,カナ,yellow-summer-work-pants-2@example.invalid,8923352858851,yellow-summer-work-pants,,
生地がいい,薄すぎず、ちゃんとした作りでした。コスパは良いと思います。,5,2026-06-21 21:16:50 UTC,K,summer-waist-sense-dress-1@example.invalid,8923124662499,summer-waist-sense-dress,,
,"◎ スタイルよく見える
△ 色は画面より少し落ち着いてる",5,2026-06-01 06:28:14 UTC,ソラ,summer-waist-sense-dress-2@example.invalid,8923124662499,summer-waist-sense-dress,,
最高,リボンが取り外せたらもっと良かったけど可愛い〜！✨,5,2026-03-02 18:19:29 UTC,ハルカ,lace-bow-camisole-white--1@example.invalid,8923027898595,lace-bow-camisole-white-top,,
,肩紐の位置がいい。リボンが取り外せたらもっと良かったけど可愛い。おすすめです。,5,2026-05-07 10:55:48 UTC,コハル,lace-bow-camisole-white--2@example.invalid,8923027898595,lace-bow-camisole-white-top,,
,"チェックの色合いが落ち着いてる。縫製も雑なところがなかったです。12,860円とは思えないです。",5,2026-05-10 03:59:30 UTC,みな,sexy-cropped-knit-top-wi-1@example.invalid,8923024490723,sexy-cropped-knit-top-with-plaid-corset-set-up,,
買ってよかった,旅行用に買いました。肌ざわりがいい。チェックの色合いが落ち着いてる。ロングスカートと合わせるのが好き。💕☺️,5,2026-05-08 22:00:03 UTC,ミク,sexy-cropped-knit-top-wi-2@example.invalid,8923024490723,sexy-cropped-knit-top-with-plaid-corset-set-up,,
神,丈感がちょうどいい。😍🎀✨,5,2026-05-26 14:58:54 UTC,カレン,copper-umbrella-skirt-1@example.invalid,8921946259683,copper-umbrella-skirt,,
,"◎ 一枚で雰囲気が出る
△ 丈は短めなので好みが分かれそう",5,2026-04-09 23:15:17 UTC,ソラ,copper-umbrella-skirt-2@example.invalid,8921946259683,copper-umbrella-skirt,,
コーデしやすい,羽織りを足せば長く着られる。チェックの色合いが落ち着いてる。一枚で完成する。ブルー×ホワイトチェックを選びましたが手持ちと合わせやすいです。着回しが効くので買ってよかったです。🫧,5,2026-04-28 14:23:05 UTC,Haruka,spicy-plaid-floral-dress-1@example.invalid,8921939575011,spicy-plaid-floral-dress,,
思ったよりしっかりしてる,柄が写真より落ち着いてる。生地がしっかりしていて安っぽくないです。この値段でこの質感なら十分満足です。,5,2026-06-26 00:59:42 UTC,ソラ,spicy-plaid-floral-dress-2@example.invalid,8921939575011,spicy-plaid-floral-dress,,
長くなりましたが,前から似たようなものを探していて、写真の雰囲気に惹かれて購入しました。実物を手に取ってみると、肩が出るぶん華奢に見える。146cmでXSを着用していて、着丈133cm・ウエスト64cmは表記とほぼ同じでした。小物で印象が変わる。満足しています。,5,2026-04-05 23:46:25 UTC,Mina,floral-halter-beach-dres-1@example.invalid,8921932267747,floral-halter-beach-dress,,
,花柄が派手すぎない。157cmでSを着用しています。羽織りを足せば長く着られる。色違いも欲しい。,5,2026-07-31 06:36:31 UTC,ナナ,floral-halter-beach-dres-2@example.invalid,8921932267747,floral-halter-beach-dress,,
着回しやすい,そのままで様になる。レースの透け感が絶妙。スタイルよく見える。ブラックを選びましたが手持ちと合わせやすいです。出番が多くなりそうです。👍,5,2026-04-04 00:43:18 UTC,ミオ,retro-mermaid-lace-cheon-1@example.invalid,8921930858723,retro-mermaid-lace-cheongsam-dress,,
ひと目惚れ,写真どおりで感動、レースの透け感が絶妙、大満足！😍💕,5,2026-03-09 09:38:53 UTC,ノア,retro-mermaid-lace-cheon-2@example.invalid,8921930858723,retro-mermaid-lace-cheongsam-dress,,
,前に買って良かったのでまた買いました。今回はパープルにしました。一枚で完成する。やっぱり間違いないです。,5,2026-07-08 02:05:08 UTC,アヤ,moon-butterfly-halter-dr-1@example.invalid,8921928499427,moon-butterfly-halter-dress,,
期待以上でした,届いてみたら可愛かったです。一枚で完成する。そのままで様になる。また利用します。,5,2026-06-28 01:27:39 UTC,モモ🥺,moon-butterfly-halter-dr-2@example.invalid,8921928499427,moon-butterfly-halter-dress,,
,セールになっていたので思いきって買ってみました。写真では分かりませんでしたが、肩が出るぶん華奢に見える。152cmでSを着用していて、着丈40.5cm・ウエスト62cmは表記とほぼ同じでした。羽織りを足せば長く着られる。また利用します。,5,2026-08-04 21:00:25 UTC,Rio,halter-neck-summer-dress-1@example.invalid,8921921781987,halter-neck-summer-dress,,
まとめると,"◎ 肩が出るぶん華奢に見える
◎ スタイルよく見える",5,2026-05-05 23:29:40 UTC,アカリ,halter-neck-summer-dress-2@example.invalid,8921921781987,halter-neck-summer-dress,,
着回しやすい,トップスだけでも使える。統一感が出る。一枚あると便利だと思います。,5,2026-03-11 08:39:39 UTC,アヤ,spliced-camisole-wide-le-1@example.invalid,8921912377571,spliced-camisole-wide-leg-pants-set-up,,
,単品でも使える。ゆとりがあって楽。また利用します。,5,2026-07-06 11:28:45 UTC,はるか,spliced-camisole-wide-le-2@example.invalid,8921912377571,spliced-camisole-wide-leg-pants-set-up,,
,スニーカーでラフに。生地はしっかりめのデニム。腰まわりが楽。グリーンを選びましたが手持ちと合わせやすいです。着回しが効くので買ってよかったです。✨,5,2026-05-21 22:27:05 UTC,S.Y,camouflage-denim-shorts-1@example.invalid,8921882853603,camouflage-denim-shorts,,
最高でした,可愛すぎる、生地はしっかりめのデニム、また買います！😍🎀🥺,5,2026-05-02 08:55:29 UTC,みお,camouflage-denim-shorts-2@example.invalid,8921882853603,camouflage-denim-shorts,,
,一枚で完成する。花柄が上品。おすすめです。,5,2026-07-29 01:49:59 UTC,ナギサ,summer-floral-stripe-dre-1@example.invalid,8921882394851,summer-floral-stripe-dress,,
お気に入り,花柄が上品。156cmでSを着用しています。そのままで様になる。めっちゃ気に入ってる。,5,2026-04-08 05:57:45 UTC,あかり,summer-floral-stripe-dre-2@example.invalid,8921882394851,summer-floral-stripe-dress,,
写真より良い,届いてみたら上品でした。肩紐の位置がいい。シャツを羽織って抜け感。また利用します。,5,2026-03-28 01:24:41 UTC,もも,sleek-cross-strap-tank-t-1@example.invalid,8921878462691,sleek-cross-strap-tank-top,,
可愛すぎる,可愛すぎる、色違いも欲しい！😍🩷,5,2026-03-28 15:27:25 UTC,ちひろ,sleek-cross-strap-tank-t-2@example.invalid,8921878462691,sleek-cross-strap-tank-top,,
イメージどおり,思っていたより落ち着いた色味でした。レースが安っぽくない。肩紐の位置がいい。長く着られそうです。,5,2026-06-12 12:04:20 UTC,リオ,lace-sheath-tank-1@example.invalid,8921876431075,lace-sheath-tank,,
,肩紐の位置がいい。レースが安っぽくない。すっきり見える。おすすめです。,5,2026-07-13 09:04:02 UTC,ゆきの,lace-sheath-tank-2@example.invalid,8921876431075,lace-sheath-tank,,
お気に入り,肌の見え方が上品。164cmでLを着用しています。スカートと合わせると女っぽくなる。色違いも欲しい。,5,2026-03-21 04:54:04 UTC,サキ,casual-shoulder-cutout-t-1@example.invalid,8921875185891,casual-shoulder-cutout-tee,,
購入を迷っている方へ,セールになっていたので思いきって買ってみました。写真では分かりませんでしたが、デニムが硬すぎない。169cmでXLを選んでちょうどよかったです。羽織りとも相性いい。洗濯は念のためネットに入れています。買ってよかったです。,5,2026-07-23 00:19:58 UTC,mii,casual-shoulder-cutout-t-2@example.invalid,8921875185891,casual-shoulder-cutout-tee,,
思ったよりしっかりしてる,"薄すぎず、ちゃんとした作りでした。9,650円とは思えないです。",5,2026-04-26 00:16:54 UTC,ミナ,a-long-sleeve-polo-vest--1@example.invalid,8867405201635,a-long-sleeve-polo-vest-top-set-up,,
,羽織りとも相性いい。着回しが効く。一枚あると便利だと思います。,5,2026-06-25 09:19:29 UTC,ホノカ,a-long-sleeve-polo-vest--2@example.invalid,8867405201635,a-long-sleeve-polo-vest-top-set-up,,
最高でした,ひと目惚れして買いました、柄の出方がきれい、買ってよかった！🥺😍,5,2026-03-20 01:30:35 UTC,ノア💗,frill-color-checkered-do-1@example.invalid,8866404499683,frill-color-checkered-doll-dress,,
出番多そう,デート用に。一枚で完成する。柄の出方がきれい。羽織りを足せば長く着られる。,5,2026-07-09 03:44:50 UTC,スミレ,frill-color-checkered-do-2@example.invalid,8866404499683,frill-color-checkered-doll-dress,,
詳しめに書きます,安定感がある。155cmでSを着用しています。小物で印象が変わる。めっちゃ気に入ってる。,5,2026-03-26 10:11:17 UTC,エマ,a-orange-vacation-bandea-1@example.invalid,8866400927971,a-orange-vacation-bandeau-dress,,
サイズ感の参考に,159cm、普段Mサイズです。この商品もMで、着丈82cm・ウエスト70cmはほぼ表記どおりでした。普段のサイズで問題なかったです。小物で印象が変わる。,5,2026-05-11 04:06:13 UTC,ホノカ,a-orange-vacation-bandea-2@example.invalid,8866400927971,a-orange-vacation-bandeau-dress,,
色違い購入,色違いでリピしました。今回はブルーにしました。一枚で決まる。柄の出方がきれい。何回買っても満足してます。😊,5,2026-05-21 02:12:48 UTC,アヤ,a-gingham-check-tops-1@example.invalid,8866398798051,a-gingham-check-tops,,
生地がいい,柄の出方がきれい。手に取った質感が値段以上でした。この値段でこの質感なら十分満足です。,5,2026-03-27 18:46:22 UTC,ちー,a-gingham-check-tops-2@example.invalid,8866398798051,a-gingham-check-tops,,
,スタイルよく見える、リピ確定！！😍💕🥺,5,2026-05-27 10:56:42 UTC,ミオ,a-suspender-dress-1@example.invalid,8866395160803,a-suspender-dress,,
思ったよりしっかりしてる,"手に取った質感が値段以上でした。4,000円とは思えないです。",5,2026-07-30 20:44:22 UTC,アヤ,a-suspender-dress-2@example.invalid,8866395160803,a-suspender-dress,,
出番多そう,友達の結婚式の二次会に。羽織るだけで決まる。透け感は控えめ。中がシンプルでも決まる。,5,2026-05-20 02:25:22 UTC,ノア,a-chiffon-cardigan-1-1@example.invalid,8866303541475,a-chiffon-cardigan-1,,
詳しめに書きます,透け感は控えめ。157cmでMを着用しています。丈短めのトップスと相性いい。色違いも欲しい。,5,2026-05-30 13:12:13 UTC,Rio,a-chiffon-cardigan-1-2@example.invalid,8866303541475,a-chiffon-cardigan-1,,
